#task_id,task_type,worker_rank,timeout,overhead,inv,max,level,outcome,rc_num,rc_str,tot_msec_solv,tot_msec_task
4560b59e-75c8-4f95-9c14-79f404081ae8,cnf,2,20.0,0.049685893000003034,True,9,1,UNSAT,20,Minisat220_DoneNormally_UNSAT,18,55
0e22d296-a422-4c61-82bb-3dc35c61755e,cnf,3,20.0,0.04940387300001703,True,9,1,UNSAT,20,Minisat220_DoneNormally_UNSAT,22,59
fa1b6959-010f-48c8-a3fc-cc8879ea0e07,cnf,4,20.0,0.05044108299995287,True,9,1,UNSAT,20,Minisat220_DoneNormally_UNSAT,16,60
3b016e22-dc22-4940-94ea-c67a28d17c42,cnf,5,20.0,0.051082022999992205,True,9,1,UNSAT,20,Minisat220_DoneNormally_UNSAT,23,61
5413ffb4-87c6-45c3-970a-76b34b663204,cnf,7,20.0,0.04996325299998716,True,9,1,UNSAT,20,Minisat220_DoneNormally_UNSAT,21,60
ec504dcd-0149-4a50-94cf-c63ecb8d78ee,cnf,9,20.0,0.05023316199998362,True,9,1,UNSAT,20,Minisat220_DoneNormally_UNSAT,19,60
4709cce9-f957-4c84-8019-f7afcb8c95e9,cnf,10,20.0,0.050259932000017216,True,9,1,UNSAT,20,Minisat220_DoneNormally_UNSAT,23,60
ec8d5988-1757-4dcb-b5d5-c52e8aa7e8fa,cnf,11,20.0,0.05008463199999369,True,9,1,UNSAT,20,Minisat220_DoneNormally_UNSAT,20,60
3aa1aeb3-24dc-4bba-acb8-20914fa2ee49,cnf,12,20.0,0.05023017199999913,True,9,1,UNSAT,20,Minisat220_DoneNormally_UNSAT,15,60
56d11c8a-2981-4834-b8db-4f89f6a1ee38,cnf,13,20.0,0.05602890299996943,True,9,1,UNSAT,20,Minisat220_DoneNormally_UNSAT,28,66
34583e21-6ae2-4ce9-b850-02c7ae260462,cnf,15,20.0,0.048993653000025006,True,9,1,UNSAT,20,Minisat220_DoneNormally_UNSAT,21,59
e88cfead-248d-439b-acbd-7ff244ffd1e8,cnf,16,20.0,0.04986452299999655,True,9,1,UNSAT,20,Minisat220_DoneNormally_UNSAT,21,60
1e94d301-48af-4d89-8483-68c4637e0097,cnf,18,20.0,0.049447761999999784,True,9,1,UNSAT,20,Minisat220_DoneNormally_UNSAT,22,60
7a221dce-d8dd-4e4e-a28c-2852abecfbc4,cnf,19,20.0,0.05338572199997316,True,9,1,UNSAT,20,Minisat220_DoneNormally_UNSAT,19,64
4ca15b49-d69b-4976-a36d-fd15ad7e709e,cnf,20,20.0,0.06034064200002831,True,9,1,UNSAT,20,Minisat220_DoneNormally_UNSAT,24,71
10beb297-9c81-44fe-b730-d30654f9757c,cnf,21,20.0,0.050242682000032346,True,9,1,UNSAT,20,Minisat220_DoneNormally_UNSAT,18,60
65dede16-1eda-43ba-88d8-4d3aa09fefc1,cnf,22,20.0,0.0612534729999652,True,9,1,UNSAT,20,Minisat220_DoneNormally_UNSAT,21,71
5d4a22a3-698e-48bb-b255-515fff5e5c01,cnf,24,20.0,0.05290617299999667,True,9,1,UNSAT,20,Minisat220_DoneNormally_UNSAT,28,63
d71d3c76-1957-43f9-a734-3b890f4aae40,cnf,25,20.0,0.05136502299995982,True,9,1,UNSAT,20,Minisat220_DoneNormally_UNSAT,19,62
fe2e7fbf-1f05-4640-a05b-f389bcef91f6,cnf,26,20.0,0.050613832999999886,True,9,1,UNSAT,20,Minisat220_DoneNormally_UNSAT,22,61
80e6ef5c-6f14-45a1-ae80-dbf08bd6191e,cnf,27,20.0,0.05084143300001642,True,9,1,UNSAT,20,Minisat220_DoneNormally_UNSAT,20,61
547f3f91-a876-484a-9612-a5e5dd6fc3c0,cnf,28,20.0,0.049764523000021654,True,9,1,UNSAT,20,Minisat220_DoneNormally_UNSAT,20,60
23afb80c-44e2-4c00-b194-60f02f2be00f,cnf,29,20.0,0.0540143819999912,True,9,1,UNSAT,20,Minisat220_DoneNormally_UNSAT,21,64
4855c794-0df6-4fcc-b4fc-0becd3bea14d,cnf,30,20.0,0.051335841999957665,True,9,1,UNSAT,20,Minisat220_DoneNormally_UNSAT,20,61
83ca5d3d-7c0f-4726-9776-9fa0cb8ee663,cnf,31,20.0,0.04932922200003986,True,9,1,UNSAT,20,Minisat220_DoneNormally_UNSAT,25,59
8ac4a636-b8d3-4db4-8f8c-cd8e659ee60d,cnf,33,20.0,0.06248027300000558,True,9,1,UNSAT,20,Minisat220_DoneNormally_UNSAT,22,73
d114f3d8-9285-4e0d-803b-33620d412239,cnf,35,20.0,0.05102681199997505,True,9,1,UNSAT,20,Minisat220_DoneNormally_UNSAT,21,61
4a80b504-cf60-4185-828c-4a48d255cc9e,cnf,36,20.0,0.05362058299999717,True,9,1,UNSAT,20,Minisat220_DoneNormally_UNSAT,26,64
635fe3aa-826c-4dad-9967-f21791238748,cnf,37,20.0,0.04937010300000111,True,9,1,UNSAT,20,Minisat220_DoneNormally_UNSAT,20,59
fc16a1b5-17cc-4d1d-9c2e-73b361a63c4c,cnf,38,20.0,0.053756852999981675,True,9,1,UNSAT,20,Minisat220_DoneNormally_UNSAT,23,64
da433a9d-a7c8-4e0a-b1cf-cccb5adc89c1,cnf,39,20.0,0.050182732999985546,True,9,1,UNSAT,20,Minisat220_DoneNormally_UNSAT,22,60
e64681f6-5581-4874-b4f9-3ab2781c6182,cnf,40,20.0,0.05395436300000256,True,9,1,UNSAT,20,Minisat220_DoneNormally_UNSAT,26,64
f85da82a-e48e-4a16-8dbb-92d18f5eaefc,cnf,41,20.0,0.054804391999994095,True,9,1,UNSAT,20,Minisat220_DoneNormally_UNSAT,19,65
05da950f-cbaf-4c94-8309-99b2a3cd34c6,cnf,42,20.0,0.05160758199997417,True,9,1,UNSAT,20,Minisat220_DoneNormally_UNSAT,17,62
3d262c94-d358-4fb5-8cfc-3798169b59fe,cnf,43,20.0,0.05017023199997084,True,9,1,UNSAT,20,Minisat220_DoneNormally_UNSAT,23,61
3fd89082-750b-4da9-96f1-94ffca148ab5,cnf,44,20.0,0.049317391999977644,True,9,1,UNSAT,20,Minisat220_DoneNormally_UNSAT,21,60
12b79fc2-bae1-4c7e-b3aa-26cf509bccde,cnf,45,20.0,0.0507558529999983,True,9,1,UNSAT,20,Minisat220_DoneNormally_UNSAT,24,61
4e3dda33-bb6f-4a94-8a4c-1232afeb9856,cnf,46,20.0,0.049826622000011866,True,9,1,UNSAT,20,Minisat220_DoneNormally_UNSAT,16,60
1c9f575e-d501-46ce-a23a-6aa6db76d23c,cnf,47,20.0,0.0516890829999852,True,9,1,UNSAT,20,Minisat220_DoneNormally_UNSAT,20,62
f77e7468-ba59-41f1-a231-1c9d07e481a9,cnf,48,20.0,0.050207962999991196,True,9,1,UNSAT,20,Minisat220_DoneNormally_UNSAT,22,60
84a2ff1b-6ea1-41dc-8699-b1866547a154,cnf,49,20.0,0.04951526199999989,True,9,1,UNSAT,20,Minisat220_DoneNormally_UNSAT,22,60
771f43b3-5aeb-4fc6-9a3a-afb20b8ff4c2,cnf,50,20.0,0.04990799199998719,True,9,1,UNSAT,20,Minisat220_DoneNormally_UNSAT,18,60
1250b0a2-37da-4274-a177-cf058a08a3dd,cnf,51,20.0,0.05081588199999487,True,9,1,UNSAT,20,Minisat220_DoneNormally_UNSAT,19,61
38fe7bf6-2717-4495-893d-1a3639d4cb3e,cnf,52,20.0,0.04963254199998346,True,9,1,UNSAT,20,Minisat220_DoneNormally_UNSAT,22,60
52a5232b-f694-4ca0-a8c2-951a30880edc,cnf,53,20.0,0.05039994200001274,True,9,1,UNSAT,20,Minisat220_DoneNormally_UNSAT,15,61
e99fc94a-0d18-406d-9845-49f7b53718d2,cnf,54,20.0,0.056754493000028106,True,9,1,UNSAT,20,Minisat220_DoneNormally_UNSAT,21,67
28057fdb-7c7f-4965-8456-5a7492f57272,cnf,55,20.0,0.05029978299995719,True,9,1,UNSAT,20,Minisat220_DoneNormally_UNSAT,21,60
f6048183-a06f-4347-ba96-a5b8da4bad88,cnf,56,20.0,0.049751662999995006,True,9,1,UNSAT,20,Minisat220_DoneNormally_UNSAT,24,60
6bdbe4a0-6ce6-4d3f-ace5-604fbeb81617,cnf,57,20.0,0.049975063000033515,True,9,1,UNSAT,20,Minisat220_DoneNormally_UNSAT,21,60
15dcc51a-b585-437a-b568-d0491c33f055,cnf,58,20.0,0.051115642000013395,True,9,1,UNSAT,20,Minisat220_DoneNormally_UNSAT,22,61
d1ae7498-7deb-4400-854e-75e834c5eb94,cnf,59,20.0,0.05060405199998286,True,9,1,UNSAT,20,Minisat220_DoneNormally_UNSAT,20,61
bc447105-bf2d-46e2-a819-85a517be1c60,cnf,60,20.0,0.050003141999980016,True,9,1,UNSAT,20,Minisat220_DoneNormally_UNSAT,19,60
b3838d3f-51db-47d2-ba3a-e170033ea248,cnf,61,20.0,0.05028711199997815,True,9,1,UNSAT,20,Minisat220_DoneNormally_UNSAT,23,61
39ab383a-f220-4bc6-b415-8d2fedc25fef,cnf,62,20.0,0.051756642999976066,True,9,1,UNSAT,20,Minisat220_DoneNormally_UNSAT,19,62
11643dc1-326a-4fbe-9ddf-813636baf226,cnf,63,20.0,0.05323884300003101,True,9,1,UNSAT,20,Minisat220_DoneNormally_UNSAT,21,63
b2efdeb5-eba0-4d61-8c13-54bcc73c3d9f,cnf,64,20.0,0.0558589230000166,True,9,1,UNSAT,20,Minisat220_DoneNormally_UNSAT,21,66
45587b41-404f-461e-9eb2-05c64ebcb302,cnf,65,20.0,0.05180738299998211,True,9,1,UNSAT,20,Minisat220_DoneNormally_UNSAT,19,62
cb726eaf-b246-4cc5-b571-4efe73fb31b1,cnf,66,20.0,0.05098382199997786,True,9,1,UNSAT,20,Minisat220_DoneNormally_UNSAT,21,61
2aa3241f-c299-498f-acaf-df4de148c6cf,cnf,67,20.0,0.05195007199995416,True,9,1,UNSAT,20,Minisat220_DoneNormally_UNSAT,20,62
d1c5b1d8-fe48-4264-aa3e-c9d3ffefd52f,cnf,68,20.0,0.05523037199998271,True,9,1,UNSAT,20,Minisat220_DoneNormally_UNSAT,29,66
71257f6a-c9e5-4abe-85ea-5d8a4cef37a5,cnf,69,20.0,0.049909112000023015,True,9,1,UNSAT,20,Minisat220_DoneNormally_UNSAT,20,60
b16fdda3-c3fa-46ad-ba90-d4e3de4c2037,cnf,70,20.0,0.05138007200002903,True,9,1,UNSAT,20,Minisat220_DoneNormally_UNSAT,20,62
6163323f-411c-4090-9d88-2ef98568978c,cnf,71,20.0,0.050337993000027836,True,9,1,UNSAT,20,Minisat220_DoneNormally_UNSAT,20,61
33db1202-1a9d-43b0-ac39-ab4e2803068d,cnf,72,20.0,0.05356858300001477,True,9,1,UNSAT,20,Minisat220_DoneNormally_UNSAT,24,64
61ec6003-9600-4bbe-b511-b20936f0b5e4,cnf,73,20.0,0.06252624300003617,True,9,1,UNSAT,20,Minisat220_DoneNormally_UNSAT,20,73
747519a9-91ab-44b1-bc65-81f220b01f9f,cnf,74,20.0,0.05121965199998613,True,9,1,UNSAT,20,Minisat220_DoneNormally_UNSAT,17,61
933c8af0-c4b9-4cca-bc9e-587e773f5b1c,cnf,75,20.0,0.05111064200002602,True,9,1,UNSAT,20,Minisat220_DoneNormally_UNSAT,19,61
87ca7494-ba0c-45f7-aabf-3e721348968e,cnf,76,20.0,0.04988325200002919,True,9,1,UNSAT,20,Minisat220_DoneNormally_UNSAT,19,60
8b5a4be6-611f-41ec-a64d-1b37ef46b1d1,cnf,77,20.0,0.049575931999982004,True,9,1,UNSAT,20,Minisat220_DoneNormally_UNSAT,20,60
6c33b7be-df08-4ff2-8534-a62451facd5d,cnf,78,20.0,0.058692773000018406,True,9,1,UNSAT,20,Minisat220_DoneNormally_UNSAT,22,69
03da7443-78dd-49c5-910f-b3368e77221d,cnf,79,20.0,0.05020510200000672,True,9,1,UNSAT,20,Minisat220_DoneNormally_UNSAT,21,61
0c035d28-e740-4e54-9f3f-4245fb1ab41d,cnf,80,20.0,0.05198908299996674,True,9,1,UNSAT,20,Minisat220_DoneNormally_UNSAT,18,62
aa1c45c4-79fc-442c-a8cb-aa88776535a7,cnf,81,20.0,0.05302585300000828,True,9,1,UNSAT,20,Minisat220_DoneNormally_UNSAT,23,63
31be565e-219b-4db8-92f9-c9688624f890,cnf,82,20.0,0.05246916199996576,True,9,1,UNSAT,20,Minisat220_DoneNormally_UNSAT,25,63
21d3e1f1-d502-4787-89c0-470e061112e7,cnf,83,20.0,0.05315587299998015,True,9,1,UNSAT,20,Minisat220_DoneNormally_UNSAT,18,63
cc11cd39-f336-48fc-9ea1-371911dfe10a,cnf,84,20.0,0.049993831999984195,True,9,1,UNSAT,20,Minisat220_DoneNormally_UNSAT,22,60
6667478f-ab98-415c-b4ff-2e08bd8b6158,cnf,85,20.0,0.04929574199996978,True,9,1,UNSAT,20,Minisat220_DoneNormally_UNSAT,23,60
a5ff6204-c18f-40d3-966b-468f217f6ea2,cnf,86,20.0,0.04952520199998389,True,9,1,UNSAT,20,Minisat220_DoneNormally_UNSAT,22,60
c23f95cc-ba1d-4d7c-9881-0b8c72f83b99,cnf,87,20.0,0.05211909199999809,True,9,1,UNSAT,20,Minisat220_DoneNormally_UNSAT,18,63
a49ba83f-8d17-45af-b4e3-6e487e738f96,cnf,88,20.0,0.0643519930000025,True,9,1,UNSAT,20,Minisat220_DoneNormally_UNSAT,25,75
8c0c34b9-f56c-4774-95c0-a0f88d851784,cnf,89,20.0,0.05328336299999137,True,9,1,UNSAT,20,Minisat220_DoneNormally_UNSAT,23,64
19bd7767-d06b-443f-b5a4-33410f0f604f,cnf,90,20.0,0.05693767299999308,True,9,1,UNSAT,20,Minisat220_DoneNormally_UNSAT,19,67
915b1b89-bd28-4048-b3fc-942d4436efd7,cnf,91,20.0,0.05796175199998288,True,9,1,UNSAT,20,Minisat220_DoneNormally_UNSAT,23,68
39476a76-5479-4393-a0b7-8bc0c7b3b5eb,cnf,92,20.0,0.06681991300001755,True,9,1,UNSAT,20,Minisat220_DoneNormally_UNSAT,25,77
135a5e5c-1dcb-452c-8aff-a87fb8a4d27d,cnf,93,20.0,0.06427059300000337,True,9,1,UNSAT,20,Minisat220_DoneNormally_UNSAT,27,75
499263b4-9b15-4e77-89c6-248918662540,cnf,94,20.0,0.05268844199997602,True,9,1,UNSAT,20,Minisat220_DoneNormally_UNSAT,22,63
330d9a5e-dfbf-48e1-9285-44d9f662e6dc,cnf,95,20.0,0.051894632000028196,True,9,1,UNSAT,20,Minisat220_DoneNormally_UNSAT,20,62
c6610dd8-4ae3-44e0-a829-e89e8158c082,cnf,96,20.0,0.060266732999991746,True,9,1,UNSAT,20,Minisat220_DoneNormally_UNSAT,21,71
8acc6058-7e59-4377-b0cd-878c4d51e557,cnf,97,20.0,0.05125376299997697,True,9,1,UNSAT,20,Minisat220_DoneNormally_UNSAT,21,62
f60e2bdf-a2eb-4a0e-a94a-30916ebb70ec,cnf,98,20.0,0.05079912299999023,True,9,1,UNSAT,20,Minisat220_DoneNormally_UNSAT,20,61
4e64d006-533c-402e-b011-4c32a131c181,cnf,99,20.0,0.05028858300005368,True,9,1,UNSAT,20,Minisat220_DoneNormally_UNSAT,21,61
c0349513-c753-429c-8603-80392cbb71b7,cnf,100,20.0,0.05045183300001099,True,9,1,UNSAT,20,Minisat220_DoneNormally_UNSAT,22,61
3de6ba05-35ee-4165-bb3a-30092d2a6258,cnf,101,20.0,0.0511709620000147,True,9,1,UNSAT,20,Minisat220_DoneNormally_UNSAT,20,62
04d8c51a-3f99-4efc-a597-a9b2d5533b29,cnf,102,20.0,0.05036778200002345,True,9,1,UNSAT,20,Minisat220_DoneNormally_UNSAT,25,61
6ae6660d-45bb-4d2e-aff4-0b3a1538922b,cnf,103,20.0,0.05043633200000386,True,9,1,UNSAT,20,Minisat220_DoneNormally_UNSAT,20,61
df64c5d7-941b-4f28-82db-baa8ce769db6,cnf,104,20.0,0.05231833199997027,True,9,1,UNSAT,20,Minisat220_DoneNormally_UNSAT,19,63
53895e17-0e0e-4ecf-acb8-8aaf76aee89b,cnf,105,20.0,0.05019735299998729,True,9,1,UNSAT,20,Minisat220_DoneNormally_UNSAT,20,61
ed65e07d-b9c8-481f-ac87-3076d47f1ea5,cnf,106,20.0,0.05189884300000358,True,9,1,UNSAT,20,Minisat220_DoneNormally_UNSAT,21,62
5d2ed594-a35f-4a50-a9f0-b4018557ba38,cnf,107,20.0,0.04990130300001283,True,9,1,UNSAT,20,Minisat220_DoneNormally_UNSAT,21,60
c770769d-1493-4a3e-bb50-949e4029ca41,cnf,108,20.0,0.0563850030000026,True,9,1,UNSAT,20,Minisat220_DoneNormally_UNSAT,24,67
5c426f1d-be6b-47eb-9dde-13b83636d25a,cnf,109,20.0,0.05181665200001362,True,9,1,UNSAT,20,Minisat220_DoneNormally_UNSAT,21,62
cfc79b62-fb5c-4a22-8ce3-d3d99c6307ac,cnf,110,20.0,0.05070920199995044,True,9,1,UNSAT,20,Minisat220_DoneNormally_UNSAT,14,61
3137742a-3cdd-41de-8d03-9c25e5db49a7,cnf,111,20.0,0.05227980199998683,True,9,1,UNSAT,20,Minisat220_DoneNormally_UNSAT,21,63
2b313d40-178f-4ef3-9b17-61924b7dcd33,cnf,112,20.0,0.05122932199998331,True,9,1,UNSAT,20,Minisat220_DoneNormally_UNSAT,23,62
722bec11-2be6-4905-a13a-cc89c1017536,cnf,113,20.0,0.05373516299999892,True,9,1,UNSAT,20,Minisat220_DoneNormally_UNSAT,27,64
6b854527-0b02-4c7c-80d4-e2008f54d6ba,cnf,114,20.0,0.05004050200000165,True,9,1,UNSAT,20,Minisat220_DoneNormally_UNSAT,20,60
79ea4c32-d0c3-44db-91d0-e017ca364ed2,cnf,115,20.0,0.051582802999973865,True,9,1,UNSAT,20,Minisat220_DoneNormally_UNSAT,18,62
93fc409d-9ef2-40d0-a0ff-19a015e9edf6,cnf,116,20.0,0.05083534300001702,True,9,1,UNSAT,20,Minisat220_DoneNormally_UNSAT,21,61
3564c2ed-dd74-4799-8ef5-2c4902f9dc00,cnf,117,20.0,0.05086694300001682,True,9,1,UNSAT,20,Minisat220_DoneNormally_UNSAT,20,61
f64f0fb8-7d63-42dc-83c5-1a87f9a946f1,cnf,118,20.0,0.05115166199999521,True,9,1,UNSAT,20,Minisat220_DoneNormally_UNSAT,23,62
9238f11c-b183-4684-b478-c980e9eb2e84,cnf,119,20.0,0.050029612000003,True,9,1,UNSAT,20,Minisat220_DoneNormally_UNSAT,19,60
2922898d-45ab-456f-9004-89d26b7deead,cnf,120,20.0,0.050824441999964165,True,9,1,UNSAT,20,Minisat220_DoneNormally_UNSAT,20,61
50cee696-240d-4f08-9f55-6b91bc7a29fe,cnf,121,20.0,0.05258994299998676,True,9,1,UNSAT,20,Minisat220_DoneNormally_UNSAT,22,63
9adda156-9331-4a8a-b2fd-8a270f61f231,cnf,122,20.0,0.055180843000016466,True,9,1,UNSAT,20,Minisat220_DoneNormally_UNSAT,21,66
36b63f8c-7174-4df0-b7dd-74b6ce44c644,cnf,123,20.0,0.05001871199999641,True,9,1,UNSAT,20,Minisat220_DoneNormally_UNSAT,19,60
7b10d4e8-a47e-4770-aa02-6d4779903621,cnf,124,20.0,0.050764813000000686,True,9,1,UNSAT,20,Minisat220_DoneNormally_UNSAT,19,61
2531cf02-9b4e-4258-98fe-ce632b8924b7,cnf,125,20.0,0.05533064299999069,True,9,1,UNSAT,20,Minisat220_DoneNormally_UNSAT,20,66
7257de19-4e6c-4d27-a946-fb132083c3ff,cnf,126,20.0,0.05409629199999699,True,9,1,UNSAT,20,Minisat220_DoneNormally_UNSAT,26,64
660c7852-c126-487b-b2f6-a4c6fe11739b,cnf,127,20.0,0.050569702000018424,True,9,1,UNSAT,20,Minisat220_DoneNormally_UNSAT,23,61
6d44c71e-a2e8-49c4-80f6-c58f28733742,cnf,1,20.0,0.06928224399996452,False,9,1,UNSAT,20,Minisat220_DoneNormally_UNSAT,44,94
7ac09a8a-6cef-42ea-8a89-8cfbed6eab89,cnf,1,20.0,0.04915337299996736,True,9,1,UNSAT,20,Minisat220_DoneNormally_UNSAT,20,59
7214eac6-5825-47d2-b21e-0960801d8718,cnf,2,20.0,0.04901534199996149,True,9,1,UNSAT,20,Minisat220_DoneNormally_UNSAT,22,59
2ba4a1ed-de23-4c2e-852c-df78ff7b9bb7,cnf,3,20.0,0.04835804200001803,True,9,1,UNSAT,20,Minisat220_DoneNormally_UNSAT,21,58
dac07e03-1b5a-40c3-b36d-91f12f038368,cnf,4,20.0,0.05136330199997019,True,9,1,UNSAT,20,Minisat220_DoneNormally_UNSAT,22,61
5db41d3a-4b70-47cb-ab26-621dacd12df8,cnf,5,20.0,0.05009818199999927,True,9,1,UNSAT,20,Minisat220_DoneNormally_UNSAT,19,60
97a01623-159d-4153-afa2-384016b81c8c,cnf,6,20.0,0.05523225199999615,True,9,1,UNSAT,20,Minisat220_DoneNormally_UNSAT,22,65
e4a04da7-ff49-4e73-9c4a-c2e63afccddd,cnf,7,20.0,0.04853429299998879,True,9,1,UNSAT,20,Minisat220_DoneNormally_UNSAT,24,59
b5b620cc-8c46-4d92-a72f-b620dd64eb13,cnf,9,20.0,0.04987857300000087,True,9,1,UNSAT,20,Minisat220_DoneNormally_UNSAT,22,60
b72d6b2e-8fbe-4b36-9161-92944879062a,cnf,10,20.0,0.0491095029999542,True,9,1,UNSAT,20,Minisat220_DoneNormally_UNSAT,19,59
25f625b9-c239-4df2-babe-e2c64e104616,cnf,11,20.0,0.050738751999972465,True,9,1,UNSAT,20,Minisat220_DoneNormally_UNSAT,23,61
62105065-8e8e-4924-bf9c-93e4ab1372ca,cnf,12,20.0,0.049602972999991835,True,9,1,UNSAT,20,Minisat220_DoneNormally_UNSAT,22,60
4e9198d9-52cb-4196-8e3f-04ce2251cd27,cnf,13,20.0,0.05059587199997395,True,9,1,UNSAT,20,Minisat220_DoneNormally_UNSAT,22,61
cdeb3eb3-781b-4d3c-951c-32a6a641ed14,cnf,14,20.0,0.049033472000019174,True,9,1,UNSAT,20,Minisat220_DoneNormally_UNSAT,20,59
bac2e1c0-8d08-413e-8db9-dc9e47979ce1,cnf,15,20.0,0.05036081200000808,True,9,1,UNSAT,20,Minisat220_DoneNormally_UNSAT,19,60
e39fe0de-63d3-4362-b96c-5358e0ed4c59,cnf,16,20.0,0.04870550200001844,True,9,1,UNSAT,20,Minisat220_DoneNormally_UNSAT,21,59
445cab09-5999-47c6-b038-3b6976ab9eee,cnf,17,20.0,0.054794592999996894,True,9,1,UNSAT,20,Minisat220_DoneNormally_UNSAT,21,65
b3fbe080-bfce-4f0d-bec7-86426078db90,cnf,18,20.0,0.048985883000000285,True,9,1,UNSAT,20,Minisat220_DoneNormally_UNSAT,18,59
3aab3d50-bb66-4830-a8c6-f3c6dccebdb7,cnf,19,20.0,0.0493972130000202,True,9,1,UNSAT,20,Minisat220_DoneNormally_UNSAT,20,59
92d8ead7-6e68-4b3c-9835-b9e7eb08b48f,cnf,20,20.0,0.05740787199999886,True,9,1,UNSAT,20,Minisat220_DoneNormally_UNSAT,22,68
b6e0e275-fd2f-4bb7-8404-07aed3ca224d,cnf,21,20.0,0.049524673000007624,True,9,1,UNSAT,20,Minisat220_DoneNormally_UNSAT,18,60
ebe683ba-da92-4986-aa02-8cca894d5600,cnf,22,20.0,0.04886491300004536,True,9,1,UNSAT,20,Minisat220_DoneNormally_UNSAT,21,59
f2890964-4e17-49bd-bba6-b5faa6febfcf,cnf,23,20.0,0.06051073300000098,True,9,1,UNSAT,20,Minisat220_DoneNormally_UNSAT,31,71
9bcbcd7b-ef2b-4ea5-a1cf-a0e2a827ddc0,cnf,24,20.0,0.0488465419999784,True,9,1,UNSAT,20,Minisat220_DoneNormally_UNSAT,23,59
e8ac20fd-c2ef-442d-9192-784c2034ca95,cnf,25,20.0,0.0503528620000111,True,9,1,UNSAT,20,Minisat220_DoneNormally_UNSAT,21,61
827ea802-6235-4b59-a541-7381255e8a0b,cnf,26,20.0,0.04825022199997875,True,9,1,UNSAT,20,Minisat220_DoneNormally_UNSAT,25,58
54e72c02-bcbd-4d38-a05e-138f94c2ce49,cnf,27,20.0,0.04922364200001539,True,9,1,UNSAT,20,Minisat220_DoneNormally_UNSAT,22,59
e7a137ec-8ea7-4f8d-8be5-ef3620e2277a,cnf,28,20.0,0.04905940300000111,True,9,1,UNSAT,20,Minisat220_DoneNormally_UNSAT,20,59
4066c225-4c10-4e4e-875b-3afba7c62d74,cnf,29,20.0,0.05326610200000914,True,9,1,UNSAT,20,Minisat220_DoneNormally_UNSAT,19,63
987d5321-853a-47ef-bfed-818e6811183f,cnf,30,20.0,0.04953253200000063,True,9,1,UNSAT,20,Minisat220_DoneNormally_UNSAT,23,60
7516f940-9791-4016-964d-b73c4b476168,cnf,31,20.0,0.051559032000000116,True,9,1,UNSAT,20,Minisat220_DoneNormally_UNSAT,22,62
af9a3252-e73d-4ecd-a7d5-7043cfee26b5,cnf,32,20.0,0.05950891300000194,True,9,1,UNSAT,20,Minisat220_DoneNormally_UNSAT,21,70
df777b36-df51-4002-977d-dc51a1cbd41a,cnf,33,20.0,0.058541493000006994,True,9,1,UNSAT,20,Minisat220_DoneNormally_UNSAT,27,69
210f7e9b-a8f5-4a06-b7ad-ba31e2751a3a,cnf,34,20.0,0.05126499300001797,True,9,1,UNSAT,20,Minisat220_DoneNormally_UNSAT,22,61
ce580024-14fc-45f4-b48d-3a7093ca21d0,cnf,35,20.0,0.04985794200001692,True,9,1,UNSAT,20,Minisat220_DoneNormally_UNSAT,22,60
1dfb2ac8-c786-42d2-a852-ef2180445342,cnf,36,20.0,0.04942456300000231,True,9,1,UNSAT,20,Minisat220_DoneNormally_UNSAT,20,60
78d618e5-27fa-4c58-8c86-5436eb41a12a,cnf,37,20.0,0.049409232000016345,True,9,1,UNSAT,20,Minisat220_DoneNormally_UNSAT,20,59
f64b2e50-c781-4717-8183-e213c4ddf7d0,cnf,38,20.0,0.0493038029999866,True,9,1,UNSAT,20,Minisat220_DoneNormally_UNSAT,20,59
901260b3-7636-4c7b-af03-ccbe472bb490,cnf,39,20.0,0.04943108300000176,True,9,1,UNSAT,20,Minisat220_DoneNormally_UNSAT,22,60
150757f4-40b3-4ca4-8313-92e58b11890b,cnf,40,20.0,0.04879815200001758,True,9,1,UNSAT,20,Minisat220_DoneNormally_UNSAT,23,59
759ff1d5-f731-452b-8695-ca8626094df2,cnf,41,20.0,0.04915661199999022,True,9,1,UNSAT,20,Minisat220_DoneNormally_UNSAT,19,59
62c73fce-fa12-4b97-aeca-d91b000545e1,cnf,42,20.0,0.048864401999992424,True,9,1,UNSAT,20,Minisat220_DoneNormally_UNSAT,23,59
c540e5b2-9c00-409e-8de5-15f6cbd1dd8c,cnf,43,20.0,0.049434042000029876,True,9,1,UNSAT,20,Minisat220_DoneNormally_UNSAT,23,60
dfba5fb7-d7e3-4636-858c-89b917bb8ffc,cnf,44,20.0,0.04886685200000329,True,9,1,UNSAT,20,Minisat220_DoneNormally_UNSAT,19,59
ba71ac78-f2a6-4d50-9b99-3737576a65c2,cnf,45,20.0,0.04895597299997689,True,9,1,UNSAT,20,Minisat220_DoneNormally_UNSAT,18,59
03aae01b-13e1-4da4-9d0b-a3fcefccebb5,cnf,46,20.0,0.04924258299996609,True,9,1,UNSAT,20,Minisat220_DoneNormally_UNSAT,21,59
24cbf4f5-23b9-4b56-b54b-9113695b7a84,cnf,47,20.0,0.04986939199994822,True,9,1,UNSAT,20,Minisat220_DoneNormally_UNSAT,23,60
894a9004-b422-4f33-a7df-1000ac71a9ad,cnf,48,20.0,0.049428272000000106,True,9,1,UNSAT,20,Minisat220_DoneNormally_UNSAT,20,60
f24113ee-da33-4049-b766-6173d1209f05,cnf,49,20.0,0.04901217200000474,True,9,1,UNSAT,20,Minisat220_DoneNormally_UNSAT,20,59
12cf6af0-2847-4595-925f-17a146a9d44d,cnf,50,20.0,0.04962034200002563,True,9,1,UNSAT,20,Minisat220_DoneNormally_UNSAT,22,60
cf6c3110-8978-46df-86b2-bd0c0c051383,cnf,51,20.0,0.049226521999969464,True,9,1,UNSAT,20,Minisat220_DoneNormally_UNSAT,20,59
e774d6d4-16f9-4626-9534-5f722118bc6a,cnf,52,20.0,0.049130891999993764,True,9,1,UNSAT,20,Minisat220_DoneNormally_UNSAT,18,59
f4bc2d0f-84aa-4949-9b31-99e4a2be1d7d,cnf,53,20.0,0.04893419300003643,True,9,1,UNSAT,20,Minisat220_DoneNormally_UNSAT,20,59
2e63f796-9302-477d-a033-39b11da5d0ad,cnf,54,20.0,0.04924986200001058,True,9,1,UNSAT,20,Minisat220_DoneNormally_UNSAT,20,59
fe3af990-d783-491f-b864-cc0648fbf1fc,cnf,55,20.0,0.049842802000000574,True,9,1,UNSAT,20,Minisat220_DoneNormally_UNSAT,22,60
e74efb84-38ca-4a78-b23f-33c1c739fc37,cnf,56,20.0,0.04984901200003833,True,9,1,UNSAT,20,Minisat220_DoneNormally_UNSAT,23,60
d04df93c-e514-47f9-9374-51e5bb6c3d7f,cnf,57,20.0,0.0498994019999941,True,9,1,UNSAT,20,Minisat220_DoneNormally_UNSAT,21,60
1b62c562-c131-48fa-ba9f-b1bd353366a5,cnf,58,20.0,0.05382000299999845,True,9,1,UNSAT,20,Minisat220_DoneNormally_UNSAT,27,64
dbdc3b45-3899-4f05-974f-2cf36ce87703,cnf,59,20.0,0.04976669199999151,True,9,1,UNSAT,20,Minisat220_DoneNormally_UNSAT,23,60
59d0b1b4-6820-4383-99e9-938a9fc3c6a8,cnf,60,20.0,0.05015372299999399,True,9,1,UNSAT,20,Minisat220_DoneNormally_UNSAT,22,60
50e27d3b-69e2-4448-8109-abdfc5070578,cnf,61,20.0,0.050477542999999514,True,9,1,UNSAT,20,Minisat220_DoneNormally_UNSAT,20,61
4cd4402a-ebf8-4cbb-85c4-a53953ab03eb,cnf,62,20.0,0.0516662830000314,True,9,1,UNSAT,20,Minisat220_DoneNormally_UNSAT,21,62
159680a4-e4ca-431d-8898-2a144f679f70,cnf,63,20.0,0.05738522300003979,True,9,1,UNSAT,20,Minisat220_DoneNormally_UNSAT,22,68
61afe42e-90aa-4450-9931-fe18f61bd6cc,cnf,64,20.0,0.0488811220000116,True,9,1,UNSAT,20,Minisat220_DoneNormally_UNSAT,22,59
04be0c30-dd37-45c3-ac20-78f95eb17cfd,cnf,65,20.0,0.051019332000009854,True,9,1,UNSAT,20,Minisat220_DoneNormally_UNSAT,23,61
0b52cdb7-41a8-4536-ac65-4101a2be272c,cnf,66,20.0,0.049335321999990356,True,9,1,UNSAT,20,Minisat220_DoneNormally_UNSAT,20,60
88d396e5-b0f0-4057-920f-93f28d2dcd71,cnf,67,20.0,0.05964687299996285,True,9,1,UNSAT,20,Minisat220_DoneNormally_UNSAT,20,70
6dd70291-3230-47de-b55c-9e32faa7ce1b,cnf,68,20.0,0.049574763000009625,True,9,1,UNSAT,20,Minisat220_DoneNormally_UNSAT,20,60
47a3c15d-f210-40b2-ad3c-fdd29a088276,cnf,69,20.0,0.04914574200000743,True,9,1,UNSAT,20,Minisat220_DoneNormally_UNSAT,23,59
e286b8fc-3e82-47c2-ba28-ac066976d19d,cnf,70,20.0,0.050129362999996374,True,9,1,UNSAT,20,Minisat220_DoneNormally_UNSAT,19,60
7e256a09-2e33-4068-9b19-6099cbe5b091,cnf,71,20.0,0.04933573300002081,True,9,1,UNSAT,20,Minisat220_DoneNormally_UNSAT,20,60
085b6b5f-97c5-4805-9ba6-5b8eed62e106,cnf,72,20.0,0.050793532999989566,True,9,1,UNSAT,20,Minisat220_DoneNormally_UNSAT,22,61
d91bf672-7d10-40a9-9d8c-3174f6c7bfd3,cnf,73,20.0,0.05932772300002398,True,9,1,UNSAT,20,Minisat220_DoneNormally_UNSAT,25,70
623fa451-e688-4407-9818-976cc3d9d169,cnf,74,20.0,0.048916012000006504,True,9,1,UNSAT,20,Minisat220_DoneNormally_UNSAT,21,59
1324289e-0f68-4e36-8cf2-af1e28fec17f,cnf,75,20.0,0.04975585300002194,True,9,1,UNSAT,20,Minisat220_DoneNormally_UNSAT,23,60
50d8c4fc-cb62-4731-a6a8-a9baeba7edd7,cnf,76,20.0,0.05286954199999627,True,9,1,UNSAT,20,Minisat220_DoneNormally_UNSAT,20,63
9e824e4d-f103-4a4a-8595-57db136058b7,cnf,77,20.0,0.04937190200001851,True,9,1,UNSAT,20,Minisat220_DoneNormally_UNSAT,20,60
0ec9d982-67a5-4228-93d6-b0c2c7a777fa,cnf,78,20.0,0.054899742999964474,True,9,1,UNSAT,20,Minisat220_DoneNormally_UNSAT,26,65
cd1419bf-5d36-41e4-8f4c-df9770940cc9,cnf,79,20.0,0.049052972000026784,True,9,1,UNSAT,20,Minisat220_DoneNormally_UNSAT,19,59
b0e21567-afa6-45bb-a99d-1cefddf44bc2,cnf,80,20.0,0.04989613200001486,True,9,1,UNSAT,20,Minisat220_DoneNormally_UNSAT,19,60
4fee326e-09ec-4d8c-8b72-1880752fcd94,cnf,81,20.0,0.05296076300004415,True,9,1,UNSAT,20,Minisat220_DoneNormally_UNSAT,23,63
5a91a236-fc85-466f-a131-ea7dcb87059e,cnf,82,20.0,0.05072346200000766,True,9,1,UNSAT,20,Minisat220_DoneNormally_UNSAT,23,61
cb6dc4b1-b674-495c-8d5e-44a3134adfc6,cnf,83,20.0,0.04981743299998698,True,9,1,UNSAT,20,Minisat220_DoneNormally_UNSAT,22,60
e0ab00d3-ba05-47e9-989d-1c7a6ced4d6f,cnf,84,20.0,0.05036203200000955,True,9,1,UNSAT,20,Minisat220_DoneNormally_UNSAT,23,61
dab19b8c-6dea-40e8-b4a7-e2c87fd0e899,cnf,85,20.0,0.04924787200002356,True,9,1,UNSAT,20,Minisat220_DoneNormally_UNSAT,22,60
3c72ab68-9669-4073-b8e3-e1bc29e5dd3d,cnf,86,20.0,0.04882449199999428,True,9,1,UNSAT,20,Minisat220_DoneNormally_UNSAT,21,59
20194ee1-38ff-4bf0-94e3-e1c7a20259b8,cnf,87,20.0,0.0506094119999716,True,9,1,UNSAT,20,Minisat220_DoneNormally_UNSAT,21,61
c09a2487-07aa-4b53-8042-ec3b2b5e3c27,cnf,88,20.0,0.05488706299996693,True,9,1,UNSAT,20,Minisat220_DoneNormally_UNSAT,19,65
f63e4234-af76-422b-b270-1511444b559d,cnf,89,20.0,0.0522042820000479,True,9,1,UNSAT,20,Minisat220_DoneNormally_UNSAT,22,62
66717d55-d512-45a8-95ab-4d1c5ba98695,cnf,90,20.0,0.05873227299997552,True,9,1,UNSAT,20,Minisat220_DoneNormally_UNSAT,23,69
1ec4694d-56cd-4006-8c12-cf684718421b,cnf,91,20.0,0.056482533000007606,True,9,1,UNSAT,20,Minisat220_DoneNormally_UNSAT,21,67
15c8f9cd-709f-46ed-b1da-d1c2dc12625a,cnf,92,20.0,0.06026595299999826,True,9,1,UNSAT,20,Minisat220_DoneNormally_UNSAT,30,71
644ca3b1-c586-4388-9add-5db71f30409e,cnf,93,20.0,0.05674201300001869,True,9,1,UNSAT,20,Minisat220_DoneNormally_UNSAT,22,67
3c3bc194-1568-495c-8e98-951a000095b8,cnf,94,20.0,0.05020611300000155,True,9,1,UNSAT,20,Minisat220_DoneNormally_UNSAT,21,60
9951ea55-4c92-47da-a67f-fc89b427185a,cnf,95,20.0,0.04885208300004251,True,9,1,UNSAT,20,Minisat220_DoneNormally_UNSAT,22,59
d124f976-6a69-4979-a68a-c407ca4cc2ee,cnf,96,20.0,0.06262960300000486,True,9,1,UNSAT,20,Minisat220_DoneNormally_UNSAT,28,73
07728954-55ef-422e-bcd8-1b37ab588adc,cnf,97,20.0,0.05146581200000355,True,9,1,UNSAT,20,Minisat220_DoneNormally_UNSAT,22,62
7e03bb8c-1533-4576-99f3-1267859b5bf4,cnf,98,20.0,0.050671301999955176,True,9,1,UNSAT,20,Minisat220_DoneNormally_UNSAT,21,61
feea9e3c-3fff-4ee1-99e4-58237f6b146d,cnf,99,20.0,0.04958641199999647,True,9,1,UNSAT,20,Minisat220_DoneNormally_UNSAT,22,60
520703a3-4f1f-49f3-a6ea-f78ac0fc3668,cnf,100,20.0,0.04956995300000244,True,9,1,UNSAT,20,Minisat220_DoneNormally_UNSAT,19,60
1777ae4f-da0a-4a3a-b44b-64e3c0bccfff,cnf,101,20.0,0.050918772999978046,True,9,1,UNSAT,20,Minisat220_DoneNormally_UNSAT,18,61
6b00b004-150f-4e4d-8146-7c09115737dc,cnf,102,20.0,0.054100613000002795,True,9,1,UNSAT,20,Minisat220_DoneNormally_UNSAT,28,65
87607d17-481a-44c9-9453-2c5dab3aacd3,cnf,103,20.0,0.049708821999956854,True,9,1,UNSAT,20,Minisat220_DoneNormally_UNSAT,22,60
b2aa08bc-064a-4205-8d28-dccf8601cf1a,cnf,104,20.0,0.049933811999949285,True,9,1,UNSAT,20,Minisat220_DoneNormally_UNSAT,17,60
4346a8af-5a14-4d02-b279-7a5a21ea7ca4,cnf,105,20.0,0.05009156200003417,True,9,1,UNSAT,20,Minisat220_DoneNormally_UNSAT,21,60
3c5de485-97cd-46fb-a2ef-bdcb8fc2b25e,cnf,106,20.0,0.05101285199998529,True,9,1,UNSAT,20,Minisat220_DoneNormally_UNSAT,22,61
4b307343-ddf1-419f-9cb2-e0790578024f,cnf,107,20.0,0.04982345199999827,True,9,1,UNSAT,20,Minisat220_DoneNormally_UNSAT,23,60
dcf5724e-c452-49a9-b4cf-f3eb6850a363,cnf,108,20.0,0.05462460300003613,True,9,1,UNSAT,20,Minisat220_DoneNormally_UNSAT,19,65
76302c74-17ba-4c53-8e49-755f665dd34a,cnf,109,20.0,0.05107466300000851,True,9,1,UNSAT,20,Minisat220_DoneNormally_UNSAT,21,61
13b12e00-911a-4d68-9731-b7bef9d37ed9,cnf,110,20.0,0.051032663000000866,True,9,1,UNSAT,20,Minisat220_DoneNormally_UNSAT,23,61
e119733b-d1da-46c4-a90b-ac2d15026bb3,cnf,111,20.0,0.05112690299995393,True,9,1,UNSAT,20,Minisat220_DoneNormally_UNSAT,19,62
0f6454c7-ab79-4efb-bb09-cf91e4641783,cnf,112,20.0,0.049726302999999916,True,9,1,UNSAT,20,Minisat220_DoneNormally_UNSAT,17,60
a55d4a78-609d-4dbd-a1fe-42ce39e3b826,cnf,113,20.0,0.056333772000016324,True,9,1,UNSAT,20,Minisat220_DoneNormally_UNSAT,20,67
ff8748f9-ac92-484e-be92-ad744e1ea9f7,cnf,114,20.0,0.0508511129999647,True,9,1,UNSAT,20,Minisat220_DoneNormally_UNSAT,19,61
11183e60-b2ab-4d06-ae51-d638ca6985e6,cnf,115,20.0,0.04966177199997901,True,9,1,UNSAT,20,Minisat220_DoneNormally_UNSAT,21,60
c9fcef6f-e5c7-43b3-8d40-c32981b596dc,cnf,116,20.0,0.04929944200000591,True,9,1,UNSAT,20,Minisat220_DoneNormally_UNSAT,23,60
36bb54d3-04bf-4bfa-87ec-00ded9f12db4,cnf,117,20.0,0.04926204200000939,True,9,1,UNSAT,20,Minisat220_DoneNormally_UNSAT,22,60
d2236189-d717-4cf4-8ff9-005fa64113f4,cnf,118,20.0,0.04954349199999797,True,9,1,UNSAT,20,Minisat220_DoneNormally_UNSAT,22,60
1ae95a79-b187-4c50-9d82-17b4a52c6628,cnf,119,20.0,0.0492584229999693,True,9,1,UNSAT,20,Minisat220_DoneNormally_UNSAT,20,60
7ec3b22c-8dfe-44e4-8636-19c1c57d6096,cnf,120,20.0,0.05007979299995213,True,9,1,UNSAT,20,Minisat220_DoneNormally_UNSAT,25,61
85ea6cd6-0d31-4493-97b0-61f13534c88b,cnf,121,20.0,0.0515023229999656,True,9,1,UNSAT,20,Minisat220_DoneNormally_UNSAT,25,62
d1a62222-f9b2-4927-93fb-b73f04e921aa,cnf,122,20.0,0.051388341999995646,True,9,1,UNSAT,20,Minisat220_DoneNormally_UNSAT,22,62
3f8e02e7-aebd-4bf2-9ec9-22f1f4bfcdaa,cnf,123,20.0,0.049946562999991784,True,9,1,UNSAT,20,Minisat220_DoneNormally_UNSAT,23,60
a5490cdc-4acb-43da-a384-032abae690f6,cnf,124,20.0,0.05131991199999675,True,9,1,UNSAT,20,Minisat220_DoneNormally_UNSAT,22,62
84d732b1-ef69-40a5-9001-a710f822e8c4,cnf,125,20.0,0.0525259020000135,True,9,1,UNSAT,20,Minisat220_DoneNormally_UNSAT,18,63
1407e123-af92-42cc-be79-38c6f1b4aaa4,cnf,126,20.0,0.04998920200000612,True,9,1,UNSAT,20,Minisat220_DoneNormally_UNSAT,18,60
f3bd40fe-6806-4c60-bd4d-9523c3689790,cnf,127,20.0,0.05236298300002318,True,9,1,UNSAT,20,Minisat220_DoneNormally_UNSAT,22,63
c8240778-7868-4dd8-8549-09b264e59d6d,cnf,1,20.0,0.04780001300002823,True,9,1,UNSAT,20,Minisat220_DoneNormally_UNSAT,20,58
3e5086f2-c89a-4bcd-a5ec-adb39c7e2a95,cnf,2,20.0,0.04851403200001414,True,9,1,UNSAT,20,Minisat220_DoneNormally_UNSAT,23,59
15eef709-e870-41c9-ae43-2f6ea9fce6dd,cnf,3,20.0,0.05011241200003269,True,9,1,UNSAT,20,Minisat220_DoneNormally_UNSAT,23,60
c5ac1793-22de-4b1f-b506-bd41e657f61b,cnf,4,20.0,0.04791334200001529,True,9,1,UNSAT,20,Minisat220_DoneNormally_UNSAT,21,58
9ede3efc-5a2b-478a-8048-0d032808c255,cnf,5,20.0,0.048425191999967865,True,9,1,UNSAT,20,Minisat220_DoneNormally_UNSAT,23,58
8e9caf8e-3df6-41de-b705-7ead7868179d,cnf,6,20.0,0.0524187119999624,True,9,1,UNSAT,20,Minisat220_DoneNormally_UNSAT,19,62
4bafe970-2f89-491e-9efc-bd522e6932b1,cnf,7,20.0,0.04813647299999957,True,9,1,UNSAT,20,Minisat220_DoneNormally_UNSAT,18,58
941c8378-bf42-4fc7-a046-acfacda35e58,cnf,8,20.0,0.06845402300001524,False,9,1,UNSAT,20,Minisat220_DoneNormally_UNSAT,957,1014
3fd94295-3c71-47ac-9629-52153c28cf0d,cnf,9,20.0,0.04815340200002538,True,9,1,UNSAT,20,Minisat220_DoneNormally_UNSAT,25,58
6a1b005e-aed6-4dcf-b16e-15125b717dad,cnf,10,20.0,0.047926201999985096,True,9,1,UNSAT,20,Minisat220_DoneNormally_UNSAT,20,58
709cfaa0-3605-4d9c-a940-e8a38ff0c4bf,cnf,11,20.0,0.047370701999966514,True,9,1,UNSAT,20,Minisat220_DoneNormally_UNSAT,17,57
6af68979-a665-4b7b-931b-b0f452721355,cnf,12,20.0,0.048030782000012096,True,9,1,UNSAT,20,Minisat220_DoneNormally_UNSAT,21,58
c5002d1b-f467-4827-8f15-664ecc19603a,cnf,13,20.0,0.04832706199999848,True,9,1,UNSAT,20,Minisat220_DoneNormally_UNSAT,21,58
14b653fd-ffd6-4c5d-8d36-90fe0bf4afc8,cnf,14,20.0,0.04891289199997573,True,9,1,UNSAT,20,Minisat220_DoneNormally_UNSAT,22,59
d22f5305-aac3-403b-abe6-e71de91f5720,cnf,15,20.0,0.04744669199999407,True,9,1,UNSAT,20,Minisat220_DoneNormally_UNSAT,22,57
c0abf316-3605-4c5d-95c5-cbbf5d8654c2,cnf,16,20.0,0.048223221999990074,True,9,1,UNSAT,20,Minisat220_DoneNormally_UNSAT,19,58
f61cf690-8173-45ba-a483-0ba48f62c036,cnf,17,20.0,0.04823711300002742,True,9,1,UNSAT,20,Minisat220_DoneNormally_UNSAT,22,58
09fd532b-69a4-45d4-a105-423d83a80a74,cnf,18,20.0,0.04811803299998019,True,9,1,UNSAT,20,Minisat220_DoneNormally_UNSAT,19,58
346796a5-a65f-4e2b-99c8-585f5469b50a,cnf,19,20.0,0.04842902299998286,True,9,1,UNSAT,20,Minisat220_DoneNormally_UNSAT,20,58
989be23a-c7b9-4519-8327-bac8694b248a,cnf,20,20.0,0.05523255200000676,True,9,1,UNSAT,20,Minisat220_DoneNormally_UNSAT,27,65
4c0c0ab7-cd49-4695-9c1e-973da5c8e0aa,cnf,21,20.0,0.051651322999987315,True,9,1,UNSAT,20,Minisat220_DoneNormally_UNSAT,25,62
ce6fff56-9bca-40dc-8788-9ba27c8ff4a6,cnf,22,20.0,0.05072198200002731,True,9,1,UNSAT,20,Minisat220_DoneNormally_UNSAT,21,61
ba86ad15-37d4-48fe-aedf-b7f89fcca933,cnf,23,20.0,0.05622150299996065,True,9,1,UNSAT,20,Minisat220_DoneNormally_UNSAT,26,66
efc5ee95-ed06-493b-8e9d-9901307aab7c,cnf,24,20.0,0.04947130299996161,True,9,1,UNSAT,20,Minisat220_DoneNormally_UNSAT,23,60
e7edcc82-38e0-4449-bc8f-a6a65dc44b92,cnf,25,20.0,0.04884043200001997,True,9,1,UNSAT,20,Minisat220_DoneNormally_UNSAT,22,59
0576c49c-53e7-49f9-a542-5729e65e28a1,cnf,26,20.0,0.04874948200000517,True,9,1,UNSAT,20,Minisat220_DoneNormally_UNSAT,16,59
15e34cf9-36ba-4cf6-883a-690f0db4a309,cnf,27,20.0,0.04819607199999609,True,9,1,UNSAT,20,Minisat220_DoneNormally_UNSAT,20,58
fe402c7f-e56f-4f70-b8c7-c1eab032dac0,cnf,28,20.0,0.05064751200001183,True,9,1,UNSAT,20,Minisat220_DoneNormally_UNSAT,23,61
259fdb9d-ca7e-45d3-a270-5a34204d1ec0,cnf,29,20.0,0.048944852999966315,True,9,1,UNSAT,20,Minisat220_DoneNormally_UNSAT,20,59
68e951f4-12d4-4fec-881c-e6f752b4a4c9,cnf,30,20.0,0.048626542000022255,True,9,1,UNSAT,20,Minisat220_DoneNormally_UNSAT,22,59
8f3d2403-27e1-40a5-b398-dd34fbf53dfa,cnf,31,20.0,0.047983262999991894,True,9,1,UNSAT,20,Minisat220_DoneNormally_UNSAT,20,58
6b4a8c76-1f50-4eb8-8815-9d390c0b4a4d,cnf,32,20.0,0.05459405300001663,True,9,1,UNSAT,20,Minisat220_DoneNormally_UNSAT,27,65
93a3689d-25cf-4e51-9b47-da3321e5f649,cnf,33,20.0,0.05453467300003467,True,9,1,UNSAT,20,Minisat220_DoneNormally_UNSAT,24,65
5d980ada-2443-48bc-b194-84de28d8f333,cnf,34,20.0,0.04877615200001628,True,9,1,UNSAT,20,Minisat220_DoneNormally_UNSAT,24,59
5eab4c06-4354-40c8-8388-61498d86bb38,cnf,35,20.0,0.04885168199996315,True,9,1,UNSAT,20,Minisat220_DoneNormally_UNSAT,19,59
5dc0ab25-abe6-488f-aabb-ca155c308969,cnf,36,20.0,0.05004677200003016,True,9,1,UNSAT,20,Minisat220_DoneNormally_UNSAT,20,60
146a8f58-c5ea-4dac-a297-e1d6612bcea9,cnf,37,20.0,0.04794005200000129,True,9,1,UNSAT,20,Minisat220_DoneNormally_UNSAT,17,58
f3bdd88c-0fcf-46bc-ba8c-0475f65a2ffd,cnf,38,20.0,0.04904875299996547,True,9,1,UNSAT,20,Minisat220_DoneNormally_UNSAT,21,59
681c91ba-ae05-4790-a662-9ccf9813ad0d,cnf,39,20.0,0.047648593000019446,True,9,1,UNSAT,20,Minisat220_DoneNormally_UNSAT,21,58
815a0209-12a0-47c2-a1f2-0da206a277a7,cnf,40,20.0,0.047864382000000205,True,9,1,UNSAT,20,Minisat220_DoneNormally_UNSAT,20,58
477c23d0-e6bd-4679-b560-cfa4ec3d7d42,cnf,41,20.0,0.049017731999981606,True,9,1,UNSAT,20,Minisat220_DoneNormally_UNSAT,21,59
e63ada60-a840-4180-8ea6-b09d1c63ba43,cnf,42,20.0,0.048036042999967776,True,9,1,UNSAT,20,Minisat220_DoneNormally_UNSAT,21,58
11822988-6bd6-4fbd-8110-bd23dea183eb,cnf,43,20.0,0.04836192300001585,True,9,1,UNSAT,20,Minisat220_DoneNormally_UNSAT,20,58
9d53fe46-5e6d-4148-97e9-3265cdf2ec37,cnf,44,20.0,0.05037968199997067,True,9,1,UNSAT,20,Minisat220_DoneNormally_UNSAT,23,61
91e86ae2-c4e2-4720-8034-405a9eb2a260,cnf,45,20.0,0.04845307200002935,True,9,1,UNSAT,20,Minisat220_DoneNormally_UNSAT,21,59
83944d72-987c-4353-9f27-6a66feac00c4,cnf,46,20.0,0.04803270200000043,True,9,1,UNSAT,20,Minisat220_DoneNormally_UNSAT,23,58
c6afc3cf-33db-41b5-b4e1-c06bd54ef3b9,cnf,47,20.0,0.04875524199997017,True,9,1,UNSAT,20,Minisat220_DoneNormally_UNSAT,18,59
262bd631-32b5-4c8d-b37d-64663a5ad276,cnf,48,20.0,0.04849657299996579,True,9,1,UNSAT,20,Minisat220_DoneNormally_UNSAT,22,59
99312cd9-92a4-4b24-8f10-099eda5b65ac,cnf,49,20.0,0.04731086199996071,True,9,1,UNSAT,20,Minisat220_DoneNormally_UNSAT,24,57
cf3163ab-c301-43e0-acec-1d1856b1058b,cnf,50,20.0,0.048787632000028225,True,9,1,UNSAT,20,Minisat220_DoneNormally_UNSAT,23,59
84b49f2f-ceb7-4dd5-8df4-539a067e218d,cnf,51,20.0,0.048279793000006066,True,9,1,UNSAT,20,Minisat220_DoneNormally_UNSAT,16,58
de99aabe-236f-4fb6-baf3-66149b02278b,cnf,52,20.0,0.048210512999958155,True,9,1,UNSAT,20,Minisat220_DoneNormally_UNSAT,21,58
e0c74a96-4710-42c5-86b6-9c82466e761b,cnf,53,20.0,0.04778861200003348,True,9,1,UNSAT,20,Minisat220_DoneNormally_UNSAT,21,58
0b6f4f05-29be-4812-869d-789d9523f21e,cnf,54,20.0,0.04888743300000442,True,9,1,UNSAT,20,Minisat220_DoneNormally_UNSAT,19,59
f8dcc09c-0d5e-4699-9e4a-79f7528c4188,cnf,55,20.0,0.04782519200000479,True,9,1,UNSAT,20,Minisat220_DoneNormally_UNSAT,21,58
5c645729-7d27-4227-bd82-7251f4f34387,cnf,56,20.0,0.047644092999973964,True,9,1,UNSAT,20,Minisat220_DoneNormally_UNSAT,21,58
3a5026c6-2372-47fd-9826-4cb17eb1b837,cnf,57,20.0,0.0481689430000074,True,9,1,UNSAT,20,Minisat220_DoneNormally_UNSAT,24,58
76923f54-16e8-47c0-9c5c-b1e089fefa61,cnf,58,20.0,0.04899974199997814,True,9,1,UNSAT,20,Minisat220_DoneNormally_UNSAT,19,59
e8347833-188d-4622-bb83-059dfa45dadf,cnf,59,20.0,0.054659872000002,True,9,1,UNSAT,20,Minisat220_DoneNormally_UNSAT,26,65
0502d44c-91b4-4a71-9f18-f33fd1710bd1,cnf,60,20.0,0.04892597200000637,True,9,1,UNSAT,20,Minisat220_DoneNormally_UNSAT,22,59
46d96791-a741-4188-98b1-7d9a0991916a,cnf,61,20.0,0.04903735300001699,True,9,1,UNSAT,20,Minisat220_DoneNormally_UNSAT,19,59
d1601470-209c-49ed-83db-bf15d555bd40,cnf,62,20.0,0.048947133000012855,True,9,1,UNSAT,20,Minisat220_DoneNormally_UNSAT,17,59
ee72a769-e1ab-48ad-8e67-0a7fa2a07c5a,cnf,63,20.0,0.049734011999987615,True,9,1,UNSAT,20,Minisat220_DoneNormally_UNSAT,21,60
3060886f-e964-4ee1-b7f6-45684afbda58,cnf,64,20.0,0.06055540300002349,True,9,1,UNSAT,20,Minisat220_DoneNormally_UNSAT,22,71
d8d8df61-9464-4e9e-a24d-09abcba4c518,cnf,65,20.0,0.049599771999965014,True,9,1,UNSAT,20,Minisat220_DoneNormally_UNSAT,19,60
134d38f5-6c24-4313-b26b-377158d176af,cnf,66,20.0,0.04905972300002759,True,9,1,UNSAT,20,Minisat220_DoneNormally_UNSAT,23,59
1de1ac1f-8491-4ab8-ad37-c1327a44e053,cnf,67,20.0,0.04873835199998666,True,9,1,UNSAT,20,Minisat220_DoneNormally_UNSAT,19,59
d0d78849-f53c-4c10-8c78-7770e140857e,cnf,68,20.0,0.04856962299999168,True,9,1,UNSAT,20,Minisat220_DoneNormally_UNSAT,23,59
02961453-16ba-422a-95ad-98146689bc6a,cnf,69,20.0,0.04846891199997572,True,9,1,UNSAT,20,Minisat220_DoneNormally_UNSAT,20,59
d9c00590-c806-4d5d-a31e-64eb8729a5c2,cnf,70,20.0,0.048135412000021915,True,9,1,UNSAT,20,Minisat220_DoneNormally_UNSAT,19,58
5667549f-ce37-42db-be89-4430049e176f,cnf,71,20.0,0.048278303000017786,True,9,1,UNSAT,20,Minisat220_DoneNormally_UNSAT,24,58
6f038a34-10a1-4f31-b45f-bbbe92eed7ce,cnf,72,20.0,0.053009472000042024,True,9,1,UNSAT,20,Minisat220_DoneNormally_UNSAT,18,63
a435ca92-187d-4434-898c-3a29da29dd2f,cnf,73,20.0,0.049714891999997235,True,9,1,UNSAT,20,Minisat220_DoneNormally_UNSAT,20,60
aece9144-f11f-4c6b-839e-0699734f68d1,cnf,74,20.0,0.04806134299997211,True,9,1,UNSAT,20,Minisat220_DoneNormally_UNSAT,18,58
6b042c53-1e16-4348-8221-d60039b03fbf,cnf,75,20.0,0.049555032000000665,True,9,1,UNSAT,20,Minisat220_DoneNormally_UNSAT,21,60
a6243a26-3471-4882-89f7-939e5917b2ea,cnf,76,20.0,0.04873626199997716,True,9,1,UNSAT,20,Minisat220_DoneNormally_UNSAT,24,59
e3e4c7de-1f11-4077-9cd2-ec0f1d3a8b8a,cnf,77,20.0,0.04828232300002355,True,9,1,UNSAT,20,Minisat220_DoneNormally_UNSAT,21,59
0a136ee4-ff66-4721-9441-33cdacda0e64,cnf,78,20.0,0.048927871999978834,True,9,1,UNSAT,20,Minisat220_DoneNormally_UNSAT,19,59
4201338c-e446-4bbd-b359-10adabe06e59,cnf,79,20.0,0.05251122200002101,True,9,1,UNSAT,20,Minisat220_DoneNormally_UNSAT,24,63
7c4d880e-5dba-4d32-9b4f-840b1b552d00,cnf,80,20.0,0.048687471999983245,True,9,1,UNSAT,20,Minisat220_DoneNormally_UNSAT,17,59
239ae726-6c28-4b11-a352-1d6030240b60,cnf,81,20.0,0.04878554199996188,True,9,1,UNSAT,20,Minisat220_DoneNormally_UNSAT,21,59
823a0669-4a5f-43d2-9a3b-3196c0b30a10,cnf,82,20.0,0.05449954300001991,True,9,1,UNSAT,20,Minisat220_DoneNormally_UNSAT,20,65
201388c8-b592-4270-807b-a5f2928ba76a,cnf,83,20.0,0.04828815199999781,True,9,1,UNSAT,20,Minisat220_DoneNormally_UNSAT,21,58
31ca8cfe-a5ad-45ca-b259-1d82b724ae96,cnf,84,20.0,0.049086133000002974,True,9,1,UNSAT,20,Minisat220_DoneNormally_UNSAT,19,59
aecf7834-0902-4592-85cf-72ca6577a7c9,cnf,85,20.0,0.04834616300001926,True,9,1,UNSAT,20,Minisat220_DoneNormally_UNSAT,19,59
ccfcdaa6-2a83-452d-84e3-6f9e29786801,cnf,86,20.0,0.04772455200003378,True,9,1,UNSAT,20,Minisat220_DoneNormally_UNSAT,20,58
714e87a9-c290-4e8c-abd1-bf1f2c48e155,cnf,87,20.0,0.04922242200001392,True,9,1,UNSAT,20,Minisat220_DoneNormally_UNSAT,23,59
ad24631d-383e-4075-912d-2de1768262a6,cnf,88,20.0,0.04814772200001016,True,9,1,UNSAT,20,Minisat220_DoneNormally_UNSAT,21,58
1415106e-f99c-4ace-98f1-18311e20824a,cnf,89,20.0,0.049805822999985594,True,9,1,UNSAT,20,Minisat220_DoneNormally_UNSAT,20,60
ee6c2f36-919d-4e0c-8bf2-21b40dd66672,cnf,90,20.0,0.04763362200003485,True,9,1,UNSAT,20,Minisat220_DoneNormally_UNSAT,21,58
2b77d365-ddec-4a25-af61-db589b6b6ab7,cnf,91,20.0,0.05127362199999652,True,9,1,UNSAT,20,Minisat220_DoneNormally_UNSAT,20,62
749d1172-5fe7-4e9e-b211-fdb9d7e060cc,cnf,92,20.0,0.050046462000011616,True,9,1,UNSAT,20,Minisat220_DoneNormally_UNSAT,22,60
2ff4bb14-9d5d-40b2-b065-e7d62718284a,cnf,93,20.0,0.04789412299999185,True,9,1,UNSAT,20,Minisat220_DoneNormally_UNSAT,21,58
a59f76cc-38af-4088-a3e3-d6ec6613933c,cnf,94,20.0,0.04966023200000791,True,9,1,UNSAT,20,Minisat220_DoneNormally_UNSAT,23,60
4796f8db-521e-48f1-895e-461e644c44f3,cnf,95,20.0,0.05053537199995617,True,9,1,UNSAT,20,Minisat220_DoneNormally_UNSAT,23,61
9e322b4c-6d94-4339-bf89-72f7f707839f,cnf,96,20.0,0.048431601999993745,True,9,1,UNSAT,20,Minisat220_DoneNormally_UNSAT,24,59
3698c128-41aa-47bf-a471-ecf0d77e0fe9,cnf,97,20.0,0.04971890199999507,True,9,1,UNSAT,20,Minisat220_DoneNormally_UNSAT,21,60
bc5099a1-2138-482e-b2b6-f1207fd9fe99,cnf,98,20.0,0.04826122200000782,True,9,1,UNSAT,20,Minisat220_DoneNormally_UNSAT,21,59
2c572f83-ba5c-44e5-a331-64dfa38ab47c,cnf,99,20.0,0.04852670200000375,True,9,1,UNSAT,20,Minisat220_DoneNormally_UNSAT,22,59
e691623d-9357-40e9-8d47-b50366e1d33b,cnf,100,20.0,0.04880351200000632,True,9,1,UNSAT,20,Minisat220_DoneNormally_UNSAT,17,59
b9e7dea7-720f-4f1b-af09-96dfe1952293,cnf,101,20.0,0.04878940200001125,True,9,1,UNSAT,20,Minisat220_DoneNormally_UNSAT,21,59
9ca37d15-ab59-4d97-a77a-21e12eec9c57,cnf,102,20.0,0.05048954299996922,True,9,1,UNSAT,20,Minisat220_DoneNormally_UNSAT,21,61
ca03f3dc-6d13-4e91-9314-3848c0ef195a,cnf,103,20.0,0.047706941999990704,True,9,1,UNSAT,20,Minisat220_DoneNormally_UNSAT,20,58
7fa8876f-4ec6-4525-9fb3-499ffc6fdcb7,cnf,104,20.0,0.04854006299996172,True,9,1,UNSAT,20,Minisat220_DoneNormally_UNSAT,23,59
619188bb-f128-458d-854b-b4a8ffaf8b6e,cnf,105,20.0,0.049252821999971275,True,9,1,UNSAT,20,Minisat220_DoneNormally_UNSAT,23,60
e71e7ea1-86e0-4f3d-ad52-e60a6d6dd0f9,cnf,106,20.0,0.04990418199997748,True,9,1,UNSAT,20,Minisat220_DoneNormally_UNSAT,21,60
2cab0bc4-e1fd-4afc-9db5-995ae82e45b3,cnf,107,20.0,0.04904116199998043,True,9,1,UNSAT,20,Minisat220_DoneNormally_UNSAT,22,59
16ed3300-8933-409d-ba67-7e5f80865e0b,cnf,108,20.0,0.04857795300000589,True,9,1,UNSAT,20,Minisat220_DoneNormally_UNSAT,20,59
289ed610-50a1-486b-94d6-e3b3955a0822,cnf,109,20.0,0.049708963000000495,True,9,1,UNSAT,20,Minisat220_DoneNormally_UNSAT,21,60
57400fc9-3f9a-402d-975b-c15b969c5296,cnf,110,20.0,0.04925762200002737,True,9,1,UNSAT,20,Minisat220_DoneNormally_UNSAT,20,60
290d3f66-545c-4d21-8b5e-e59e9146a4c6,cnf,111,20.0,0.049679041999979745,True,9,1,UNSAT,20,Minisat220_DoneNormally_UNSAT,18,60
f204a023-e92b-48b8-b60e-a1374e3139a6,cnf,112,20.0,0.048297302000037234,True,9,1,UNSAT,20,Minisat220_DoneNormally_UNSAT,21,59
5b2f17c9-f698-46f7-b627-b40b80e90f86,cnf,113,20.0,0.050305441999967115,True,9,1,UNSAT,20,Minisat220_DoneNormally_UNSAT,22,61
ab65cddb-6774-4442-b0d9-70b983545112,cnf,114,20.0,0.04923774299999195,True,9,1,UNSAT,20,Minisat220_DoneNormally_UNSAT,23,60
93b84fb2-f57a-4272-93c7-610a11f89711,cnf,115,20.0,0.049247202000003654,True,9,1,UNSAT,20,Minisat220_DoneNormally_UNSAT,20,60
dfac91da-0597-429d-90f5-6adf12fc018c,cnf,116,20.0,0.048742571999980555,True,9,1,UNSAT,20,Minisat220_DoneNormally_UNSAT,24,59
5695f490-1cc9-4e76-850f-bfbde5971f83,cnf,117,20.0,0.04866391199999498,True,9,1,UNSAT,20,Minisat220_DoneNormally_UNSAT,19,59
0330bf7e-2560-412f-b4b5-ee7bb8683b56,cnf,118,20.0,0.04899432299998807,True,9,1,UNSAT,20,Minisat220_DoneNormally_UNSAT,22,59
78da9ff3-a17c-4e15-84c8-30f6e3c32f2f,cnf,119,20.0,0.048685292000016034,True,9,1,UNSAT,20,Minisat220_DoneNormally_UNSAT,19,59
273139f0-f4eb-4fd4-a3c1-c5147ad53550,cnf,120,20.0,0.04873078200000691,True,9,1,UNSAT,20,Minisat220_DoneNormally_UNSAT,22,59
e1a008dd-b40f-406d-a8c3-e0bffebe033a,cnf,121,20.0,0.04844310300001098,True,9,1,UNSAT,20,Minisat220_DoneNormally_UNSAT,23,59
1c017cfc-4a99-43b9-acbb-f728595aadab,cnf,122,20.0,0.048335613000006106,True,9,1,UNSAT,20,Minisat220_DoneNormally_UNSAT,17,59
d9c99c09-570a-4fee-9bc8-585917847496,cnf,123,20.0,0.049604401999999936,True,9,1,UNSAT,20,Minisat220_DoneNormally_UNSAT,19,60
5db2285d-0095-4c39-a42d-316babe612b2,cnf,124,20.0,0.04985390199999529,True,9,1,UNSAT,20,Minisat220_DoneNormally_UNSAT,19,60
a1aae368-4b68-4b2e-89be-af07a7ef0d54,cnf,125,20.0,0.04868582199998173,True,9,1,UNSAT,20,Minisat220_DoneNormally_UNSAT,22,59
628b07d2-cb1e-489a-9363-e925bfec4c07,cnf,126,20.0,0.048376501999996435,True,9,1,UNSAT,20,Minisat220_DoneNormally_UNSAT,19,59
30fa52be-2f03-417f-a72c-d4fc30697dbd,cnf,127,20.0,0.049102623000010226,True,9,1,UNSAT,20,Minisat220_DoneNormally_UNSAT,19,60
c94e4989-b8b0-4893-95c8-d594dc2d5079,cnf,1,20.0,0.048222712000040246,True,9,1,UNSAT,20,Minisat220_DoneNormally_UNSAT,21,58
5199fe49-046d-45a1-acc7-3feb9a37e186,cnf,2,20.0,0.049228851999998824,True,9,1,UNSAT,20,Minisat220_DoneNormally_UNSAT,19,59
3dfc3af8-8137-4292-97b6-125530f8ba03,cnf,3,20.0,0.04905529199999137,True,9,1,UNSAT,20,Minisat220_DoneNormally_UNSAT,24,59
7799c3a8-9654-4520-8657-4f04160baf14,cnf,4,20.0,0.048165152000024136,True,9,1,UNSAT,20,Minisat220_DoneNormally_UNSAT,22,58
a9af59e0-e4d6-49a0-a35d-f4246ed4ee2e,cnf,5,20.0,0.04914153200002147,True,9,1,UNSAT,20,Minisat220_DoneNormally_UNSAT,18,59
be01ef6e-8f34-4cc2-9dc8-83078acd921f,cnf,6,20.0,0.05120969299997569,True,9,1,UNSAT,20,Minisat220_DoneNormally_UNSAT,22,61
ded177e1-dc5f-4aa6-97fa-c999233a8677,cnf,7,20.0,0.04848183199999312,True,9,1,UNSAT,20,Minisat220_DoneNormally_UNSAT,22,58
6dca7303-9e63-4f55-bb48-9febb9d889d6,cnf,8,20.0,0.048737101999961396,True,9,1,UNSAT,20,Minisat220_DoneNormally_UNSAT,19,59
f76309e9-053a-4f9b-962a-1cd3fb185e96,cnf,9,20.0,0.04936081299996431,True,9,1,UNSAT,20,Minisat220_DoneNormally_UNSAT,23,59
e198df40-c428-46b0-9d8a-d442c8f1f388,cnf,10,20.0,0.04769209299996646,True,9,1,UNSAT,20,Minisat220_DoneNormally_UNSAT,22,58
772db9c1-97cd-4aef-9033-c2fc1e76895d,cnf,11,20.0,0.04748792200001617,True,9,1,UNSAT,20,Minisat220_DoneNormally_UNSAT,17,58
fb8de57f-1520-4ddf-a533-34d8e591839c,cnf,12,20.0,0.048857772000019395,True,9,1,UNSAT,20,Minisat220_DoneNormally_UNSAT,17,59
13267c26-d38a-4809-ba8a-603a28aaff45,cnf,13,20.0,0.048665712000001804,True,9,1,UNSAT,20,Minisat220_DoneNormally_UNSAT,21,59
a0564005-26dc-4595-af26-60dedee16530,cnf,14,20.0,0.04823767200002749,True,9,1,UNSAT,20,Minisat220_DoneNormally_UNSAT,18,58
73d33516-1600-48e1-bb93-783ced547929,cnf,15,20.0,0.04846944199999825,True,9,1,UNSAT,20,Minisat220_DoneNormally_UNSAT,23,59
41927df0-ef37-4b72-847e-b8bb7e81aa3c,cnf,16,20.0,0.051944342000012966,True,9,1,UNSAT,20,Minisat220_DoneNormally_UNSAT,24,62
d5e81a08-d46d-49d8-aa96-bbb91de4d453,cnf,17,20.0,0.04785124199997881,True,9,1,UNSAT,20,Minisat220_DoneNormally_UNSAT,24,58
fc47f9a3-035b-4c7f-86e7-b1617147ce8f,cnf,18,20.0,0.04786779200003366,True,9,1,UNSAT,20,Minisat220_DoneNormally_UNSAT,19,58
72600fe1-8577-49fd-b541-daa0cd60f406,cnf,19,20.0,0.0484100319999925,True,9,1,UNSAT,20,Minisat220_DoneNormally_UNSAT,20,58
ff581236-b350-4cda-add3-40f7d0388383,cnf,20,20.0,0.05269319199999245,True,9,1,UNSAT,20,Minisat220_DoneNormally_UNSAT,20,63
5d04ddd0-66f1-44c5-a67f-43dc822e32fc,cnf,21,20.0,0.050087093000001914,True,9,1,UNSAT,20,Minisat220_DoneNormally_UNSAT,20,60
84a32b5a-ae78-464e-985f-c1b5c37e0294,cnf,22,20.0,0.04896766199999547,True,9,1,UNSAT,20,Minisat220_DoneNormally_UNSAT,18,59
e47d6709-c45d-488f-aaf1-135090501833,cnf,23,20.0,0.04911239200004047,True,9,1,UNSAT,20,Minisat220_DoneNormally_UNSAT,22,59
88ed5005-deae-4d7f-86ff-e0e59e3fdc96,cnf,24,20.0,0.050211433000015404,True,9,1,UNSAT,20,Minisat220_DoneNormally_UNSAT,21,60
29c0950e-b782-4ba0-a8c3-8a2d4453df5f,cnf,25,20.0,0.04913549299999431,True,9,1,UNSAT,20,Minisat220_DoneNormally_UNSAT,20,59
4beb6d3a-e5ea-4512-8dca-f1601ceb6ee2,cnf,26,20.0,0.04815067300000919,True,9,1,UNSAT,20,Minisat220_DoneNormally_UNSAT,21,58
4883d1af-5fc7-45ea-a0dd-30bcd46fcee1,cnf,27,20.0,0.057769553000014184,True,9,1,UNSAT,20,Minisat220_DoneNormally_UNSAT,22,68
26cf1c29-7e78-4246-955f-16af6abaf2d0,cnf,28,20.0,0.05003148200000851,True,9,1,UNSAT,20,Minisat220_DoneNormally_UNSAT,23,60
51925589-e715-48ce-8453-5008c6bb2497,cnf,29,20.0,0.0497455729999956,True,9,1,UNSAT,20,Minisat220_DoneNormally_UNSAT,22,60
0cb0c3ff-719d-487d-ada7-b30752f03dc4,cnf,30,20.0,0.05595654299997932,True,9,1,UNSAT,20,Minisat220_DoneNormally_UNSAT,22,66
58e05b2b-61c6-41cf-8afd-f2952ad6108b,cnf,31,20.0,0.0479613020000329,True,9,1,UNSAT,20,Minisat220_DoneNormally_UNSAT,20,58
7303ed3c-0046-47a9-88bc-fdf3bb4367fe,cnf,32,20.0,0.05209489300000314,True,9,1,UNSAT,20,Minisat220_DoneNormally_UNSAT,27,62
fa2a7788-f5b6-41c7-b7de-aa1f8807f238,cnf,33,20.0,0.05079036200004339,True,9,1,UNSAT,20,Minisat220_DoneNormally_UNSAT,20,61
c1d78d70-b3bb-4ca3-a1cd-e3ef895aea55,cnf,34,20.0,0.04798727299998973,True,9,1,UNSAT,20,Minisat220_DoneNormally_UNSAT,22,58
f896b143-e734-4a4e-bfc6-7e8a72ecbb17,cnf,35,20.0,0.04953207200003362,True,9,1,UNSAT,20,Minisat220_DoneNormally_UNSAT,24,60
fe8c66c9-db35-49cf-b943-d103aeef0a7a,cnf,36,20.0,0.05065525200001275,True,9,1,UNSAT,20,Minisat220_DoneNormally_UNSAT,17,61
020af995-dd9a-4d0c-a767-fd501460efea,cnf,37,20.0,0.057883781999976236,True,9,1,UNSAT,20,Minisat220_DoneNormally_UNSAT,25,68
55a86bf7-27b8-4c38-894a-227293550b2d,cnf,38,20.0,0.05981442299997752,True,9,1,UNSAT,20,Minisat220_DoneNormally_UNSAT,24,70
e7920e43-4aa0-4794-9c42-0c75c77de60a,cnf,39,20.0,0.04822921300001326,True,9,1,UNSAT,20,Minisat220_DoneNormally_UNSAT,21,58
dfad4106-6140-4bf0-bf89-63df85c5d371,cnf,40,20.0,0.048436243000026025,True,9,1,UNSAT,20,Minisat220_DoneNormally_UNSAT,19,59
818d2944-6de2-45ef-b264-573ac051623d,cnf,41,20.0,0.048048801999982516,True,9,1,UNSAT,20,Minisat220_DoneNormally_UNSAT,20,58
59459187-3012-453a-87b9-cb21016015c8,cnf,42,20.0,0.04933478199995989,True,9,1,UNSAT,20,Minisat220_DoneNormally_UNSAT,22,59
84783bca-a594-4412-94ce-fae5c24a9f88,cnf,43,20.0,0.04871275200002856,True,9,1,UNSAT,20,Minisat220_DoneNormally_UNSAT,23,59
3193a7a7-1154-46d6-a902-39ffc68fc825,cnf,44,20.0,0.051040723000028265,True,9,1,UNSAT,20,Minisat220_DoneNormally_UNSAT,23,61
e8b7a778-407d-4ce2-892e-d6328d094011,cnf,45,20.0,0.048330711999994946,True,9,1,UNSAT,20,Minisat220_DoneNormally_UNSAT,22,58
0704df71-f603-4c8b-9301-19b62ae3a315,cnf,46,20.0,0.04879715199996326,True,9,1,UNSAT,20,Minisat220_DoneNormally_UNSAT,20,59
21b00bcd-e259-4a0e-bb15-e593e8cfd98a,cnf,47,20.0,0.04908542200001875,True,9,1,UNSAT,20,Minisat220_DoneNormally_UNSAT,19,59
69672598-c3ae-4fce-b361-a7db9414b9ec,cnf,48,20.0,0.04977983300000233,True,9,1,UNSAT,20,Minisat220_DoneNormally_UNSAT,21,60
5aa3b014-671c-40a7-93d7-753d622693ca,cnf,49,20.0,0.04805458200002022,True,9,1,UNSAT,20,Minisat220_DoneNormally_UNSAT,20,58
6e6002cc-2bfd-4fee-8dac-7a6278539564,cnf,50,20.0,0.04955671200002598,True,9,1,UNSAT,20,Minisat220_DoneNormally_UNSAT,20,60
0290a12d-afb1-40f3-91ee-1bda251e02af,cnf,51,20.0,0.048756733000004715,True,9,1,UNSAT,20,Minisat220_DoneNormally_UNSAT,20,59
89a19817-3c71-4a96-9ed1-dd757a094dac,cnf,52,20.0,0.048080262000041785,True,9,1,UNSAT,20,Minisat220_DoneNormally_UNSAT,17,58
2f97c726-ebe6-48e1-9af3-92646d79926a,cnf,53,20.0,0.04908075299999837,True,9,1,UNSAT,20,Minisat220_DoneNormally_UNSAT,18,59
8f36d3cc-a4fa-4cef-a081-e707f068048f,cnf,54,20.0,0.04853287199995293,True,9,1,UNSAT,20,Minisat220_DoneNormally_UNSAT,23,59
ab23e12b-9c20-47d1-a40b-567882feefba,cnf,55,20.0,0.04829229199998508,True,9,1,UNSAT,20,Minisat220_DoneNormally_UNSAT,20,58
48519cb9-7ec0-4a2e-a872-4f904e0cddf0,cnf,56,20.0,0.04817991199996641,True,9,1,UNSAT,20,Minisat220_DoneNormally_UNSAT,21,58
934295db-ceb5-4409-be94-b9aa1fb6457d,cnf,57,20.0,0.04940403300003027,True,9,1,UNSAT,20,Minisat220_DoneNormally_UNSAT,20,60
c6b225d7-6db5-4b2d-b048-d023cd923ee2,cnf,58,20.0,0.04848058299995728,True,9,1,UNSAT,20,Minisat220_DoneNormally_UNSAT,20,59
afdf10d1-1bc6-4479-89ba-1f2e2c3aa101,cnf,59,20.0,0.048499272000015026,True,9,1,UNSAT,20,Minisat220_DoneNormally_UNSAT,20,59
01306a18-135d-4526-bf73-00955d0a6a8e,cnf,60,20.0,0.049266421999959675,True,9,1,UNSAT,20,Minisat220_DoneNormally_UNSAT,20,60
5756e521-01bb-4727-b722-0d64248687db,cnf,61,20.0,0.04945554200003244,True,9,1,UNSAT,20,Minisat220_DoneNormally_UNSAT,22,60
2d386273-b8fb-42af-8df2-679e57e77ae1,cnf,62,20.0,0.04964592299995729,True,9,1,UNSAT,20,Minisat220_DoneNormally_UNSAT,23,60
0826930c-7f9a-46c8-a16d-25f0d9435e4c,cnf,63,20.0,0.050128461999975116,True,9,1,UNSAT,20,Minisat220_DoneNormally_UNSAT,20,60
fe32e9d2-6ed2-4448-9d61-98e763133647,cnf,64,20.0,0.05373438200001601,True,9,1,UNSAT,20,Minisat220_DoneNormally_UNSAT,18,64
9a0f6158-c829-45d4-ba26-1f74eec164b8,cnf,65,20.0,0.04985138199998573,True,9,1,UNSAT,20,Minisat220_DoneNormally_UNSAT,21,60
ee2641b2-ee53-4063-959b-ca12a4e1c229,cnf,66,20.0,0.049659331999976075,True,9,1,UNSAT,20,Minisat220_DoneNormally_UNSAT,23,60
ecdbbfc8-d2e8-4385-a11b-b1119a81bafc,cnf,67,20.0,0.048815273000002435,True,9,1,UNSAT,20,Minisat220_DoneNormally_UNSAT,21,59
73f34985-7850-4f2d-a389-22b7bc143259,cnf,68,20.0,0.04870674199997893,True,9,1,UNSAT,20,Minisat220_DoneNormally_UNSAT,21,59
bf25ef76-61e4-41c6-a80e-b5f64ff2954d,cnf,69,20.0,0.04833861200000911,True,9,1,UNSAT,20,Minisat220_DoneNormally_UNSAT,18,58
bf77d98a-b82a-4523-a87d-22b68d24729b,cnf,70,20.0,0.048107341999980235,True,9,1,UNSAT,20,Minisat220_DoneNormally_UNSAT,22,58
aaaca180-f12c-48b6-a2c2-1fd826abe4fd,cnf,71,20.0,0.04805263299999751,True,9,1,UNSAT,20,Minisat220_DoneNormally_UNSAT,19,58
7232fc18-089e-423a-aa48-136dde7e2de9,cnf,72,20.0,0.05325360299997328,True,9,1,UNSAT,20,Minisat220_DoneNormally_UNSAT,24,63
2520c884-3c0c-4030-b14f-1802526c34db,cnf,73,20.0,0.04948129299998527,True,9,1,UNSAT,20,Minisat220_DoneNormally_UNSAT,21,60
c13a6008-be80-4e09-9247-b5cf98e4810b,cnf,74,20.0,0.048460012000020924,True,9,1,UNSAT,20,Minisat220_DoneNormally_UNSAT,24,59
2916abab-b933-400d-8c78-2c51f7125d4a,cnf,75,20.0,0.051426321999997526,True,9,1,UNSAT,20,Minisat220_DoneNormally_UNSAT,22,62
7e53af2c-f92f-4832-9931-b1320719f796,cnf,76,20.0,0.05024581200001421,True,9,1,UNSAT,20,Minisat220_DoneNormally_UNSAT,23,60
fc6b6508-d2fc-4343-87fd-dfa053af6c42,cnf,77,20.0,0.04976340299998583,True,9,1,UNSAT,20,Minisat220_DoneNormally_UNSAT,24,60
76c59614-60d8-4433-bf09-32213302730a,cnf,78,20.0,0.04909816200000705,True,9,1,UNSAT,20,Minisat220_DoneNormally_UNSAT,19,59
519d3d37-21b1-45af-9e9d-ef1670c6f388,cnf,79,20.0,0.048596382000027916,True,9,1,UNSAT,20,Minisat220_DoneNormally_UNSAT,17,59
7414b19a-800c-4bf5-8e52-e97b1efeb93e,cnf,80,20.0,0.04858561200001077,True,9,1,UNSAT,20,Minisat220_DoneNormally_UNSAT,21,59
92dbb16a-91bc-4f8e-8a8b-7031f031cc94,cnf,81,20.0,0.048788252999997894,True,9,1,UNSAT,20,Minisat220_DoneNormally_UNSAT,20,59
e82e2b78-106b-47bc-bfb5-8e634312f3f1,cnf,82,20.0,0.04851086200000054,True,9,1,UNSAT,20,Minisat220_DoneNormally_UNSAT,22,59
ebec895a-ee2b-4376-8f09-5759c28ea2b3,cnf,83,20.0,0.0484186929999737,True,9,1,UNSAT,20,Minisat220_DoneNormally_UNSAT,19,59
3fb81873-f27f-449e-9fcd-9bc47c78f037,cnf,84,20.0,0.04911903199996459,True,9,1,UNSAT,20,Minisat220_DoneNormally_UNSAT,19,59
e2362e03-8883-4a49-938b-d18bce6336fa,cnf,85,20.0,0.049225161999970624,True,9,1,UNSAT,20,Minisat220_DoneNormally_UNSAT,22,59
4f3c6ffb-79bb-44c8-8b03-063215927b9b,cnf,86,20.0,0.04829814200002147,True,9,1,UNSAT,20,Minisat220_DoneNormally_UNSAT,20,59
b61c512a-4942-4620-a03a-65d196622c56,cnf,87,20.0,0.04999151199996277,True,9,1,UNSAT,20,Minisat220_DoneNormally_UNSAT,22,60
b967fd35-379b-4dfa-b482-93a4fbc97646,cnf,88,20.0,0.055087312000011934,True,9,1,UNSAT,20,Minisat220_DoneNormally_UNSAT,26,65
f762a3a8-5ba8-4cf0-a72d-fb2f9ed346f6,cnf,89,20.0,0.049044021999975485,True,9,1,UNSAT,20,Minisat220_DoneNormally_UNSAT,23,59
7ffaded0-84c3-4445-8f38-46d2931c6a80,cnf,90,20.0,0.04880830199999764,True,9,1,UNSAT,20,Minisat220_DoneNormally_UNSAT,21,59
62b4c586-6de2-4745-ae6a-862c05effce6,cnf,91,20.0,0.06068371199995681,True,9,1,UNSAT,20,Minisat220_DoneNormally_UNSAT,22,71
898e5073-6d49-4e2b-8e89-cb04259181e3,cnf,92,20.0,0.051890472000025056,True,9,1,UNSAT,20,Minisat220_DoneNormally_UNSAT,23,62
2acfdd95-29e0-47f0-89b9-f6b7c1d8dc7c,cnf,93,20.0,0.04830604299996821,True,9,1,UNSAT,20,Minisat220_DoneNormally_UNSAT,22,58
d514f0eb-539c-4341-9448-0184a4e1df16,cnf,94,20.0,0.05056710199994541,True,9,1,UNSAT,20,Minisat220_DoneNormally_UNSAT,20,61
600a5801-56f1-4f90-97a4-d09f51d817af,cnf,95,20.0,0.048309771999981876,True,9,1,UNSAT,20,Minisat220_DoneNormally_UNSAT,19,59
822a289a-d393-4f2e-a3aa-9dff480a47e7,cnf,96,20.0,0.051545132000001104,True,9,1,UNSAT,20,Minisat220_DoneNormally_UNSAT,22,62
fe1c18a9-f185-490c-9894-d3bf4d9189d3,cnf,97,20.0,0.05036168200001612,True,9,1,UNSAT,20,Minisat220_DoneNormally_UNSAT,22,61
42eac66e-bc3d-410e-9e10-4bc028bc59df,cnf,98,20.0,0.048995891999993546,True,9,1,UNSAT,20,Minisat220_DoneNormally_UNSAT,19,59
026744ba-7d5b-4a90-a1b5-fa08103bfbb2,cnf,99,20.0,0.04837307200000396,True,9,1,UNSAT,20,Minisat220_DoneNormally_UNSAT,20,59
faf78d5b-bb77-4ba3-8075-63ceb0c301b7,cnf,100,20.0,0.04920477299998538,True,9,1,UNSAT,20,Minisat220_DoneNormally_UNSAT,20,60
6841d93e-41c4-485b-8697-fa2ea811aab7,cnf,101,20.0,0.04909446199997092,True,9,1,UNSAT,20,Minisat220_DoneNormally_UNSAT,21,59
368ae05f-a819-444f-b66b-927f6798ccfa,cnf,102,20.0,0.04959212300002491,True,9,1,UNSAT,20,Minisat220_DoneNormally_UNSAT,18,60
4603d7a0-03c3-4897-9f0d-2148cc547ab7,cnf,103,20.0,0.048723222000035094,True,9,1,UNSAT,20,Minisat220_DoneNormally_UNSAT,20,59
c4e6a033-9d28-4f6f-b9cf-5f92a4baf825,cnf,104,20.0,0.049348302999987936,True,9,1,UNSAT,20,Minisat220_DoneNormally_UNSAT,22,60
33ffa630-2bcb-4352-bac1-d9234d17f4fd,cnf,105,20.0,0.05116798200003814,True,9,1,UNSAT,20,Minisat220_DoneNormally_UNSAT,23,62
f8efbd02-43e7-4036-8e63-22a06c0d27ea,cnf,106,20.0,0.050318651999987196,True,9,1,UNSAT,20,Minisat220_DoneNormally_UNSAT,21,61
9210ae72-bb1b-483a-b045-fd1a5a5be163,cnf,107,20.0,0.048746351999966464,True,9,1,UNSAT,20,Minisat220_DoneNormally_UNSAT,18,59
402b5826-8fe9-4281-91c3-d18609e368cb,cnf,108,20.0,0.049099732999991375,True,9,1,UNSAT,20,Minisat220_DoneNormally_UNSAT,20,59
5474dae0-c4ff-406a-8116-f59ed6675ada,cnf,109,20.0,0.04985392300000058,True,9,1,UNSAT,20,Minisat220_DoneNormally_UNSAT,20,60
60e0a816-0d94-47e3-b732-15f0d318c6f7,cnf,110,20.0,0.049795262000031926,True,9,1,UNSAT,20,Minisat220_DoneNormally_UNSAT,19,60
a8d726b7-340e-4dcd-84f9-956341a02e9b,cnf,111,20.0,0.04965647199998102,True,9,1,UNSAT,20,Minisat220_DoneNormally_UNSAT,21,60
3c02dd57-4ac2-4105-85f5-01c31cb29d8a,cnf,112,20.0,0.05236479199999167,True,9,1,UNSAT,20,Minisat220_DoneNormally_UNSAT,21,63
a6c855b7-e321-4765-af5f-c494432a650c,cnf,113,20.0,0.04944736200002353,True,9,1,UNSAT,20,Minisat220_DoneNormally_UNSAT,18,60
0a2265ec-fdb1-4c2b-82a5-2835ec2efee9,cnf,114,20.0,0.04847508300002801,True,9,1,UNSAT,20,Minisat220_DoneNormally_UNSAT,23,59
15c6a799-3523-418a-9216-e73bbc9d2b9e,cnf,115,20.0,0.0490336720000073,True,9,1,UNSAT,20,Minisat220_DoneNormally_UNSAT,18,59
c99f64a5-1f90-49fc-9d82-184c6a3c364f,cnf,116,20.0,0.04873338199996624,True,9,1,UNSAT,20,Minisat220_DoneNormally_UNSAT,22,59
a643cf8d-6d3c-45d6-82f4-b0962d671b85,cnf,117,20.0,0.04931825199997775,True,9,1,UNSAT,20,Minisat220_DoneNormally_UNSAT,22,60
7295fdaa-27e9-4b56-8e1a-dfa01c9f0529,cnf,118,20.0,0.04881209300003775,True,9,1,UNSAT,20,Minisat220_DoneNormally_UNSAT,21,59
7cc13568-e917-49be-b11b-518c09524cc9,cnf,119,20.0,0.04942128199996887,True,9,1,UNSAT,20,Minisat220_DoneNormally_UNSAT,22,60
8f368274-3ebc-4712-be31-0d4401107d79,cnf,120,20.0,0.04892807199996696,True,9,1,UNSAT,20,Minisat220_DoneNormally_UNSAT,17,59
8c9d81a6-8164-4430-bdaa-bf17f798675d,cnf,121,20.0,0.049185033000014755,True,9,1,UNSAT,20,Minisat220_DoneNormally_UNSAT,21,60
19ff4dc6-7674-4de7-a99a-f7e85d499f18,cnf,122,20.0,0.055121292999956495,True,9,1,UNSAT,20,Minisat220_DoneNormally_UNSAT,20,66
5bdc6a67-fbcb-4b34-bdc6-1f3342662215,cnf,123,20.0,0.04914124300000822,True,9,1,UNSAT,20,Minisat220_DoneNormally_UNSAT,23,60
11383395-3ae9-4369-8d3c-67a9bacfa7e1,cnf,124,20.0,0.050120703000004596,True,9,1,UNSAT,20,Minisat220_DoneNormally_UNSAT,21,61
ebc15592-ee04-4c11-9878-6b962144beb5,cnf,125,20.0,0.0538733719999982,True,9,1,UNSAT,20,Minisat220_DoneNormally_UNSAT,21,64
989fbebd-c014-40b4-a7f6-7bef59a331ac,cnf,126,20.0,0.04929296200003819,True,9,1,UNSAT,20,Minisat220_DoneNormally_UNSAT,22,60
77762c07-c4ba-4752-aace-a4a0196838bc,cnf,127,20.0,0.04958971299998893,True,9,1,UNSAT,20,Minisat220_DoneNormally_UNSAT,19,60
3a03b335-425d-4559-a566-c45e7e3323d8,cnf,1,20.0,0.04825689199998351,True,9,1,UNSAT,20,Minisat220_DoneNormally_UNSAT,23,58
c6aa1dae-3d9c-4a3b-80d1-1e2b3f745855,cnf,2,20.0,0.04903466199999684,True,9,1,UNSAT,20,Minisat220_DoneNormally_UNSAT,18,59
7c717e85-5239-41fd-88aa-391f395a1d83,cnf,3,20.0,0.047526132999962556,True,9,1,UNSAT,20,Minisat220_DoneNormally_UNSAT,20,58
749576df-1e0a-44d0-8a07-c3b9dac2ad33,cnf,4,20.0,0.04779472199999191,True,9,1,UNSAT,20,Minisat220_DoneNormally_UNSAT,21,58
24ff3b42-caed-498c-aa04-cf207f95534e,cnf,5,20.0,0.05009882199999538,True,9,1,UNSAT,20,Minisat220_DoneNormally_UNSAT,20,60
ab9c0b43-acbe-4a20-939a-8c815eb55dbc,cnf,6,20.0,0.05173607199998287,True,9,1,UNSAT,20,Minisat220_DoneNormally_UNSAT,22,62
a0168ca8-310c-445d-849a-3e9a8e385f38,cnf,7,20.0,0.04776751200000717,True,9,1,UNSAT,20,Minisat220_DoneNormally_UNSAT,21,58
f5655b7b-673c-45e7-bdd4-e407d7ed89e7,cnf,8,20.0,0.04751123299996607,True,9,1,UNSAT,20,Minisat220_DoneNormally_UNSAT,20,58
b94c531e-6d9f-4779-b444-4688812f44d0,cnf,9,20.0,0.04892814200002249,True,9,1,UNSAT,20,Minisat220_DoneNormally_UNSAT,21,59
5b91f2ac-7175-4c6f-a048-917768530858,cnf,10,20.0,0.047831541999983074,True,9,1,UNSAT,20,Minisat220_DoneNormally_UNSAT,19,58
8f154734-457b-40a0-ab72-8fa3842e15a4,cnf,11,20.0,0.047330863000013323,True,9,1,UNSAT,20,Minisat220_DoneNormally_UNSAT,18,57
2e58457f-1bb0-4e42-bfd6-96024b671077,cnf,12,20.0,0.04791722300001311,True,9,1,UNSAT,20,Minisat220_DoneNormally_UNSAT,22,58
960ef8df-ea0c-451f-9902-9f0b58906888,cnf,13,20.0,0.05380242199998975,True,9,1,UNSAT,20,Minisat220_DoneNormally_UNSAT,24,64
54108375-4c59-4350-b3b4-7e48da0c2963,cnf,14,20.0,0.04845709200003512,True,9,1,UNSAT,20,Minisat220_DoneNormally_UNSAT,21,59
ab6c11d8-2f50-4a06-b2e2-cce82a300916,cnf,15,20.0,0.04723553299999139,True,9,1,UNSAT,20,Minisat220_DoneNormally_UNSAT,18,57
156509c5-4e4c-476f-a72d-bb2e5f52a695,cnf,16,20.0,0.04829782200005184,True,9,1,UNSAT,20,Minisat220_DoneNormally_UNSAT,22,58
0b775c3e-a0c4-4a1a-9314-199cfe73cdfb,cnf,17,20.0,0.048799241999972764,True,9,1,UNSAT,20,Minisat220_DoneNormally_UNSAT,21,59
c2138c24-28fc-4fac-85d6-e219c127eed8,cnf,18,20.0,0.048403191999966566,True,9,1,UNSAT,20,Minisat220_DoneNormally_UNSAT,21,58
10673fef-06f3-48ff-9827-c6aeaf7942b5,cnf,19,20.0,0.04846739200002048,True,9,1,UNSAT,20,Minisat220_DoneNormally_UNSAT,22,58
8914facd-e899-4cd2-ad3f-693878c17211,cnf,20,20.0,0.04868539200003852,True,9,1,UNSAT,20,Minisat220_DoneNormally_UNSAT,23,59
ad7a50cc-8416-42f5-85e0-fe5cd2de24c5,cnf,21,20.0,0.05417952300001616,True,9,1,UNSAT,20,Minisat220_DoneNormally_UNSAT,20,64
945fcf4e-5c28-4fd8-909f-d663f5e6ee6d,cnf,22,20.0,0.05641912300001195,True,9,1,UNSAT,20,Minisat220_DoneNormally_UNSAT,25,66
41e881d0-232b-4904-9e46-1cb3392405a3,cnf,23,20.0,0.054880632999982026,True,9,1,UNSAT,20,Minisat220_DoneNormally_UNSAT,21,65
f91bd362-2e99-4d50-a00c-aab0942223f9,cnf,24,20.0,0.05036553200000071,True,9,1,UNSAT,20,Minisat220_DoneNormally_UNSAT,26,60
804cfb8c-edc1-45bd-a901-1c309a0070fa,cnf,25,20.0,0.04936377299998185,True,9,1,UNSAT,20,Minisat220_DoneNormally_UNSAT,23,59
7fd0d7a3-fd28-4b4f-8849-d7f63e0f85fe,cnf,26,20.0,0.047859432999985074,True,9,1,UNSAT,20,Minisat220_DoneNormally_UNSAT,23,58
3ae42beb-6061-4932-90be-23ceeee86a98,cnf,27,20.0,0.04815680199999406,True,9,1,UNSAT,20,Minisat220_DoneNormally_UNSAT,22,58
08577d28-b2e1-4114-91c2-f1bb69121412,cnf,28,20.0,0.049931162000007134,True,9,1,UNSAT,20,Minisat220_DoneNormally_UNSAT,20,60
aec391ec-d90c-45c4-93f8-4af256dfc400,cnf,29,20.0,0.05441749300001675,True,9,1,UNSAT,20,Minisat220_DoneNormally_UNSAT,26,65
d2b294a6-a4e1-463b-8531-fb3f44e39ca5,cnf,30,20.0,0.049038542000005236,True,9,1,UNSAT,20,Minisat220_DoneNormally_UNSAT,16,59
d6d4df36-1637-426c-86a7-c9cf1b2cffdf,cnf,31,20.0,0.04774002200002769,True,9,1,UNSAT,20,Minisat220_DoneNormally_UNSAT,23,58
2fcfb651-f05e-4352-9892-69692ccb8e06,cnf,32,20.0,0.05315269300001546,True,9,1,UNSAT,20,Minisat220_DoneNormally_UNSAT,25,63
6f6c0032-8420-46bf-bd1f-6b0d5a7d43b2,cnf,33,20.0,0.05466353299999582,True,9,1,UNSAT,20,Minisat220_DoneNormally_UNSAT,20,65
0b095308-9d49-40c6-8d48-400b2c7a578f,cnf,34,20.0,0.04935208300003069,True,9,1,UNSAT,20,Minisat220_DoneNormally_UNSAT,27,59
d4c15089-766a-4a6d-a625-e4990631ad83,cnf,35,20.0,0.048818432999951256,True,9,1,UNSAT,20,Minisat220_DoneNormally_UNSAT,23,59
1c9de2b8-6bf0-49b7-accb-f8185af1fef1,cnf,36,20.0,0.05298792300004607,True,9,1,UNSAT,20,Minisat220_DoneNormally_UNSAT,24,63
ce6e2293-79e2-4e8a-8827-f8a4e62a3cf4,cnf,37,20.0,0.05572987199997215,True,9,1,UNSAT,20,Minisat220_DoneNormally_UNSAT,22,66
18ad1749-0cbd-406b-822b-fc34bb976a38,cnf,38,20.0,0.053798482999980024,True,9,1,UNSAT,20,Minisat220_DoneNormally_UNSAT,22,64
789feabc-5dbe-4130-9d72-e557ab98f16b,cnf,39,20.0,0.0479455519999874,True,9,1,UNSAT,20,Minisat220_DoneNormally_UNSAT,20,58
9fcf5677-7e71-49c4-8c91-6ad5d9e4d79a,cnf,40,20.0,0.048540843000012046,True,9,1,UNSAT,20,Minisat220_DoneNormally_UNSAT,23,59
f73a3052-ff0d-4df1-8c95-52a9bb8ea0fb,cnf,41,20.0,0.04783330200001501,True,9,1,UNSAT,20,Minisat220_DoneNormally_UNSAT,18,58
08e4adf0-a68c-497e-af0c-cbced304a09c,cnf,42,20.0,0.048000612000009824,True,9,1,UNSAT,20,Minisat220_DoneNormally_UNSAT,21,58
dbba9290-1728-425e-82ae-5d8b7768cc75,cnf,43,20.0,0.04753203199999234,True,9,1,UNSAT,20,Minisat220_DoneNormally_UNSAT,22,58
1f7a9906-f0c8-4f08-a8fb-42a297c7b670,cnf,44,20.0,0.04979154299996935,True,9,1,UNSAT,20,Minisat220_DoneNormally_UNSAT,20,60
87ef3524-3805-4f14-b34e-7d61d19b012e,cnf,45,20.0,0.048847761999979866,True,9,1,UNSAT,20,Minisat220_DoneNormally_UNSAT,20,59
1ce8b179-42d5-477b-b228-97637bd61c1a,cnf,46,20.0,0.048374711999997544,True,9,1,UNSAT,20,Minisat220_DoneNormally_UNSAT,22,59
4fbd1efc-a22d-4c29-b158-d958697eb617,cnf,47,20.0,0.04867937299997038,True,9,1,UNSAT,20,Minisat220_DoneNormally_UNSAT,21,59
cfe292f8-501f-4ea7-8bcc-9543498a9520,cnf,48,20.0,0.05111761199998455,True,9,1,UNSAT,20,Minisat220_DoneNormally_UNSAT,20,61
986ab2b9-2f08-47e6-a909-c9ce66d2e44a,cnf,49,20.0,0.04781089299996211,True,9,1,UNSAT,20,Minisat220_DoneNormally_UNSAT,22,58
3d3b411c-c3f4-43ba-b9e9-4b5dea612663,cnf,50,20.0,0.04890857199995935,True,9,1,UNSAT,20,Minisat220_DoneNormally_UNSAT,18,59
747a9b0e-6638-4426-a964-47934b700926,cnf,51,20.0,0.053532122999968124,True,9,1,UNSAT,20,Minisat220_DoneNormally_UNSAT,21,64
244a4a44-5b30-4ed1-9339-d20854819d6d,cnf,52,20.0,0.048758662000011554,True,9,1,UNSAT,20,Minisat220_DoneNormally_UNSAT,23,59
5ea87c6a-67cd-419a-9d08-c0308431c904,cnf,53,20.0,0.0485702230000129,True,9,1,UNSAT,20,Minisat220_DoneNormally_UNSAT,18,59
54b123e1-b258-4020-8d3b-c38d5548775f,cnf,54,20.0,0.048475741999993716,True,9,1,UNSAT,20,Minisat220_DoneNormally_UNSAT,23,59
ea65458a-53eb-408a-8282-549b688ed258,cnf,55,20.0,0.04800272200003519,True,9,1,UNSAT,20,Minisat220_DoneNormally_UNSAT,20,58
5bb3156c-df0d-44dc-90a3-2f93fc5793f6,cnf,56,20.0,0.04808867200000577,True,9,1,UNSAT,20,Minisat220_DoneNormally_UNSAT,22,58
46b35689-efdc-4a3e-9ec5-385ae172329b,cnf,57,20.0,0.04883802200004084,True,9,1,UNSAT,20,Minisat220_DoneNormally_UNSAT,21,59
f6c93081-6afb-484d-9232-1ec9c152e1b3,cnf,58,20.0,0.0483534329999884,True,9,1,UNSAT,20,Minisat220_DoneNormally_UNSAT,19,58
4ab2b1c2-1f7e-4c6c-a327-7a9f48bb1e64,cnf,59,20.0,0.0551816830000007,True,9,1,UNSAT,20,Minisat220_DoneNormally_UNSAT,25,65
2a41e0a4-bc9f-440c-974b-56a6cf8620d7,cnf,60,20.0,0.04947064199996021,True,9,1,UNSAT,20,Minisat220_DoneNormally_UNSAT,19,60
0e9a64e4-592a-471a-9a14-d326e02d7de0,cnf,61,20.0,0.05462867300002472,True,9,1,UNSAT,20,Minisat220_DoneNormally_UNSAT,22,65
7b2a036b-7f34-45ce-bf3d-638983383ea0,cnf,62,20.0,0.049500191999982235,True,9,1,UNSAT,20,Minisat220_DoneNormally_UNSAT,22,60
e293aef6-44d8-439e-a9b9-8910c1ce3062,cnf,63,20.0,0.04959521299997505,True,9,1,UNSAT,20,Minisat220_DoneNormally_UNSAT,19,60
39282ddf-7b9d-4b18-af51-6b8959876480,cnf,64,20.0,0.056670843000006244,True,9,1,UNSAT,20,Minisat220_DoneNormally_UNSAT,22,67
06d58a95-7e64-4987-88ee-b0f1d2de672d,cnf,65,20.0,0.04997069200004489,True,9,1,UNSAT,20,Minisat220_DoneNormally_UNSAT,18,60
1b43cee8-1692-45dd-8573-e3fb105c27e7,cnf,66,20.0,0.0494621519999896,True,9,1,UNSAT,20,Minisat220_DoneNormally_UNSAT,22,60
77b3cae2-210b-424f-b225-5367069d4d1c,cnf,67,20.0,0.04838213199997199,True,9,1,UNSAT,20,Minisat220_DoneNormally_UNSAT,21,59
2f5b3c93-30ad-45bf-89ea-34fc06a9cc28,cnf,68,20.0,0.04887476199996854,True,9,1,UNSAT,20,Minisat220_DoneNormally_UNSAT,22,59
99dbad96-0c6d-40b7-ac47-07daba2da5c3,cnf,69,20.0,0.049038542000005236,True,9,1,UNSAT,20,Minisat220_DoneNormally_UNSAT,20,59
1bcf836b-8802-4471-8bcb-a30fff70e7db,cnf,70,20.0,0.04915538199998082,True,9,1,UNSAT,20,Minisat220_DoneNormally_UNSAT,20,59
86c255b7-7f84-4bca-895d-7092d120deae,cnf,71,20.0,0.04801745200001051,True,9,1,UNSAT,20,Minisat220_DoneNormally_UNSAT,19,58
01318edb-3481-4a76-bf39-7d9e2248c502,cnf,72,20.0,0.05024219299997412,True,9,1,UNSAT,20,Minisat220_DoneNormally_UNSAT,19,60
8afce470-380f-4e21-9688-cb632d599fde,cnf,73,20.0,0.049040232000038486,True,9,1,UNSAT,20,Minisat220_DoneNormally_UNSAT,22,59
fb685dd1-e75c-41a7-809f-828044c4c4c3,cnf,74,20.0,0.048146072000008644,True,9,1,UNSAT,20,Minisat220_DoneNormally_UNSAT,21,58
33a13a41-15ef-4ea0-b3ee-499097a72cfd,cnf,75,20.0,0.04954680200000894,True,9,1,UNSAT,20,Minisat220_DoneNormally_UNSAT,20,60
2f0b613e-a865-47f8-8c3e-203e408f23ed,cnf,76,20.0,0.04946016200000258,True,9,1,UNSAT,20,Minisat220_DoneNormally_UNSAT,22,60
1948965a-54a7-44a6-ae99-67743b248a9b,cnf,77,20.0,0.048625673000003644,True,9,1,UNSAT,20,Minisat220_DoneNormally_UNSAT,20,59
60748906-3edf-4332-b1cf-b0db2d03c50a,cnf,78,20.0,0.04920546200003173,True,9,1,UNSAT,20,Minisat220_DoneNormally_UNSAT,20,59
19e77f87-a391-487d-bf53-c11289eaa038,cnf,79,20.0,0.048482543000034184,True,9,1,UNSAT,20,Minisat220_DoneNormally_UNSAT,22,59
6dfc3309-0a83-4777-ada5-3f03d5290be2,cnf,80,20.0,0.04872773199997482,True,9,1,UNSAT,20,Minisat220_DoneNormally_UNSAT,22,59
27bdda94-a987-4da6-a8b0-ab3dc1a1eabc,cnf,81,20.0,0.04878875299999663,True,9,1,UNSAT,20,Minisat220_DoneNormally_UNSAT,19,59
55b749c0-d1af-4edb-b42c-f1d70cd03e1d,cnf,82,20.0,0.048531892000028165,True,9,1,UNSAT,20,Minisat220_DoneNormally_UNSAT,22,59
fec3b2f8-036f-4daf-a351-26ad3063ce3f,cnf,83,20.0,0.049344973000017944,True,9,1,UNSAT,20,Minisat220_DoneNormally_UNSAT,24,60
9b86e3a6-b977-42e8-b2cc-ae640c9c4714,cnf,84,20.0,0.05569313300003387,True,9,1,UNSAT,20,Minisat220_DoneNormally_UNSAT,22,66
0bbab413-6b29-45d6-b243-8e79a0ef26ca,cnf,85,20.0,0.04840069200002972,True,9,1,UNSAT,20,Minisat220_DoneNormally_UNSAT,20,59
ceb0fed8-f62a-4c4b-a31e-c5cf44272b6f,cnf,86,20.0,0.04866827299997567,True,9,1,UNSAT,20,Minisat220_DoneNormally_UNSAT,21,59
8aa9abf4-0d56-410a-bdf4-0a01adc00aad,cnf,87,20.0,0.050056142000016735,True,9,1,UNSAT,20,Minisat220_DoneNormally_UNSAT,21,60
530206e4-321b-4dc7-bdfd-8b3bcca8e695,cnf,88,20.0,0.049302941999997074,True,9,1,UNSAT,20,Minisat220_DoneNormally_UNSAT,21,60
e9fc3f46-6729-4340-af23-99b6f762e3fe,cnf,89,20.0,0.048704532000044765,True,9,1,UNSAT,20,Minisat220_DoneNormally_UNSAT,20,59
1218e37e-32b4-4892-b854-cafe27910fcd,cnf,90,20.0,0.04909174199997324,True,9,1,UNSAT,20,Minisat220_DoneNormally_UNSAT,20,59
691ef4e9-2211-4614-9935-89ee0425fed4,cnf,91,20.0,0.05562943300003553,True,9,1,UNSAT,20,Minisat220_DoneNormally_UNSAT,25,66
0baf53e4-ecb8-4301-9722-99633bae3748,cnf,92,20.0,0.050236231999974734,True,9,1,UNSAT,20,Minisat220_DoneNormally_UNSAT,22,61
f11aabe7-1174-4008-ace1-4b0f052462b9,cnf,93,20.0,0.04849462200002108,True,9,1,UNSAT,20,Minisat220_DoneNormally_UNSAT,19,59
1c77653e-ce49-416a-bdaf-dbcfac1f8e62,cnf,94,20.0,0.05568880200002013,True,9,1,UNSAT,20,Minisat220_DoneNormally_UNSAT,16,66
b290941f-7cef-4719-a16d-20ad118673c2,cnf,95,20.0,0.049383652000017264,True,9,1,UNSAT,20,Minisat220_DoneNormally_UNSAT,19,60
2e6c5b24-ea33-4f31-8618-fecdbb78f1d0,cnf,96,20.0,0.05447420199999442,True,9,1,UNSAT,20,Minisat220_DoneNormally_UNSAT,22,65
f1dcec2f-a59d-46df-83db-8768ce20627e,cnf,97,20.0,0.05038182200001984,True,9,1,UNSAT,20,Minisat220_DoneNormally_UNSAT,22,61
40dba8ed-03f5-45da-8007-d7449c651951,cnf,98,20.0,0.0493858629999977,True,9,1,UNSAT,20,Minisat220_DoneNormally_UNSAT,23,60
58ec3d89-1e67-42ab-8bea-e8cb36455392,cnf,99,20.0,0.049043502000017725,True,9,1,UNSAT,20,Minisat220_DoneNormally_UNSAT,21,59
ef4a84d2-108d-4cee-9da0-f610aaad764c,cnf,100,20.0,0.04873624300000756,True,9,1,UNSAT,20,Minisat220_DoneNormally_UNSAT,22,59
d8d4b67d-13a6-4b71-b4a9-a32c8bd49ce6,cnf,101,20.0,0.04981383299997333,True,9,1,UNSAT,20,Minisat220_DoneNormally_UNSAT,21,60
340ae123-ab14-4a4b-846c-ca42067d8a1a,cnf,102,20.0,0.05236528199998247,True,9,1,UNSAT,20,Minisat220_DoneNormally_UNSAT,22,63
29e705d9-e536-4c95-94fb-aec9560c07df,cnf,103,20.0,0.04870148199995583,True,9,1,UNSAT,20,Minisat220_DoneNormally_UNSAT,22,59
5b963a35-e5e5-4db9-b17a-5c1d13ba606a,cnf,104,20.0,0.04950914300002296,True,9,1,UNSAT,20,Minisat220_DoneNormally_UNSAT,23,60
e4ae1e33-2443-41e2-8f85-378315d9cd26,cnf,105,20.0,0.05264388299997336,True,9,1,UNSAT,20,Minisat220_DoneNormally_UNSAT,21,63
36a7c870-9026-4db8-90ea-75719cf61b6e,cnf,106,20.0,0.05027423199999248,True,9,1,UNSAT,20,Minisat220_DoneNormally_UNSAT,21,61
5f2dbd8f-9d4f-4cdc-ba9c-ee122d4c5340,cnf,107,20.0,0.04863711199999443,True,9,1,UNSAT,20,Minisat220_DoneNormally_UNSAT,21,59
fb0fc99e-f8d3-4173-b6c3-580d6b9f8487,cnf,108,20.0,0.04934938299999203,True,9,1,UNSAT,20,Minisat220_DoneNormally_UNSAT,19,60
f0ad7188-1b82-401b-8ae7-13d029ab225c,cnf,109,20.0,0.0489120420000404,True,9,1,UNSAT,20,Minisat220_DoneNormally_UNSAT,20,59
1ff9d490-120e-4070-bd77-d217d0df36ba,cnf,110,20.0,0.049216322000006585,True,9,1,UNSAT,20,Minisat220_DoneNormally_UNSAT,20,60
ef5013dc-6765-4e85-9b85-ad7fda292074,cnf,111,20.0,0.04904561199998625,True,9,1,UNSAT,20,Minisat220_DoneNormally_UNSAT,19,59
0c4f0332-6242-4517-a989-9e7f3ffb4684,cnf,112,20.0,0.04842668200001299,True,9,1,UNSAT,20,Minisat220_DoneNormally_UNSAT,21,59
84dcec94-1de0-41c3-ad36-746dfafcd80c,cnf,113,20.0,0.04945388199996614,True,9,1,UNSAT,20,Minisat220_DoneNormally_UNSAT,20,60
29c56a66-82a1-4ad0-a465-cb440c2ef481,cnf,114,20.0,0.04956581300001517,True,9,1,UNSAT,20,Minisat220_DoneNormally_UNSAT,24,60
aa819bb2-c168-45dc-84f2-f78147164de4,cnf,115,20.0,0.04913703300002226,True,9,1,UNSAT,20,Minisat220_DoneNormally_UNSAT,21,60
4681b45d-a957-4203-9966-d6fb2b849c65,cnf,116,20.0,0.04891416200001686,True,9,1,UNSAT,20,Minisat220_DoneNormally_UNSAT,22,59
a8304723-85d9-4fd0-9955-7754dd43f335,cnf,117,20.0,0.04927943199999163,True,9,1,UNSAT,20,Minisat220_DoneNormally_UNSAT,19,60
85d10b18-9540-4532-815e-29ef887e57dd,cnf,118,20.0,0.04934961200001453,True,9,1,UNSAT,20,Minisat220_DoneNormally_UNSAT,20,60
807ceb90-f55f-42b5-a2b4-fb69b6177c8f,cnf,119,20.0,0.04888457300000937,True,9,1,UNSAT,20,Minisat220_DoneNormally_UNSAT,22,59
dc24be80-4340-496b-b4c9-9ba10d01e749,cnf,120,20.0,0.052631141999995634,True,9,1,UNSAT,20,Minisat220_DoneNormally_UNSAT,27,63
52d84593-3d5e-44cf-89bf-cf8af5b894ce,cnf,121,20.0,0.04860500300003423,True,9,1,UNSAT,20,Minisat220_DoneNormally_UNSAT,21,59
883026ed-1e15-442b-b4be-8a968f475866,cnf,122,20.0,0.04859529300000531,True,9,1,UNSAT,20,Minisat220_DoneNormally_UNSAT,20,59
048a4bb4-9b47-4c7b-bb36-b902479be5b9,cnf,123,20.0,0.04869130200000882,True,9,1,UNSAT,20,Minisat220_DoneNormally_UNSAT,17,59
8418eabf-82d0-40b1-ab81-21ca9d665dc1,cnf,124,20.0,0.05048866300001009,True,9,1,UNSAT,20,Minisat220_DoneNormally_UNSAT,20,61
bac57df1-139e-47ac-8334-c6cfceb7a3f4,cnf,125,20.0,0.04814274199998181,True,9,1,UNSAT,20,Minisat220_DoneNormally_UNSAT,23,59
0b29587d-1be7-46e9-b82f-5128e1cead54,cnf,126,20.0,0.04875239199998305,True,9,1,UNSAT,20,Minisat220_DoneNormally_UNSAT,19,59
236c8c55-f131-4d43-b44d-e2aacc06b5c3,cnf,127,20.0,0.0570466429999783,True,9,1,UNSAT,20,Minisat220_DoneNormally_UNSAT,21,68
b48d89d4-1037-4045-8ec1-ef25f22a9141,cnf,1,20.0,0.04837899199998219,True,9,1,UNSAT,20,Minisat220_DoneNormally_UNSAT,17,58
5f9cd6a1-4725-4bc8-b981-28757bc77fb7,cnf,2,20.0,0.04861559200003285,True,9,1,UNSAT,20,Minisat220_DoneNormally_UNSAT,22,59
b909ee96-ca1e-47f9-8a79-40dbd774e56a,cnf,3,20.0,0.04755125299999463,True,9,1,UNSAT,20,Minisat220_DoneNormally_UNSAT,18,58
3dd346b3-516f-496e-bfab-a49e04358e27,cnf,4,20.0,0.04885237299998835,True,9,1,UNSAT,20,Minisat220_DoneNormally_UNSAT,20,59
942b7cd6-3f58-4f5c-a59e-ac2375062043,cnf,5,20.0,0.0506137819999708,True,9,1,UNSAT,20,Minisat220_DoneNormally_UNSAT,24,61
eeb9f282-0569-4e4d-95e4-29013bb03f0a,cnf,6,20.0,0.0512132020000422,True,9,1,UNSAT,20,Minisat220_DoneNormally_UNSAT,20,61
f85c82a9-bc77-4590-b2eb-447c64e801ea,cnf,7,20.0,0.047639512000046125,True,9,1,UNSAT,20,Minisat220_DoneNormally_UNSAT,15,58
29e8f20b-985b-4471-b1be-fcf363b8df35,cnf,8,20.0,0.04805329199996322,True,9,1,UNSAT,20,Minisat220_DoneNormally_UNSAT,21,58
e1c8e805-3336-47d2-8f74-5a25c868077e,cnf,9,20.0,0.04828356200005146,True,9,1,UNSAT,20,Minisat220_DoneNormally_UNSAT,23,58
61785a84-5b05-40d2-bc90-c427d1f1a2cf,cnf,10,20.0,0.04828958200005218,True,9,1,UNSAT,20,Minisat220_DoneNormally_UNSAT,21,58
85f5dd74-cff1-4f76-934c-b14d9d617e29,cnf,11,20.0,0.04760755200004496,True,9,1,UNSAT,20,Minisat220_DoneNormally_UNSAT,22,58
d9e6c32b-3db3-4461-9c68-9b72038c492e,cnf,12,20.0,0.0491327629999887,True,9,1,UNSAT,20,Minisat220_DoneNormally_UNSAT,23,59
d60241a9-833b-4fb2-b213-0350d68787dc,cnf,13,20.0,0.05497777199997245,True,9,1,UNSAT,20,Minisat220_DoneNormally_UNSAT,21,65
cf5249c3-a0e3-49ad-a8aa-b3be4e63e155,cnf,14,20.0,0.047830321999981606,True,9,1,UNSAT,20,Minisat220_DoneNormally_UNSAT,22,58
ca5eddbb-bb68-4c08-b844-e3ce75d2d4f7,cnf,15,20.0,0.04730078299996876,True,9,1,UNSAT,20,Minisat220_DoneNormally_UNSAT,23,57
9161cc22-9c3e-479c-a52e-2241bcb9795d,cnf,16,20.0,0.048123021999970206,True,9,1,UNSAT,20,Minisat220_DoneNormally_UNSAT,16,58
1954a049-219e-45aa-a300-89f0ef5b17c9,cnf,17,20.0,0.04838716300002943,True,9,1,UNSAT,20,Minisat220_DoneNormally_UNSAT,25,58
4064c148-55ad-4423-a4e9-96847df1cb0d,cnf,18,20.0,0.048125302000016745,True,9,1,UNSAT,20,Minisat220_DoneNormally_UNSAT,21,58
bb20cf7f-30d9-42a8-96c1-213dfd09b131,cnf,19,20.0,0.048357332000023234,True,9,1,UNSAT,20,Minisat220_DoneNormally_UNSAT,23,58
e5108154-e4db-4f61-b0b2-efe6532da150,cnf,20,20.0,0.04877297199999475,True,9,1,UNSAT,20,Minisat220_DoneNormally_UNSAT,22,59
0898e557-f884-4d39-9275-c4332c7aeafc,cnf,21,20.0,0.05002157200004831,True,9,1,UNSAT,20,Minisat220_DoneNormally_UNSAT,23,60
8c2b2039-a8f8-4423-8df6-9e4ab6be5db5,cnf,22,20.0,0.04829580199998418,True,9,1,UNSAT,20,Minisat220_DoneNormally_UNSAT,19,58
41b79f2a-c87e-430b-a2a5-2d9126ac067a,cnf,23,20.0,0.049648241999989295,True,9,1,UNSAT,20,Minisat220_DoneNormally_UNSAT,23,60
3e6be654-3b80-4383-be4a-44f4f0ac4cbc,cnf,24,20.0,0.04932176199997684,True,9,1,UNSAT,20,Minisat220_DoneNormally_UNSAT,23,59
3116408b-5a87-4965-9c3a-3db1cc436507,cnf,25,20.0,0.04945567299995446,True,9,1,UNSAT,20,Minisat220_DoneNormally_UNSAT,21,59
75eb6cfb-8250-4472-be71-18d49395879a,cnf,26,20.0,0.04755532200005064,True,9,1,UNSAT,20,Minisat220_DoneNormally_UNSAT,21,58
b96fc224-8a4a-40b2-a838-269c56b895c1,cnf,27,20.0,0.04811977199994999,True,9,1,UNSAT,20,Minisat220_DoneNormally_UNSAT,20,58
ce857313-27d5-420f-845a-3ffaeaacfecf,cnf,28,20.0,0.05015015300000414,True,9,1,UNSAT,20,Minisat220_DoneNormally_UNSAT,21,60
2c727f9b-f296-4462-840b-a5aa9323b10e,cnf,29,20.0,0.04837464299998828,True,9,1,UNSAT,20,Minisat220_DoneNormally_UNSAT,17,58
5331c277-fb1d-4840-a403-1d7eddc2fffc,cnf,30,20.0,0.05504110299995091,True,9,1,UNSAT,20,Minisat220_DoneNormally_UNSAT,20,65
370ea147-68be-447c-8d0a-71a766013e14,cnf,31,20.0,0.04775849200001403,True,9,1,UNSAT,20,Minisat220_DoneNormally_UNSAT,19,58
53a64f1a-9f27-4a00-8e68-337ab7115c7a,cnf,32,20.0,0.05304411299999856,True,9,1,UNSAT,20,Minisat220_DoneNormally_UNSAT,22,63
b63f94b6-4698-4842-bfbe-ee3fb88961b8,cnf,33,20.0,0.050327942000023995,True,9,1,UNSAT,20,Minisat220_DoneNormally_UNSAT,20,60
39c8f66e-5a1b-42af-a334-29f7fc9031b8,cnf,34,20.0,0.05178992300000118,True,9,1,UNSAT,20,Minisat220_DoneNormally_UNSAT,29,62
2dd13be1-dd2e-40b7-b2f3-2f4efa041eb7,cnf,35,20.0,0.049959822999994685,True,9,1,UNSAT,20,Minisat220_DoneNormally_UNSAT,23,60
5a00a48f-0f03-4c3d-b11f-31e93eea53f4,cnf,36,20.0,0.05017451299994491,True,9,1,UNSAT,20,Minisat220_DoneNormally_UNSAT,23,60
bb651949-39a8-45c5-8a90-cb69463c9cd3,cnf,37,20.0,0.056653671999981725,True,9,1,UNSAT,20,Minisat220_DoneNormally_UNSAT,25,67
860aa2a7-bced-4b90-96f0-e97f53d3f637,cnf,38,20.0,0.055595812999968075,True,9,1,UNSAT,20,Minisat220_DoneNormally_UNSAT,22,66
a4a31c70-c4df-4d70-9cd3-c38f612795bd,cnf,39,20.0,0.048261811999964266,True,9,1,UNSAT,20,Minisat220_DoneNormally_UNSAT,21,58
aa3ca067-819c-44e2-9759-825a61fe98ad,cnf,40,20.0,0.04805493200001365,True,9,1,UNSAT,20,Minisat220_DoneNormally_UNSAT,21,58
b11659fd-b251-40bf-b23a-e360b4ece07e,cnf,41,20.0,0.04844934200002626,True,9,1,UNSAT,20,Minisat220_DoneNormally_UNSAT,22,59
d034bbce-105b-4bd1-bc1b-01675dfdeb3e,cnf,42,20.0,0.04820175200001131,True,9,1,UNSAT,20,Minisat220_DoneNormally_UNSAT,23,58
db47305f-a97b-441d-a1fa-a0d5cff80b14,cnf,43,20.0,0.04854748200000358,True,9,1,UNSAT,20,Minisat220_DoneNormally_UNSAT,22,59
d20185f5-e2df-47b8-b31d-af1abec78624,cnf,44,20.0,0.05034349300001395,True,9,1,UNSAT,20,Minisat220_DoneNormally_UNSAT,22,61
abcf42fd-8fa0-4209-a007-cd78f16f3344,cnf,45,20.0,0.048676372000045376,True,9,1,UNSAT,20,Minisat220_DoneNormally_UNSAT,22,59
70782c58-280c-4834-9c04-2dada1b74afd,cnf,46,20.0,0.04844515299998875,True,9,1,UNSAT,20,Minisat220_DoneNormally_UNSAT,21,59
39bbe78b-19a4-4bd2-b323-99e736c83b9e,cnf,47,20.0,0.0487061929999868,True,9,1,UNSAT,20,Minisat220_DoneNormally_UNSAT,20,59
11512ea5-30f7-4d5f-9b70-67798ac11128,cnf,48,20.0,0.05092387199999848,True,9,1,UNSAT,20,Minisat220_DoneNormally_UNSAT,21,61
e3257ccf-e3f5-4080-9b26-dcc6fdf8c8b2,cnf,49,20.0,0.04808874299999388,True,9,1,UNSAT,20,Minisat220_DoneNormally_UNSAT,19,58
9e873c79-ba35-4559-9cce-64acb874b088,cnf,50,20.0,0.04913127300000042,True,9,1,UNSAT,20,Minisat220_DoneNormally_UNSAT,20,59
fc249d62-0a06-4662-8b26-b58d90cf5c88,cnf,51,20.0,0.047962443000017174,True,9,1,UNSAT,20,Minisat220_DoneNormally_UNSAT,23,58
4b4c951b-5470-42ac-9d7d-f1f217f21c44,cnf,52,20.0,0.04873103199997786,True,9,1,UNSAT,20,Minisat220_DoneNormally_UNSAT,21,59
4e90faf8-f779-4658-a816-670d488eab06,cnf,53,20.0,0.04853288200001771,True,9,1,UNSAT,20,Minisat220_DoneNormally_UNSAT,22,59
37b8940f-5bc3-4b70-b3ba-3d729c82bee2,cnf,54,20.0,0.04878439200001594,True,9,1,UNSAT,20,Minisat220_DoneNormally_UNSAT,22,59
474ca4ca-4d35-44ea-ad8b-a884759a44c7,cnf,55,20.0,0.04823501200002056,True,9,1,UNSAT,20,Minisat220_DoneNormally_UNSAT,21,58
7c97e953-4409-4546-9c88-c8e6e6e85d41,cnf,56,20.0,0.04867601199998717,True,9,1,UNSAT,20,Minisat220_DoneNormally_UNSAT,20,59
602c573d-d161-4c54-ad00-75101b41dfaf,cnf,57,20.0,0.048771982999994634,True,9,1,UNSAT,20,Minisat220_DoneNormally_UNSAT,25,59
be9f7082-0a9a-492a-bec8-3f51ed889400,cnf,58,20.0,0.04828560299995388,True,9,1,UNSAT,20,Minisat220_DoneNormally_UNSAT,21,58
1d77a6a5-cc6c-454b-8050-c25f47342c93,cnf,59,20.0,0.04917744199997287,True,9,1,UNSAT,20,Minisat220_DoneNormally_UNSAT,20,59
82e0c34b-006a-43ce-8f66-c71963c40080,cnf,60,20.0,0.04934854200001837,True,9,1,UNSAT,20,Minisat220_DoneNormally_UNSAT,22,60
fbf8475e-acf7-42e1-94bb-415d5f270bc7,cnf,61,20.0,0.049301322000019354,True,9,1,UNSAT,20,Minisat220_DoneNormally_UNSAT,20,60
d9b8a734-a929-48af-be36-be5950754eb2,cnf,62,20.0,0.050132361999999375,True,9,1,UNSAT,20,Minisat220_DoneNormally_UNSAT,21,60
d86a4ea2-14c4-4731-a005-34aeba24b3aa,cnf,63,20.0,0.049515552999991996,True,9,1,UNSAT,20,Minisat220_DoneNormally_UNSAT,16,60
789e69df-0139-4f51-b37d-302a03466d94,cnf,64,20.0,0.054299102000015864,True,9,1,UNSAT,20,Minisat220_DoneNormally_UNSAT,20,65
4ae7f39b-c44c-4818-a68a-d16ec65b657c,cnf,65,20.0,0.050138781999976345,True,9,1,UNSAT,20,Minisat220_DoneNormally_UNSAT,20,60
4fc0030f-ba68-409d-bb31-dd54897f69a9,cnf,66,20.0,0.04966398199997002,True,9,1,UNSAT,20,Minisat220_DoneNormally_UNSAT,22,60
d5700122-1a08-46b5-8cd3-877db225731e,cnf,67,20.0,0.04878226199997471,True,9,1,UNSAT,20,Minisat220_DoneNormally_UNSAT,21,59
563dfe06-3e30-4697-9885-8a2e7799e1e7,cnf,68,20.0,0.04974956200004499,True,9,1,UNSAT,20,Minisat220_DoneNormally_UNSAT,21,60
90ff5572-35ea-4556-b15e-8e0c23e7ce39,cnf,69,20.0,0.04824732299999823,True,9,1,UNSAT,20,Minisat220_DoneNormally_UNSAT,18,58
773dadf7-311c-467e-969e-f5cf27ecacf7,cnf,70,20.0,0.04848030199997311,True,9,1,UNSAT,20,Minisat220_DoneNormally_UNSAT,22,59
87e839ea-c053-43d6-9307-43e7725f96ea,cnf,71,20.0,0.04801584199998388,True,9,1,UNSAT,20,Minisat220_DoneNormally_UNSAT,21,58
38660865-2951-4e95-be00-66c2c4203322,cnf,72,20.0,0.05349522299997034,True,9,1,UNSAT,20,Minisat220_DoneNormally_UNSAT,25,64
83658042-5a55-49a0-af3f-6329a14da28f,cnf,73,20.0,0.049431593000008434,True,9,1,UNSAT,20,Minisat220_DoneNormally_UNSAT,17,60
46070040-198b-409f-90e0-43b3495cf175,cnf,74,20.0,0.04900794200000291,True,9,1,UNSAT,20,Minisat220_DoneNormally_UNSAT,23,59
076d4ef2-f8d7-40c9-b376-e942961bb273,cnf,75,20.0,0.048711391999972875,True,9,1,UNSAT,20,Minisat220_DoneNormally_UNSAT,21,59
7296c040-f358-4c92-8f9e-39eebe2b7e32,cnf,76,20.0,0.05014874199997621,True,9,1,UNSAT,20,Minisat220_DoneNormally_UNSAT,21,60
12a4dc54-c3a1-47a7-814a-296aa64e2fd9,cnf,77,20.0,0.049155161999976826,True,9,1,UNSAT,20,Minisat220_DoneNormally_UNSAT,23,59
28ee9abb-9091-4822-9eb9-351105f21efa,cnf,78,20.0,0.049397622999947544,True,9,1,UNSAT,20,Minisat220_DoneNormally_UNSAT,21,60
60f3c731-57bc-4723-a458-a3b55108572e,cnf,79,20.0,0.047863822000010714,True,9,1,UNSAT,20,Minisat220_DoneNormally_UNSAT,21,58
79091dbf-40f5-4dcf-a281-34b0facd2b11,cnf,80,20.0,0.04921361200001684,True,9,1,UNSAT,20,Minisat220_DoneNormally_UNSAT,21,59
0b9d06c3-cc75-4012-a49d-b83d4d68e7d8,cnf,81,20.0,0.0495541630000389,True,9,1,UNSAT,20,Minisat220_DoneNormally_UNSAT,24,60
c868b63d-3762-4759-bc97-b22b0f0e6328,cnf,82,20.0,0.04890464200002498,True,9,1,UNSAT,20,Minisat220_DoneNormally_UNSAT,18,59
3531d026-7ee0-4968-a572-cda37639e90b,cnf,83,20.0,0.04857376199998953,True,9,1,UNSAT,20,Minisat220_DoneNormally_UNSAT,20,59
debd17ca-16d1-4234-825b-202fef5a02ce,cnf,84,20.0,0.0528719429999569,True,9,1,UNSAT,20,Minisat220_DoneNormally_UNSAT,27,63
4b26ccca-5c3e-4c73-91bd-c616c83269ec,cnf,85,20.0,0.04878647200001751,True,9,1,UNSAT,20,Minisat220_DoneNormally_UNSAT,19,59
bd0cc251-88d4-43cb-979b-2cd74cf507f2,cnf,86,20.0,0.048206021999988025,True,9,1,UNSAT,20,Minisat220_DoneNormally_UNSAT,19,58
200b0318-258f-4279-a240-a27b9cc4fd2a,cnf,87,20.0,0.049420633000011094,True,9,1,UNSAT,20,Minisat220_DoneNormally_UNSAT,24,60
5ddf66d7-eeec-4782-8e24-c2fc7c5bc7dd,cnf,88,20.0,0.04933415199997171,True,9,1,UNSAT,20,Minisat220_DoneNormally_UNSAT,18,60
569e6af0-3b81-4abd-9e2a-6cd57d5f52f7,cnf,89,20.0,0.048864401999992424,True,9,1,UNSAT,20,Minisat220_DoneNormally_UNSAT,22,59
8ef5b2d2-d34f-4a84-b719-975762b49429,cnf,90,20.0,0.048572422000006554,True,9,1,UNSAT,20,Minisat220_DoneNormally_UNSAT,23,59
43e8bd25-82fd-4fc7-8346-29100658ce86,cnf,91,20.0,0.048876812000003156,True,9,1,UNSAT,20,Minisat220_DoneNormally_UNSAT,23,59
b79ead49-52f4-4fb3-bcd9-20644ccedbfc,cnf,92,20.0,0.049013982000019496,True,9,1,UNSAT,20,Minisat220_DoneNormally_UNSAT,22,59
956b9671-f5d9-49d8-987c-c701e30934ac,cnf,93,20.0,0.04810748199997761,True,9,1,UNSAT,20,Minisat220_DoneNormally_UNSAT,19,58
5a18c237-1747-4a13-9ab7-d2befeed9167,cnf,94,20.0,0.055440132000001086,True,9,1,UNSAT,20,Minisat220_DoneNormally_UNSAT,18,66
08af1555-68c9-4ddd-83a7-175006c4c290,cnf,95,20.0,0.048904712000023665,True,9,1,UNSAT,20,Minisat220_DoneNormally_UNSAT,18,59
cbdf8247-09a6-4cb9-85d5-07c022732f90,cnf,96,20.0,0.04901731199998949,True,9,1,UNSAT,20,Minisat220_DoneNormally_UNSAT,24,59
d97966ad-d639-445f-8f89-665d4bddd037,cnf,97,20.0,0.05089293200001066,True,9,1,UNSAT,20,Minisat220_DoneNormally_UNSAT,22,61
4c7b8a81-ca83-4050-b55d-7d10cc76c6a5,cnf,98,20.0,0.048658952999971916,True,9,1,UNSAT,20,Minisat220_DoneNormally_UNSAT,21,59
ba141cc1-80b7-4da7-b458-c67c5657dff5,cnf,99,20.0,0.048716571999989355,True,9,1,UNSAT,20,Minisat220_DoneNormally_UNSAT,21,59
0a7a054c-f94e-4819-bc66-5b298a00e517,cnf,100,20.0,0.049093331999984,True,9,1,UNSAT,20,Minisat220_DoneNormally_UNSAT,24,59
be9ea3de-36db-4143-931c-0c9f5036bea7,cnf,101,20.0,0.04862990300000547,True,9,1,UNSAT,20,Minisat220_DoneNormally_UNSAT,24,59
e821594d-c50d-48b6-b5c8-aeaf4006b8b8,cnf,102,20.0,0.0500565020000181,True,9,1,UNSAT,20,Minisat220_DoneNormally_UNSAT,22,60
bef21909-c817-4775-b8ce-2e0f66f5e3a8,cnf,103,20.0,0.04838137199999437,True,9,1,UNSAT,20,Minisat220_DoneNormally_UNSAT,20,59
4510297d-20b7-4fb2-9cd6-f61a4d634a2c,cnf,104,20.0,0.04905098199998292,True,9,1,UNSAT,20,Minisat220_DoneNormally_UNSAT,21,59
b136e2f4-e18e-4615-9f2d-2e6b9bd1815d,cnf,105,20.0,0.05101775300005329,True,9,1,UNSAT,20,Minisat220_DoneNormally_UNSAT,21,61
edce5b2a-5970-45fb-b96e-c803dd9f26c2,cnf,106,20.0,0.050462912000000415,True,9,1,UNSAT,20,Minisat220_DoneNormally_UNSAT,19,61
5c54689e-62b0-4f01-b762-5988d15131d0,cnf,107,20.0,0.049139512000010654,True,9,1,UNSAT,20,Minisat220_DoneNormally_UNSAT,17,60
fde2c175-90bb-474f-8b27-28fc941d726a,cnf,108,20.0,0.05025443299996368,True,9,1,UNSAT,20,Minisat220_DoneNormally_UNSAT,21,61
6c812615-dbce-4add-8d95-89faffb45af8,cnf,109,20.0,0.05064355299998624,True,9,1,UNSAT,20,Minisat220_DoneNormally_UNSAT,19,61
544848a6-f305-4580-9106-895e76e8d220,cnf,110,20.0,0.04932437200000095,True,9,1,UNSAT,20,Minisat220_DoneNormally_UNSAT,21,60
3f3e1d4b-307d-41cc-bd26-536aaac2c381,cnf,111,20.0,0.04880616299999474,True,9,1,UNSAT,20,Minisat220_DoneNormally_UNSAT,21,59
8dbb74c5-02bf-42a3-946e-77805c1eccde,cnf,112,20.0,0.04911127200000465,True,9,1,UNSAT,20,Minisat220_DoneNormally_UNSAT,20,59
516af5d1-cdba-409f-a5fb-7382648448e0,cnf,113,20.0,0.04932438199995204,True,9,1,UNSAT,20,Minisat220_DoneNormally_UNSAT,22,60
cdec5c3a-8db6-48ca-9b30-26cae6bf039e,cnf,114,20.0,0.0492596830000025,True,9,1,UNSAT,20,Minisat220_DoneNormally_UNSAT,20,60
e4fd8228-a493-40f8-853b-9371c3c066cd,cnf,115,20.0,0.04965554299997166,True,9,1,UNSAT,20,Minisat220_DoneNormally_UNSAT,20,60
1374ad7a-ce97-40f9-81d8-8eb5f9e9b3e5,cnf,116,20.0,0.04916975199995477,True,9,1,UNSAT,20,Minisat220_DoneNormally_UNSAT,22,60
112d1ae5-2da8-48bb-b591-d435c3341add,cnf,117,20.0,0.04894997200000262,True,9,1,UNSAT,20,Minisat220_DoneNormally_UNSAT,21,59
874f6430-35be-4316-ab4f-45d923a34fd5,cnf,118,20.0,0.0491899929999704,True,9,1,UNSAT,20,Minisat220_DoneNormally_UNSAT,21,60
5c4eb0b4-3915-4023-88d1-e39d411c5d97,cnf,119,20.0,0.04931919299997389,True,9,1,UNSAT,20,Minisat220_DoneNormally_UNSAT,18,60
795cc469-bccb-4c1a-bd5c-2461e13a7c40,cnf,120,20.0,0.049064831999999114,True,9,1,UNSAT,20,Minisat220_DoneNormally_UNSAT,22,59
5c70e19e-8b52-46b8-b19a-3bea668bdfcf,cnf,121,20.0,0.048623262000035083,True,9,1,UNSAT,20,Minisat220_DoneNormally_UNSAT,21,59
233d9873-cfe1-48f9-83ea-949668b6fb68,cnf,122,20.0,0.04879787300001226,True,9,1,UNSAT,20,Minisat220_DoneNormally_UNSAT,23,59
a5e2cefc-60ff-49f7-9316-ee3d89de0aff,cnf,123,20.0,0.0492198819999885,True,9,1,UNSAT,20,Minisat220_DoneNormally_UNSAT,23,60
985fbd20-8772-4ff7-87c1-e5a7c7357a4c,cnf,124,20.0,0.049158782999995765,True,9,1,UNSAT,20,Minisat220_DoneNormally_UNSAT,20,60
c525d796-13ff-4915-9452-0931d9175a4b,cnf,125,20.0,0.04886913199999299,True,9,1,UNSAT,20,Minisat220_DoneNormally_UNSAT,19,59
23ff9ca0-98bb-410a-9932-e03c14038b53,cnf,126,20.0,0.04882122200001504,True,9,1,UNSAT,20,Minisat220_DoneNormally_UNSAT,24,59
3786952c-2eef-4480-aec9-8bc135bcbfcb,cnf,127,20.0,0.050275692000013805,True,9,1,UNSAT,20,Minisat220_DoneNormally_UNSAT,21,61
8bc2b356-921b-4f7b-adf3-2eb8dcaaa1a0,cnf,1,20.0,0.04774393200000304,True,9,1,UNSAT,20,Minisat220_DoneNormally_UNSAT,20,58
e21e69c7-5613-47d2-95ad-f99695bfa82b,cnf,2,20.0,0.048873921999984304,True,9,1,UNSAT,20,Minisat220_DoneNormally_UNSAT,20,59
30d04ffd-2089-4998-8531-86e143251348,cnf,3,20.0,0.04792380300000332,True,9,1,UNSAT,20,Minisat220_DoneNormally_UNSAT,20,58
88edb933-6d7a-4471-b1f8-34b781ec8912,cnf,4,20.0,0.04865366299998186,True,9,1,UNSAT,20,Minisat220_DoneNormally_UNSAT,22,59
91586ea4-a319-41fa-8c87-dc54c8fb6d62,cnf,5,20.0,0.05091601200001605,True,9,1,UNSAT,20,Minisat220_DoneNormally_UNSAT,19,61
35c092a3-44fc-4765-9362-9d25d13b435c,cnf,6,20.0,0.051810571999965305,True,9,1,UNSAT,20,Minisat220_DoneNormally_UNSAT,23,62
b2326e10-7873-45ef-abd1-36fca8a20866,cnf,7,20.0,0.060640171999978065,True,9,1,UNSAT,20,Minisat220_DoneNormally_UNSAT,26,71
9396f343-40e8-4bf0-b862-c572df292158,cnf,8,20.0,0.049104623000005176,True,9,1,UNSAT,20,Minisat220_DoneNormally_UNSAT,18,59
c5e7e3b8-5f87-4aa4-81a8-ddca1de7bc2d,cnf,9,20.0,0.05037442199994757,True,9,1,UNSAT,20,Minisat220_DoneNormally_UNSAT,22,60
16ced58e-acbd-4591-ab05-b2b12ea01b9a,cnf,10,20.0,0.06212678299999652,True,9,1,UNSAT,20,Minisat220_DoneNormally_UNSAT,23,72
dde439a1-19d7-46d4-8a0c-0c9892d120e9,cnf,11,20.0,0.04811794199997621,True,9,1,UNSAT,20,Minisat220_DoneNormally_UNSAT,19,58
6bd6d473-e98d-4c54-bcfe-2c465ff0f04e,cnf,12,20.0,0.04860610299999735,True,9,1,UNSAT,20,Minisat220_DoneNormally_UNSAT,24,59
4a2f17c0-c39c-4606-b5f4-584db6d61cef,cnf,13,20.0,0.049476911999988715,True,9,1,UNSAT,20,Minisat220_DoneNormally_UNSAT,23,60
5771df89-939e-4ebb-b377-d1c2fb9397e0,cnf,14,20.0,0.04964660199999571,True,9,1,UNSAT,20,Minisat220_DoneNormally_UNSAT,23,60
e82a40f4-34be-45d9-987d-e94759fc311d,cnf,15,20.0,0.04802119300001095,True,9,1,UNSAT,20,Minisat220_DoneNormally_UNSAT,23,58
d4db3ab1-4f3e-4032-a323-2eb29de67c20,cnf,16,20.0,0.0517021929999828,True,9,1,UNSAT,20,Minisat220_DoneNormally_UNSAT,26,62
3ab16305-67f2-4c05-a858-5462383977c1,cnf,17,20.0,0.04829283299994813,True,9,1,UNSAT,20,Minisat220_DoneNormally_UNSAT,21,58
a4f4ca15-c97f-44e3-9986-7b41689ae5a3,cnf,18,20.0,0.04836614200002032,True,9,1,UNSAT,20,Minisat220_DoneNormally_UNSAT,22,58
1fa67ed8-21f9-4490-88c3-6139f03d3055,cnf,19,20.0,0.04897577200000569,True,9,1,UNSAT,20,Minisat220_DoneNormally_UNSAT,20,59
cf6f9ff0-c14e-4b8b-abfd-e56750d14c4a,cnf,20,20.0,0.04898760199995422,True,9,1,UNSAT,20,Minisat220_DoneNormally_UNSAT,23,59
7d8a4d2f-1cf3-4cd5-917a-3ead4401797e,cnf,21,20.0,0.04985772300000235,True,9,1,UNSAT,20,Minisat220_DoneNormally_UNSAT,20,60
84ca9ce8-3904-43fe-b56d-c6b8c50cf9de,cnf,22,20.0,0.048692312000014226,True,9,1,UNSAT,20,Minisat220_DoneNormally_UNSAT,20,59
981eb7a2-cad7-4d0d-b13c-d86db7f9a6f9,cnf,23,20.0,0.05036077199997635,True,9,1,UNSAT,20,Minisat220_DoneNormally_UNSAT,19,60
0b833bf5-3ef7-4b85-ac3a-2cc590a3b9ef,cnf,24,20.0,0.05438550200000236,True,9,1,UNSAT,20,Minisat220_DoneNormally_UNSAT,23,65
ba05d37c-bb35-4f31-8555-86b8012ea204,cnf,25,20.0,0.04956140299998424,True,9,1,UNSAT,20,Minisat220_DoneNormally_UNSAT,19,60
1217b5a6-9941-47cc-9232-9c5a47723b78,cnf,26,20.0,0.047732292000034704,True,9,1,UNSAT,20,Minisat220_DoneNormally_UNSAT,21,58
ab5a5ef8-a7bd-4da9-8dc6-ac451fb28a4b,cnf,27,20.0,0.05586021299995991,True,9,1,UNSAT,20,Minisat220_DoneNormally_UNSAT,21,66
f289d642-5ce5-47d1-912d-46f3d113ec0c,cnf,28,20.0,0.05000942200001646,True,9,1,UNSAT,20,Minisat220_DoneNormally_UNSAT,22,60
160ce1bc-f2e4-47d1-b76f-68b0d248a47f,cnf,29,20.0,0.04796399200000678,True,9,1,UNSAT,20,Minisat220_DoneNormally_UNSAT,21,58
d0f0da92-9ac9-4b80-a808-35b4825009a1,cnf,30,20.0,0.048663091999969765,True,9,1,UNSAT,20,Minisat220_DoneNormally_UNSAT,24,59
591477e5-4b12-462e-80dd-1443cd35b56c,cnf,31,20.0,0.047498102000020026,True,9,1,UNSAT,20,Minisat220_DoneNormally_UNSAT,18,58
e3ad3f65-2edb-4514-8810-82c868966ba6,cnf,32,20.0,0.049502222000000984,True,9,1,UNSAT,20,Minisat220_DoneNormally_UNSAT,23,60
3572f550-e0ed-48c0-a700-37dfe91f1259,cnf,33,20.0,0.04931600200001185,True,9,1,UNSAT,20,Minisat220_DoneNormally_UNSAT,19,59
9a68c7d2-50a9-42e3-8f49-b2848413a139,cnf,34,20.0,0.05019413299999087,True,9,1,UNSAT,20,Minisat220_DoneNormally_UNSAT,25,60
07e55c79-e6b9-4160-b093-0ae4d6d62fe0,cnf,35,20.0,0.04941219199997704,True,9,1,UNSAT,20,Minisat220_DoneNormally_UNSAT,20,60
9683fc96-2d3b-42c0-8441-8c7453da349b,cnf,36,20.0,0.05370065300002125,True,9,1,UNSAT,20,Minisat220_DoneNormally_UNSAT,24,64
699bae58-85c7-4171-8739-f45edb03f916,cnf,37,20.0,0.05618628299998818,True,9,1,UNSAT,20,Minisat220_DoneNormally_UNSAT,30,66
2fcba867-4506-49bf-a860-0c8b3cd8da6f,cnf,38,20.0,0.06621280300004173,True,9,1,UNSAT,20,Minisat220_DoneNormally_UNSAT,26,76
1ebf12bd-4094-401e-a9b2-13af8ca71a36,cnf,39,20.0,0.04802259199999526,True,9,1,UNSAT,20,Minisat220_DoneNormally_UNSAT,21,58
daf12f46-91db-4f42-846a-71456325dc84,cnf,40,20.0,0.05432515300003615,True,9,1,UNSAT,20,Minisat220_DoneNormally_UNSAT,21,65
c36d0eed-6e7e-459a-ba00-beb2054dda74,cnf,41,20.0,0.04774343300005057,True,9,1,UNSAT,20,Minisat220_DoneNormally_UNSAT,22,58
fac489e1-1d51-4555-8a60-c9ec7b659944,cnf,42,20.0,0.04854680199997574,True,9,1,UNSAT,20,Minisat220_DoneNormally_UNSAT,21,59
a889a4e2-4bfd-477e-8915-d4832ebf77cf,cnf,43,20.0,0.04846256199999743,True,9,1,UNSAT,20,Minisat220_DoneNormally_UNSAT,20,59
cea11ff0-a7af-4bb8-9559-71b82d351bbb,cnf,44,20.0,0.04945788300000231,True,9,1,UNSAT,20,Minisat220_DoneNormally_UNSAT,20,60
87716b13-8632-4f71-b38e-840548ff3bca,cnf,45,20.0,0.048420131999989735,True,9,1,UNSAT,20,Minisat220_DoneNormally_UNSAT,22,59
2a250eea-7086-4ed3-b55d-5780c18ec7d8,cnf,46,20.0,0.04799192199999425,True,9,1,UNSAT,20,Minisat220_DoneNormally_UNSAT,21,58
cfe2b4fd-e53e-4ad3-bad5-bad70062a30a,cnf,47,20.0,0.04908717299997534,True,9,1,UNSAT,20,Minisat220_DoneNormally_UNSAT,21,59
df58362c-e308-4ed0-87f6-8b9eeb8eb5c9,cnf,48,20.0,0.05047865199998114,True,9,1,UNSAT,20,Minisat220_DoneNormally_UNSAT,24,61
24ad79ed-5dfa-4af5-aaf1-9d949c185878,cnf,49,20.0,0.049750512999992225,True,9,1,UNSAT,20,Minisat220_DoneNormally_UNSAT,20,60
5929cc33-5160-452c-86d4-7fff2660c499,cnf,50,20.0,0.04908505299999888,True,9,1,UNSAT,20,Minisat220_DoneNormally_UNSAT,24,59
52322a7e-4ee8-46cc-9288-32417a263db8,cnf,51,20.0,0.048795792000021265,True,9,1,UNSAT,20,Minisat220_DoneNormally_UNSAT,26,59
348c3eae-aa7f-427f-b6db-94c30e2fc00f,cnf,52,20.0,0.048602202000040506,True,9,1,UNSAT,20,Minisat220_DoneNormally_UNSAT,18,59
c04c3936-9555-4e97-ab79-668d4a7e602a,cnf,53,20.0,0.04814033200000267,True,9,1,UNSAT,20,Minisat220_DoneNormally_UNSAT,22,58
031e69b9-999d-4aa0-9620-2ba510ff8484,cnf,54,20.0,0.04874941200000649,True,9,1,UNSAT,20,Minisat220_DoneNormally_UNSAT,24,59
e674ea9a-efad-4eb8-a3a7-7751fbe943fa,cnf,55,20.0,0.048536402000024736,True,9,1,UNSAT,20,Minisat220_DoneNormally_UNSAT,21,59
58c4674d-8781-4607-ad87-69312f69c580,cnf,56,20.0,0.04789727200000016,True,9,1,UNSAT,20,Minisat220_DoneNormally_UNSAT,21,58
e5b149fd-9f07-4b35-83c8-c9e43b95432f,cnf,57,20.0,0.048190672999965045,True,9,1,UNSAT,20,Minisat220_DoneNormally_UNSAT,18,58
86b6f5bd-b71d-4466-949a-ef8c18af669a,cnf,58,20.0,0.04868084299999964,True,9,1,UNSAT,20,Minisat220_DoneNormally_UNSAT,22,59
9e72eb2a-c64e-4489-9fd0-8887d235d9d0,cnf,59,20.0,0.0534335230000238,True,9,1,UNSAT,20,Minisat220_DoneNormally_UNSAT,17,64
3dd15f10-1c43-4f54-8122-7651060da8f7,cnf,60,20.0,0.04899532199999612,True,9,1,UNSAT,20,Minisat220_DoneNormally_UNSAT,23,59
f922415b-fd7c-49a9-b47e-ee52cfdceb04,cnf,61,20.0,0.05398743299997477,True,9,1,UNSAT,20,Minisat220_DoneNormally_UNSAT,20,64
f0163f2e-97e3-485d-a03a-cca45acbe349,cnf,62,20.0,0.04931532199998401,True,9,1,UNSAT,20,Minisat220_DoneNormally_UNSAT,21,60
88daf261-c71f-48d4-923f-0d9640b51ee2,cnf,63,20.0,0.04999837300005083,True,9,1,UNSAT,20,Minisat220_DoneNormally_UNSAT,21,60
3f999101-d786-4d22-8084-79eec3704989,cnf,64,20.0,0.05421014300003435,True,9,1,UNSAT,20,Minisat220_DoneNormally_UNSAT,21,64
76991b04-1f1a-4c7d-9929-44680624843a,cnf,65,20.0,0.04958324200003972,True,9,1,UNSAT,20,Minisat220_DoneNormally_UNSAT,20,60
35263c06-eb88-4eba-880e-e3294656495e,cnf,66,20.0,0.0494488919999867,True,9,1,UNSAT,20,Minisat220_DoneNormally_UNSAT,21,60
e65b9f7f-e3bf-4160-828e-6b74ba5e1457,cnf,67,20.0,0.04904501200002187,True,9,1,UNSAT,20,Minisat220_DoneNormally_UNSAT,23,59
9dafff9c-8a53-453e-b3a0-4df680eedaeb,cnf,68,20.0,0.04842071199999509,True,9,1,UNSAT,20,Minisat220_DoneNormally_UNSAT,20,59
3d367061-bc34-49d8-b66c-5d9615ef7b35,cnf,69,20.0,0.048135652999974354,True,9,1,UNSAT,20,Minisat220_DoneNormally_UNSAT,22,58
184583cc-e6e3-41fa-885c-37b5673ed216,cnf,70,20.0,0.0488437419999741,True,9,1,UNSAT,20,Minisat220_DoneNormally_UNSAT,21,59
5d3b0203-fbe3-477d-979e-7ae3a6327043,cnf,71,20.0,0.04848668199997519,True,9,1,UNSAT,20,Minisat220_DoneNormally_UNSAT,22,59
224c3396-e3ee-4279-bc6e-c7d660b96364,cnf,72,20.0,0.04894483200001787,True,9,1,UNSAT,20,Minisat220_DoneNormally_UNSAT,21,59
85f4a62f-fc1b-4df2-a104-403b33ee80ce,cnf,73,20.0,0.0490594729999998,True,9,1,UNSAT,20,Minisat220_DoneNormally_UNSAT,21,59
0c3faff2-2743-4531-88c7-3ffdd836709b,cnf,74,20.0,0.04789778299999625,True,9,1,UNSAT,20,Minisat220_DoneNormally_UNSAT,24,58
b1ce522c-b6c8-475b-a8d0-b1ea7b5deda2,cnf,75,20.0,0.04841763199999605,True,9,1,UNSAT,20,Minisat220_DoneNormally_UNSAT,17,59
257a89c2-dc78-418f-98b1-4e54d320354f,cnf,76,20.0,0.048703642000020864,True,9,1,UNSAT,20,Minisat220_DoneNormally_UNSAT,20,59
3af2d363-83ae-4c05-9443-5b0cc816b143,cnf,77,20.0,0.050950602000000345,True,9,1,UNSAT,20,Minisat220_DoneNormally_UNSAT,21,61
19402ddb-e466-4b4d-a9fe-dea4a06b4547,cnf,78,20.0,0.048754712000004474,True,9,1,UNSAT,20,Minisat220_DoneNormally_UNSAT,20,59
8aca0282-b4c4-4ff0-959a-b40f1a2a8468,cnf,79,20.0,0.04817575200002011,True,9,1,UNSAT,20,Minisat220_DoneNormally_UNSAT,23,58
23953059-cca2-4207-a000-a9bf231d7deb,cnf,80,20.0,0.048831212000038704,True,9,1,UNSAT,20,Minisat220_DoneNormally_UNSAT,19,59
ab78b6ce-0719-4638-b79e-c3de53a896a9,cnf,81,20.0,0.04912414300002865,True,9,1,UNSAT,20,Minisat220_DoneNormally_UNSAT,17,59
58c57273-d9b3-458f-bbdd-d6a7408f1dbb,cnf,82,20.0,0.04873069199999236,True,9,1,UNSAT,20,Minisat220_DoneNormally_UNSAT,21,59
dbab8507-78d8-4dfc-880c-0f43ec15c3ad,cnf,83,20.0,0.04831618299999718,True,9,1,UNSAT,20,Minisat220_DoneNormally_UNSAT,22,59
52fd4a3a-a017-44fd-9ee5-2dfe5f266c34,cnf,84,20.0,0.052763222000010046,True,9,1,UNSAT,20,Minisat220_DoneNormally_UNSAT,22,63
d4557152-dd6c-4134-8ecd-9aacbb0276aa,cnf,85,20.0,0.04828741199997921,True,9,1,UNSAT,20,Minisat220_DoneNormally_UNSAT,22,59
642a2535-0ad9-43cc-9e5e-df30870f340a,cnf,86,20.0,0.04848655199998575,True,9,1,UNSAT,20,Minisat220_DoneNormally_UNSAT,22,59
92a995c7-29f6-4c42-b842-297fdb70654e,cnf,87,20.0,0.049246852999999646,True,9,1,UNSAT,20,Minisat220_DoneNormally_UNSAT,21,60
fce2bac4-a985-482c-9e4c-d2b0d41160ae,cnf,88,20.0,0.04875349200000301,True,9,1,UNSAT,20,Minisat220_DoneNormally_UNSAT,18,59
a027d640-ce9f-4b25-9cf1-272b6f0a74ff,cnf,89,20.0,0.04848968200002446,True,9,1,UNSAT,20,Minisat220_DoneNormally_UNSAT,20,59
d9f2bc5b-3fbe-4375-8f73-a332e3345b8f,cnf,90,20.0,0.04860227200003919,True,9,1,UNSAT,20,Minisat220_DoneNormally_UNSAT,18,59
d151b562-7183-4214-b7ee-86b3aed3a619,cnf,91,20.0,0.057168971999999485,True,9,1,UNSAT,20,Minisat220_DoneNormally_UNSAT,20,68
413f27a7-fd1b-49ef-9881-35eb0b47cee5,cnf,92,20.0,0.05946047300000146,True,9,1,UNSAT,20,Minisat220_DoneNormally_UNSAT,21,70
7c71e260-c556-4b05-a5de-09a0ea73b1b1,cnf,93,20.0,0.04806901199998492,True,9,1,UNSAT,20,Minisat220_DoneNormally_UNSAT,21,58
a4942a79-b292-4f1c-a6a8-12e5da826a4c,cnf,94,20.0,0.055322692999993706,True,9,1,UNSAT,20,Minisat220_DoneNormally_UNSAT,20,66
7bf2bede-0fda-4272-b755-06d77747873a,cnf,95,20.0,0.048281372000019473,True,9,1,UNSAT,20,Minisat220_DoneNormally_UNSAT,21,59
e7a89d3f-c421-4291-97b0-47842c6301f5,cnf,96,20.0,0.0493578120000393,True,9,1,UNSAT,20,Minisat220_DoneNormally_UNSAT,27,60
a0281340-d71a-429c-b9c6-4eb5ecd359f0,cnf,97,20.0,0.050958272999992005,True,9,1,UNSAT,20,Minisat220_DoneNormally_UNSAT,23,61
1fc859a1-dee0-4b40-82e3-9036abeac2de,cnf,98,20.0,0.04866801299999679,True,9,1,UNSAT,20,Minisat220_DoneNormally_UNSAT,16,59
38a1ee95-7b34-4f0d-8ff6-fd0f24b15f98,cnf,99,20.0,0.04871055199998864,True,9,1,UNSAT,20,Minisat220_DoneNormally_UNSAT,22,59
7544871f-77e7-4ced-8dc4-f50af615ef93,cnf,100,20.0,0.048926472000005106,True,9,1,UNSAT,20,Minisat220_DoneNormally_UNSAT,22,59
820aec80-e7b2-41f7-b6c2-e53ded4fe381,cnf,101,20.0,0.051188572999990356,True,9,1,UNSAT,20,Minisat220_DoneNormally_UNSAT,22,62
67214880-e1fa-4b52-898f-fab4f872c492,cnf,102,20.0,0.051646412000025066,True,9,1,UNSAT,20,Minisat220_DoneNormally_UNSAT,22,62
066d742e-9148-45bf-bed6-224d96bbcd31,cnf,103,20.0,0.047832222000010916,True,9,1,UNSAT,20,Minisat220_DoneNormally_UNSAT,19,58
0e275f9d-2cd2-4a3d-8dbb-08e44e07a240,cnf,104,20.0,0.050221692999969036,True,9,1,UNSAT,20,Minisat220_DoneNormally_UNSAT,20,61
2e60c2d6-e659-4823-8b13-8d05fe54181d,cnf,105,20.0,0.050888563000000886,True,9,1,UNSAT,20,Minisat220_DoneNormally_UNSAT,20,61
06bb3fa8-859e-42b5-8169-aa8d52fc29a6,cnf,106,20.0,0.050169912000001204,True,9,1,UNSAT,20,Minisat220_DoneNormally_UNSAT,19,61
67bfdc2f-94b3-432c-8cc7-fd277d1cb1ae,cnf,107,20.0,0.04893292199994903,True,9,1,UNSAT,20,Minisat220_DoneNormally_UNSAT,21,59
7e95a4d8-be73-49ef-a62b-e88ef71758c4,cnf,108,20.0,0.051975122999976975,True,9,1,UNSAT,20,Minisat220_DoneNormally_UNSAT,26,62
3230efe5-39a9-4789-b65e-49bd2869f668,cnf,109,20.0,0.050407632000030844,True,9,1,UNSAT,20,Minisat220_DoneNormally_UNSAT,19,61
441fcc0c-b448-4faa-be13-ff64c3160831,cnf,110,20.0,0.04952514200004998,True,9,1,UNSAT,20,Minisat220_DoneNormally_UNSAT,19,60
cd003945-a2b0-4c4c-9813-368910c8a92f,cnf,111,20.0,0.04894915300002367,True,9,1,UNSAT,20,Minisat220_DoneNormally_UNSAT,20,59
dd2bf46e-21da-43b5-bcd7-93886430048b,cnf,112,20.0,0.04840206199997965,True,9,1,UNSAT,20,Minisat220_DoneNormally_UNSAT,22,59
d616983e-06cd-4ef6-961d-24bcdcb61ad8,cnf,113,20.0,0.0493369919999509,True,9,1,UNSAT,20,Minisat220_DoneNormally_UNSAT,20,60
06f61699-fdc3-493d-83cc-ae60b3aff345,cnf,114,20.0,0.04833003200002395,True,9,1,UNSAT,20,Minisat220_DoneNormally_UNSAT,21,59
7209ff33-04da-439a-8d14-6121b8fbc483,cnf,115,20.0,0.04908395300003576,True,9,1,UNSAT,20,Minisat220_DoneNormally_UNSAT,20,59
135a246c-04c4-4503-be2c-de8d825dc860,cnf,116,20.0,0.05000174299999571,True,9,1,UNSAT,20,Minisat220_DoneNormally_UNSAT,23,60
adb4a8c5-e05c-487b-b7cd-7bd94c10ffe6,cnf,117,20.0,0.04996831199997587,True,9,1,UNSAT,20,Minisat220_DoneNormally_UNSAT,21,60
aa4c48b5-6b4e-4e64-9389-7bb68599d8a8,cnf,118,20.0,0.04858718200000567,True,9,1,UNSAT,20,Minisat220_DoneNormally_UNSAT,21,59
0c9fb50c-4072-4d91-a65a-30e8620521df,cnf,119,20.0,0.04864873299999317,True,9,1,UNSAT,20,Minisat220_DoneNormally_UNSAT,24,59
01a88ac1-9ee9-403e-9059-eb3bbc4252a8,cnf,120,20.0,0.04882160200003227,True,9,1,UNSAT,20,Minisat220_DoneNormally_UNSAT,21,59
05c453ef-31a8-4902-9c7f-acf54d4f4c2d,cnf,121,20.0,0.048445662000005996,True,9,1,UNSAT,20,Minisat220_DoneNormally_UNSAT,19,59
e9b39f5f-377b-447b-9eaf-9db5e67468ee,cnf,122,20.0,0.04844547299995838,True,9,1,UNSAT,20,Minisat220_DoneNormally_UNSAT,20,59
419c7881-e9d1-4c87-989e-c3db25a3b7a8,cnf,123,20.0,0.049355702000013935,True,9,1,UNSAT,20,Minisat220_DoneNormally_UNSAT,22,60
1c4580dd-3a88-4a03-887a-6d5594551fc5,cnf,124,20.0,0.04899317299998529,True,9,1,UNSAT,20,Minisat220_DoneNormally_UNSAT,24,59
9be919fa-8b02-49e6-9d7c-fdd3d8a5c21a,cnf,125,20.0,0.04856145200000128,True,9,1,UNSAT,20,Minisat220_DoneNormally_UNSAT,19,59
92cd5d2d-7768-4594-ba95-c7eb9accdb7c,cnf,126,20.0,0.048674691999963215,True,9,1,UNSAT,20,Minisat220_DoneNormally_UNSAT,19,59
6ee2569d-72a7-40fc-9555-f2792f944884,cnf,127,20.0,0.049753592000001845,True,9,1,UNSAT,20,Minisat220_DoneNormally_UNSAT,21,60
f1fb9ca2-5069-4b06-adb1-4fb08254eb5c,cnf,1,20.0,0.04851507300003277,True,9,1,UNSAT,20,Minisat220_DoneNormally_UNSAT,21,59
0739f423-0d7a-450c-8d3e-365849339128,cnf,2,20.0,0.04889391200003956,True,9,1,UNSAT,20,Minisat220_DoneNormally_UNSAT,20,59
8dbe93d2-368b-4947-9104-36b64cb8a470,cnf,3,20.0,0.0479137229999651,True,9,1,UNSAT,20,Minisat220_DoneNormally_UNSAT,23,58
701496f7-2bd2-4599-ba6d-da7041f988dd,cnf,4,20.0,0.048517773000014586,True,9,1,UNSAT,20,Minisat220_DoneNormally_UNSAT,20,59
2718d640-1719-4b50-bed2-83ef347be16e,cnf,5,20.0,0.04978363200001468,True,9,1,UNSAT,20,Minisat220_DoneNormally_UNSAT,23,60
4f05ae7e-51c7-46c2-baea-3cd2733fec75,cnf,6,20.0,0.051449982000008276,True,9,1,UNSAT,20,Minisat220_DoneNormally_UNSAT,20,62
52fb0e33-8473-4dfa-8877-be56d71a4b27,cnf,7,20.0,0.04865355200001886,True,9,1,UNSAT,20,Minisat220_DoneNormally_UNSAT,21,59
bc446e34-e37c-4bd4-b572-59d933db2060,cnf,8,20.0,0.04755389199999627,True,9,1,UNSAT,20,Minisat220_DoneNormally_UNSAT,24,58
7cc0a974-1b9b-40d7-910e-7bfba8f1dbf3,cnf,9,20.0,0.04917663200001243,True,9,1,UNSAT,20,Minisat220_DoneNormally_UNSAT,22,59
4491f712-fbe2-474f-a3bb-aef3cc139655,cnf,10,20.0,0.04878814199997805,True,9,1,UNSAT,20,Minisat220_DoneNormally_UNSAT,20,59
5fdfc6a5-e68a-4c45-81ee-11aa259112e5,cnf,11,20.0,0.0483885820000296,True,9,1,UNSAT,20,Minisat220_DoneNormally_UNSAT,20,58
0b086ba2-d819-4c60-b5b2-52ce257ef3de,cnf,12,20.0,0.04887247199997091,True,9,1,UNSAT,20,Minisat220_DoneNormally_UNSAT,21,59
33379ca5-3a7e-48b2-b57b-7a178dedb519,cnf,13,20.0,0.05736587299998064,True,9,1,UNSAT,20,Minisat220_DoneNormally_UNSAT,24,68
9d9cbcc4-b7f4-493b-9883-ab29d40253aa,cnf,14,20.0,0.049443592000045555,True,9,1,UNSAT,20,Minisat220_DoneNormally_UNSAT,21,60
e3042b0a-93b9-4964-8b05-fa977f4cba85,cnf,15,20.0,0.048516052000024956,True,9,1,UNSAT,20,Minisat220_DoneNormally_UNSAT,20,59
8dc67afe-c613-417a-af68-9c8811842a61,cnf,16,20.0,0.04875447299997404,True,9,1,UNSAT,20,Minisat220_DoneNormally_UNSAT,22,59
0f5c5572-a7c0-48fe-bd7e-a3935a277429,cnf,17,20.0,0.04815619300001117,True,9,1,UNSAT,20,Minisat220_DoneNormally_UNSAT,20,58
4e2a12bd-439f-4e57-b62d-eb3678ede7a8,cnf,18,20.0,0.04868278300000384,True,9,1,UNSAT,20,Minisat220_DoneNormally_UNSAT,18,59
ababacf0-05b8-4dc3-b3f5-222d36391265,cnf,19,20.0,0.04913261199999397,True,9,1,UNSAT,20,Minisat220_DoneNormally_UNSAT,20,59
58e38222-07ed-44dc-a436-53ff40c203da,cnf,20,20.0,0.04802507300001935,True,9,1,UNSAT,20,Minisat220_DoneNormally_UNSAT,20,58
d2237b70-7e4c-425c-9908-ca815b5311d3,cnf,21,20.0,0.05078426299996863,True,9,1,UNSAT,20,Minisat220_DoneNormally_UNSAT,25,61
9bf884b1-08b5-483f-b73e-323bce85f0ec,cnf,22,20.0,0.056586822999975084,True,9,1,UNSAT,20,Minisat220_DoneNormally_UNSAT,17,67
f20c05f0-8db7-40c1-b5e7-0465221a1073,cnf,23,20.0,0.049493642000015825,True,9,1,UNSAT,20,Minisat220_DoneNormally_UNSAT,19,60
7b4d40bc-514f-45ec-9c6d-5bbfe365a11b,cnf,24,20.0,0.04830846199996586,True,9,1,UNSAT,20,Minisat220_DoneNormally_UNSAT,23,58
9d673fd4-525d-4dbf-9e9f-381a8dae3214,cnf,25,20.0,0.04859266200003276,True,9,1,UNSAT,20,Minisat220_DoneNormally_UNSAT,24,59
99288219-29c2-4896-ba64-a28469c0d48c,cnf,26,20.0,0.04756291199998941,True,9,1,UNSAT,20,Minisat220_DoneNormally_UNSAT,21,58
a2a40026-c51b-489f-9e90-bc046330f901,cnf,27,20.0,0.048649182000019664,True,9,1,UNSAT,20,Minisat220_DoneNormally_UNSAT,20,59
02dde2b1-699c-40d6-8c3b-0d25936bd51e,cnf,28,20.0,0.05052857300000824,True,9,1,UNSAT,20,Minisat220_DoneNormally_UNSAT,18,61
eb3e8962-555f-4564-bba2-a561b589417a,cnf,29,20.0,0.04768937199997936,True,9,1,UNSAT,20,Minisat220_DoneNormally_UNSAT,20,58
534a92e2-5574-44a1-93ee-15300517f679,cnf,30,20.0,0.049104811999995945,True,9,1,UNSAT,20,Minisat220_DoneNormally_UNSAT,19,59
9c9940a6-6623-4666-a782-09d71e3d5394,cnf,31,20.0,0.04750523199999179,True,9,1,UNSAT,20,Minisat220_DoneNormally_UNSAT,19,58
d414b91c-71af-4700-8167-7bee8471e571,cnf,32,20.0,0.04782223199998725,True,9,1,UNSAT,20,Minisat220_DoneNormally_UNSAT,20,58
44c4ec61-67ea-4c29-babd-29185c76183e,cnf,33,20.0,0.04933238200004553,True,9,1,UNSAT,20,Minisat220_DoneNormally_UNSAT,24,59
424b887a-4e01-48b6-b984-15c10ea0a755,cnf,34,20.0,0.050340312000002996,True,9,1,UNSAT,20,Minisat220_DoneNormally_UNSAT,22,60
baf89ec7-ed86-4f7d-a7c5-d78924e95148,cnf,35,20.0,0.049757671999998365,True,9,1,UNSAT,20,Minisat220_DoneNormally_UNSAT,20,60
394c5e35-7c15-43e0-83a7-9dc013c2e1b8,cnf,36,20.0,0.051633902999981274,True,9,1,UNSAT,20,Minisat220_DoneNormally_UNSAT,26,62
6e34348a-1539-4fc6-a241-cd79ec67aecc,cnf,37,20.0,0.051305092999996305,True,9,1,UNSAT,20,Minisat220_DoneNormally_UNSAT,25,61
3366cfbb-8be9-49b4-8069-2ebdbc295b08,cnf,38,20.0,0.05095847299998013,True,9,1,UNSAT,20,Minisat220_DoneNormally_UNSAT,20,61
bb4cfd53-778f-46ad-bcb7-84847e7d90f8,cnf,39,20.0,0.0480408419999776,True,9,1,UNSAT,20,Minisat220_DoneNormally_UNSAT,18,58
07411e94-20ab-4f12-b486-05e6b6fbb3f5,cnf,40,20.0,0.047954102000005605,True,9,1,UNSAT,20,Minisat220_DoneNormally_UNSAT,20,58
e4f1cf9d-ca2e-4f0c-9440-93e14c3e89cd,cnf,41,20.0,0.04861123199998474,True,9,1,UNSAT,20,Minisat220_DoneNormally_UNSAT,19,59
88f5aaf0-ef2e-42f0-8709-f1718c34c1b2,cnf,42,20.0,0.048115451999990455,True,9,1,UNSAT,20,Minisat220_DoneNormally_UNSAT,20,58
6ec8c577-ff4c-4bb0-ae10-bee043ab3b5e,cnf,43,20.0,0.04824481200000719,True,9,1,UNSAT,20,Minisat220_DoneNormally_UNSAT,20,58
e12affaa-e2f6-4d0e-a995-0161a5aaf5d9,cnf,44,20.0,0.049592711999991934,True,9,1,UNSAT,20,Minisat220_DoneNormally_UNSAT,23,60
ae7834a2-7362-4fdf-a6b2-b2bb04be6077,cnf,45,20.0,0.04849087200000213,True,9,1,UNSAT,20,Minisat220_DoneNormally_UNSAT,20,59
80e0fb4b-a091-4b6b-a786-e8990726d7fb,cnf,46,20.0,0.04911689200002911,True,9,1,UNSAT,20,Minisat220_DoneNormally_UNSAT,21,59
19e0030a-72c3-4e55-ae6c-f1739ceedbfe,cnf,47,20.0,0.04917854199999283,True,9,1,UNSAT,20,Minisat220_DoneNormally_UNSAT,22,59
eb731fdb-9fec-4d19-a115-7887482fe1d6,cnf,48,20.0,0.04989376200001061,True,9,1,UNSAT,20,Minisat220_DoneNormally_UNSAT,19,60
4d7e8843-e5a3-41e1-a909-8478ca12dfa2,cnf,49,20.0,0.04927615299999388,True,9,1,UNSAT,20,Minisat220_DoneNormally_UNSAT,24,59
c1d8e49b-8bd0-45f7-8af3-b0e0d3056023,cnf,50,20.0,0.04878533200002266,True,9,1,UNSAT,20,Minisat220_DoneNormally_UNSAT,22,59
c83cc1a6-0a2b-49c3-ae3c-30d5bf6c6023,cnf,51,20.0,0.048412361999965015,True,9,1,UNSAT,20,Minisat220_DoneNormally_UNSAT,23,59
d15296b7-d584-4e13-86d0-fe15a71ada3b,cnf,52,20.0,0.04804377199997134,True,9,1,UNSAT,20,Minisat220_DoneNormally_UNSAT,21,58
99ee5e27-2585-43b8-8e23-c77068628c7d,cnf,53,20.0,0.04840312199996788,True,9,1,UNSAT,20,Minisat220_DoneNormally_UNSAT,17,59
f1ba078d-b31a-4e78-9e4d-3606a9f4765c,cnf,54,20.0,0.048940671999957885,True,9,1,UNSAT,20,Minisat220_DoneNormally_UNSAT,22,59
6280a6d4-ff6b-4f0e-87f0-831971adcf53,cnf,55,20.0,0.04807115299996667,True,9,1,UNSAT,20,Minisat220_DoneNormally_UNSAT,20,58
fc665353-8e97-4e79-99c4-de1d46c019ab,cnf,56,20.0,0.04796310199998288,True,9,1,UNSAT,20,Minisat220_DoneNormally_UNSAT,19,58
335c887a-b20b-45f6-8d13-cebaee24bf15,cnf,57,20.0,0.04883025200001612,True,9,1,UNSAT,20,Minisat220_DoneNormally_UNSAT,23,59
7c5f3be8-55fc-4fb7-85f9-030c91d43637,cnf,58,20.0,0.04779459299999189,True,9,1,UNSAT,20,Minisat220_DoneNormally_UNSAT,17,58
235017bb-fcb2-47e2-a2d5-2a99fee39c26,cnf,59,20.0,0.051971583000010924,True,9,1,UNSAT,20,Minisat220_DoneNormally_UNSAT,20,62
5fb150e7-5a84-401d-bf6a-4aaade7ca965,cnf,60,20.0,0.04895846300001949,True,9,1,UNSAT,20,Minisat220_DoneNormally_UNSAT,19,59
2f5a6add-461e-4f94-8606-292ee719bb01,cnf,61,20.0,0.05363054299999703,True,9,1,UNSAT,20,Minisat220_DoneNormally_UNSAT,22,64
f1c365a2-3f8a-472d-a33e-fd28f968bf57,cnf,62,20.0,0.04963363199999549,True,9,1,UNSAT,20,Minisat220_DoneNormally_UNSAT,22,60
44d22034-5281-4063-b01b-ca8be0e35b23,cnf,63,20.0,0.050368472000002384,True,9,1,UNSAT,20,Minisat220_DoneNormally_UNSAT,19,61
5e2dfffb-4457-4cef-95a9-e1a595f7212d,cnf,64,20.0,0.05302711299998464,True,9,1,UNSAT,20,Minisat220_DoneNormally_UNSAT,23,63
3291fe3a-1c53-42aa-8747-32f594a9abc0,cnf,65,20.0,0.05001585200000136,True,9,1,UNSAT,20,Minisat220_DoneNormally_UNSAT,19,60
ad13ed98-d1a4-462c-8725-be28f7e8b667,cnf,66,20.0,0.048719121999965864,True,9,1,UNSAT,20,Minisat220_DoneNormally_UNSAT,19,59
61a59510-277f-4cf8-a904-8ba0e87a1443,cnf,67,20.0,0.04899427199995898,True,9,1,UNSAT,20,Minisat220_DoneNormally_UNSAT,21,59
1f6d0730-a173-459d-b449-e7a892c3f71d,cnf,68,20.0,0.04906480200003216,True,9,1,UNSAT,20,Minisat220_DoneNormally_UNSAT,20,59
e4adddd3-9fb4-4a56-b9e5-66feacecaf51,cnf,69,20.0,0.048441943000000265,True,9,1,UNSAT,20,Minisat220_DoneNormally_UNSAT,20,59
4d6e954a-584d-4224-97c2-06e2076705dc,cnf,70,20.0,0.04914333199997145,True,9,1,UNSAT,20,Minisat220_DoneNormally_UNSAT,23,59
d677659f-fb9c-40dd-84c9-43ca86f13767,cnf,71,20.0,0.048035761999983606,True,9,1,UNSAT,20,Minisat220_DoneNormally_UNSAT,21,58
83992ef1-ca67-4ea8-8de5-b1b12befa41e,cnf,72,20.0,0.05275754299998425,True,9,1,UNSAT,20,Minisat220_DoneNormally_UNSAT,22,63
a5974a2e-cfb4-4ad5-8c44-5aa453835e80,cnf,73,20.0,0.04962076300000717,True,9,1,UNSAT,20,Minisat220_DoneNormally_UNSAT,21,60
4da6b33a-30f9-44ea-bfe5-19014c8d24fc,cnf,74,20.0,0.048426693000010346,True,9,1,UNSAT,20,Minisat220_DoneNormally_UNSAT,22,59
39353a0f-cb6f-4101-bc88-2710cd760edd,cnf,75,20.0,0.049865662000001976,True,9,1,UNSAT,20,Minisat220_DoneNormally_UNSAT,21,60
167f6f7e-49ff-46df-8db8-92798ddf6d30,cnf,76,20.0,0.048546783000006144,True,9,1,UNSAT,20,Minisat220_DoneNormally_UNSAT,21,59
37215df3-4d31-42f9-b580-a207929d1b0a,cnf,77,20.0,0.04849709199999097,True,9,1,UNSAT,20,Minisat220_DoneNormally_UNSAT,21,59
49993c69-a50e-489a-96fe-030b755e2715,cnf,78,20.0,0.04886865299999954,True,9,1,UNSAT,20,Minisat220_DoneNormally_UNSAT,20,59
a0ead521-cf0c-4014-9448-5c0b3ebc48c1,cnf,79,20.0,0.04862715299998399,True,9,1,UNSAT,20,Minisat220_DoneNormally_UNSAT,18,59
b4042bc3-32ac-4698-97d9-1bb4ba60838a,cnf,80,20.0,0.04832967200002258,True,9,1,UNSAT,20,Minisat220_DoneNormally_UNSAT,20,59
c53f254e-d9e8-486c-acc8-95dac3f1c414,cnf,81,20.0,0.04842017299995405,True,9,1,UNSAT,20,Minisat220_DoneNormally_UNSAT,19,59
8429f68c-0ac0-49c2-952e-0130b823f6e1,cnf,82,20.0,0.04834470200000851,True,9,1,UNSAT,20,Minisat220_DoneNormally_UNSAT,20,59
6b059a31-779f-4f50-b4bb-5cae49ca34e8,cnf,83,20.0,0.04817054199997983,True,9,1,UNSAT,20,Minisat220_DoneNormally_UNSAT,21,58
1c300748-63de-4d31-bbc8-ce111ff3d183,cnf,84,20.0,0.056665301999998974,True,9,1,UNSAT,20,Minisat220_DoneNormally_UNSAT,27,67
73697f32-5935-4129-8fe3-0741e567d11e,cnf,85,20.0,0.04812409200002321,True,9,1,UNSAT,20,Minisat220_DoneNormally_UNSAT,20,58
99e69220-62d9-43a0-b7ae-aa930e4d3ba0,cnf,86,20.0,0.04932710200000656,True,9,1,UNSAT,20,Minisat220_DoneNormally_UNSAT,24,60
342557f6-ff9c-4ece-8acd-e61685c104fa,cnf,87,20.0,0.049265672999979415,True,9,1,UNSAT,20,Minisat220_DoneNormally_UNSAT,21,60
02d5733a-0bf1-48cb-988c-3d387dec0d50,cnf,88,20.0,0.053837031999989904,True,9,1,UNSAT,20,Minisat220_DoneNormally_UNSAT,20,64
bab46545-f356-4f14-acab-8e885986b74b,cnf,89,20.0,0.04849413200003028,True,9,1,UNSAT,20,Minisat220_DoneNormally_UNSAT,23,59
98d6c51d-0331-4b56-b304-5b668ab1ae59,cnf,90,20.0,0.048715761999972074,True,9,1,UNSAT,20,Minisat220_DoneNormally_UNSAT,21,59
a2763c33-5244-402d-aaef-4cf196fcc710,cnf,91,20.0,0.06454546300000175,True,9,1,UNSAT,20,Minisat220_DoneNormally_UNSAT,26,75
73bf2064-bc58-488e-b992-558bed380e7c,cnf,92,20.0,0.05130862200002184,True,9,1,UNSAT,20,Minisat220_DoneNormally_UNSAT,20,62
2fd3ba77-313e-413f-801e-0ee2448b9d54,cnf,93,20.0,0.048214792999999645,True,9,1,UNSAT,20,Minisat220_DoneNormally_UNSAT,22,58
55bd1614-7ee3-4ea2-a139-307cd7c964ca,cnf,94,20.0,0.05755463299999519,True,9,1,UNSAT,20,Minisat220_DoneNormally_UNSAT,21,68
23bd6046-880c-4b43-8164-772f80f6a896,cnf,95,20.0,0.048522271999956956,True,9,1,UNSAT,20,Minisat220_DoneNormally_UNSAT,22,59
9569eda5-0f34-41ae-959b-6c8f80d8568c,cnf,96,20.0,0.06357288300000619,True,9,1,UNSAT,20,Minisat220_DoneNormally_UNSAT,25,74
96f3ad1e-039e-4f8d-ae4a-5e0e87c79ab5,cnf,97,20.0,0.049853882000036265,True,9,1,UNSAT,20,Minisat220_DoneNormally_UNSAT,22,60
fd40866e-806b-4e74-93fd-6b5a71acf556,cnf,98,20.0,0.04900191299998369,True,9,1,UNSAT,20,Minisat220_DoneNormally_UNSAT,19,59
434c1cc5-e953-4af8-a151-b81cba2f99c3,cnf,99,20.0,0.048627602000010484,True,9,1,UNSAT,20,Minisat220_DoneNormally_UNSAT,20,59
110df562-2e51-4969-bdc2-ea2ff44e0b60,cnf,100,20.0,0.049150651999980255,True,9,1,UNSAT,20,Minisat220_DoneNormally_UNSAT,22,59
88fa0bfc-5666-4ca9-86d6-d986ab60cead,cnf,101,20.0,0.048999081999966165,True,9,1,UNSAT,20,Minisat220_DoneNormally_UNSAT,21,59
4067f9b5-a159-4832-b59f-28729dd13715,cnf,102,20.0,0.05079908200002592,True,9,1,UNSAT,20,Minisat220_DoneNormally_UNSAT,24,61
c1a2d209-e2e6-4e3e-a732-0c3bcdf49aa8,cnf,103,20.0,0.04867370199997367,True,9,1,UNSAT,20,Minisat220_DoneNormally_UNSAT,16,59
64056120-a7f8-4473-80b1-b04502429183,cnf,104,20.0,0.04893108199996732,True,9,1,UNSAT,20,Minisat220_DoneNormally_UNSAT,20,59
a3bed566-4f47-419c-b75d-467272d7c7d6,cnf,105,20.0,0.049448942999958945,True,9,1,UNSAT,20,Minisat220_DoneNormally_UNSAT,20,60
6039ca92-05a4-4697-b6d9-7d49011df9c6,cnf,106,20.0,0.050124641999957475,True,9,1,UNSAT,20,Minisat220_DoneNormally_UNSAT,20,61
2bef307c-f1ed-413e-aafa-edf9d8b549d8,cnf,107,20.0,0.04942396199999166,True,9,1,UNSAT,20,Minisat220_DoneNormally_UNSAT,19,60
7f3dc385-4edf-464f-bcac-334ab4fc34a7,cnf,108,20.0,0.04878839299999527,True,9,1,UNSAT,20,Minisat220_DoneNormally_UNSAT,19,59
a09487d7-15ec-4bbe-96da-2868eb6d0a29,cnf,109,20.0,0.0495329819999597,True,9,1,UNSAT,20,Minisat220_DoneNormally_UNSAT,18,60
d4bcdcab-961a-46a0-89c2-998547d451ce,cnf,110,20.0,0.04951816200002668,True,9,1,UNSAT,20,Minisat220_DoneNormally_UNSAT,17,60
09669b91-7cb5-410d-8d57-81cdee7efba6,cnf,111,20.0,0.04931003199999395,True,9,1,UNSAT,20,Minisat220_DoneNormally_UNSAT,23,60
5fac985e-d07f-4f66-a331-32e89e974802,cnf,112,20.0,0.049018272000012075,True,9,1,UNSAT,20,Minisat220_DoneNormally_UNSAT,23,59
71d97226-4171-43b8-950d-09a4a1976bba,cnf,113,20.0,0.04963037200002418,True,9,1,UNSAT,20,Minisat220_DoneNormally_UNSAT,21,60
3414ce0e-8995-41fb-b169-3a20315f8aa5,cnf,114,20.0,0.049349511999992046,True,9,1,UNSAT,20,Minisat220_DoneNormally_UNSAT,20,60
a6a52e39-9fe2-4bab-b3bb-03a5bd4d5a52,cnf,115,20.0,0.04887839299999541,True,9,1,UNSAT,20,Minisat220_DoneNormally_UNSAT,25,59
f3791ea5-1342-4dfc-b98f-930ae9523719,cnf,116,20.0,0.048578322000025764,True,9,1,UNSAT,20,Minisat220_DoneNormally_UNSAT,20,59
534b55c2-4dd0-4772-a6ce-5950737860f6,cnf,117,20.0,0.04939528200003451,True,9,1,UNSAT,20,Minisat220_DoneNormally_UNSAT,22,60
2a2df81f-95cf-46ff-ab96-64c4253f93f8,cnf,118,20.0,0.0528780930000039,True,9,1,UNSAT,20,Minisat220_DoneNormally_UNSAT,24,63
a7a8ac6e-9289-4a5e-9849-5bef4beece00,cnf,119,20.0,0.04938191299999062,True,9,1,UNSAT,20,Minisat220_DoneNormally_UNSAT,19,60
6ecee027-c09e-4a4a-b05c-bf763a219731,cnf,120,20.0,0.04888084300000628,True,9,1,UNSAT,20,Minisat220_DoneNormally_UNSAT,22,59
ffc404bb-ef86-45b3-9981-904ffaa20a58,cnf,121,20.0,0.04838119200002211,True,9,1,UNSAT,20,Minisat220_DoneNormally_UNSAT,21,59
6449d8d9-6e09-4397-8482-936bb3ce259a,cnf,122,20.0,0.04863395199998877,True,9,1,UNSAT,20,Minisat220_DoneNormally_UNSAT,21,59
2171987f-57ec-4c07-8b14-cafe82d4f0a2,cnf,123,20.0,0.04887479199999234,True,9,1,UNSAT,20,Minisat220_DoneNormally_UNSAT,20,59
449f5631-9db7-4fc8-a36f-3e85d2297107,cnf,124,20.0,0.04985795300001428,True,9,1,UNSAT,20,Minisat220_DoneNormally_UNSAT,20,60
6fabda83-7dbc-42dc-b598-4d823d671d09,cnf,125,20.0,0.04993182200001911,True,9,1,UNSAT,20,Minisat220_DoneNormally_UNSAT,21,60
33dd693f-6c4c-4efa-846f-be89bc59d295,cnf,126,20.0,0.04849278200003937,True,9,1,UNSAT,20,Minisat220_DoneNormally_UNSAT,20,59
ca0ddaf5-1738-4e36-974c-75e87cb44843,cnf,127,20.0,0.0494717820000119,True,9,1,UNSAT,20,Minisat220_DoneNormally_UNSAT,21,60
448b21a2-f523-476b-98cf-a6c9ad8b2fc1,cnf,1,20.0,0.0477620819999629,True,9,1,UNSAT,20,Minisat220_DoneNormally_UNSAT,18,58
2d43639a-e6e9-4669-aafb-ce70972c54f3,cnf,2,20.0,0.04827726300004542,True,9,1,UNSAT,20,Minisat220_DoneNormally_UNSAT,23,58
5784e6e1-1c0b-4cff-b09c-5183fba05b00,cnf,3,20.0,0.04765644200000452,True,9,1,UNSAT,20,Minisat220_DoneNormally_UNSAT,16,58
77c6e5fa-dae3-4763-8453-6a3c2c5b347f,cnf,4,20.0,0.04836822300001131,True,9,1,UNSAT,20,Minisat220_DoneNormally_UNSAT,21,58
514771cd-f009-47e9-bf63-a7123d8777c7,cnf,5,20.0,0.049473523000017394,True,9,1,UNSAT,20,Minisat220_DoneNormally_UNSAT,20,59
48957722-4b8d-4a9e-bd05-3de05e3befcb,cnf,6,20.0,0.05116482200003247,True,9,1,UNSAT,20,Minisat220_DoneNormally_UNSAT,24,61
a22a7fa0-dbc6-4908-9940-70dc8b0c3637,cnf,7,20.0,0.04806589200001099,True,9,1,UNSAT,20,Minisat220_DoneNormally_UNSAT,20,58
0958932e-9111-4cb0-9b6f-f16c38545442,cnf,8,20.0,0.04752406200003634,True,9,1,UNSAT,20,Minisat220_DoneNormally_UNSAT,20,58
da32febb-55f5-498c-94c0-dd0c775b69d3,cnf,9,20.0,0.062044832999959,True,9,1,UNSAT,20,Minisat220_DoneNormally_UNSAT,21,72
bb14ca67-b025-4f53-b96e-1713bee4632a,cnf,10,20.0,0.04796376199999486,True,9,1,UNSAT,20,Minisat220_DoneNormally_UNSAT,20,58
09930e21-a7ce-455a-a2f0-94c2694efbce,cnf,11,20.0,0.04783981200000653,True,9,1,UNSAT,20,Minisat220_DoneNormally_UNSAT,23,58
2683d166-f5b8-4d8b-8b53-973f810a03d3,cnf,12,20.0,0.04864653199996383,True,9,1,UNSAT,20,Minisat220_DoneNormally_UNSAT,21,59
4ebebcae-8109-403f-98b4-b85443e951f9,cnf,13,20.0,0.05882306299997708,True,9,1,UNSAT,20,Minisat220_DoneNormally_UNSAT,21,69
73137806-62be-43c1-a41a-7ab35c2a4b24,cnf,14,20.0,0.04848768200002951,True,9,1,UNSAT,20,Minisat220_DoneNormally_UNSAT,23,59
6c57f15b-1e6a-472d-baa3-7fe4640d292e,cnf,15,20.0,0.04815276299996185,True,9,1,UNSAT,20,Minisat220_DoneNormally_UNSAT,20,58
dcc267f6-c81c-4e99-a2eb-e051ec09a8b2,cnf,16,20.0,0.049772302999997464,True,9,1,UNSAT,20,Minisat220_DoneNormally_UNSAT,24,60
772a4eb3-2ee9-4d8b-b9bb-880ca88f4b5b,cnf,17,20.0,0.04782836300000781,True,9,1,UNSAT,20,Minisat220_DoneNormally_UNSAT,19,58
d3785d70-8f35-4206-a54f-997c901848ea,cnf,18,20.0,0.04801688300000251,True,9,1,UNSAT,20,Minisat220_DoneNormally_UNSAT,23,58
62f0048e-b566-46a0-8564-fe5f97ff0a1a,cnf,19,20.0,0.04874927199995227,True,9,1,UNSAT,20,Minisat220_DoneNormally_UNSAT,23,59
c2777956-5985-43e7-ac05-bba2a505d01f,cnf,20,20.0,0.04868430200002649,True,9,1,UNSAT,20,Minisat220_DoneNormally_UNSAT,21,59
0db00262-19d2-44f4-9e4a-9b1594304442,cnf,21,20.0,0.04823739200003274,True,9,1,UNSAT,20,Minisat220_DoneNormally_UNSAT,23,58
f96f3caa-aa8d-4452-a18e-65e3b538041c,cnf,22,20.0,0.05750660199998947,True,9,1,UNSAT,20,Minisat220_DoneNormally_UNSAT,23,68
ea0acd01-a565-4ebb-aadf-bb4febcad47e,cnf,23,20.0,0.04955589200000077,True,9,1,UNSAT,20,Minisat220_DoneNormally_UNSAT,19,60
d10aa9aa-759c-4779-9490-df0b17d9c08a,cnf,24,20.0,0.04807537199997114,True,9,1,UNSAT,20,Minisat220_DoneNormally_UNSAT,20,58
11f791ba-1c29-44ae-a88b-1b87c867b3e2,cnf,25,20.0,0.048792951999985235,True,9,1,UNSAT,20,Minisat220_DoneNormally_UNSAT,21,59
02667ae5-d734-445b-a57d-e3b186ed6a97,cnf,26,20.0,0.04762994199995774,True,9,1,UNSAT,20,Minisat220_DoneNormally_UNSAT,22,58
866d2297-8e05-4eab-bb15-515c936c0c79,cnf,27,20.0,0.051894042000014906,True,9,1,UNSAT,20,Minisat220_DoneNormally_UNSAT,26,62
95743c4c-4e40-4928-a298-db1fbafae53f,cnf,28,20.0,0.04780012200001238,True,9,1,UNSAT,20,Minisat220_DoneNormally_UNSAT,22,58
a8d4ffbd-7c51-4998-a0e9-2d293aa5bd0d,cnf,29,20.0,0.04827659200003609,True,9,1,UNSAT,20,Minisat220_DoneNormally_UNSAT,21,58
785ab3df-9b84-4a93-bb27-97a1687c12e3,cnf,30,20.0,0.048530121999988296,True,9,1,UNSAT,20,Minisat220_DoneNormally_UNSAT,20,59
6f5d6b31-c3e2-484e-9164-e76550b06c6c,cnf,31,20.0,0.04760231299997031,True,9,1,UNSAT,20,Minisat220_DoneNormally_UNSAT,21,58
b0c2ac86-2488-42e0-b628-b54870446896,cnf,32,20.0,0.04843475199999148,True,9,1,UNSAT,20,Minisat220_DoneNormally_UNSAT,21,58
a902d6ca-18d4-47f3-91ac-113f0559b95f,cnf,33,20.0,0.05001313200000368,True,9,1,UNSAT,20,Minisat220_DoneNormally_UNSAT,21,60
7d2ebe77-0212-40eb-8f4c-a3728f83f028,cnf,34,20.0,0.056767823000029694,True,9,1,UNSAT,20,Minisat220_DoneNormally_UNSAT,32,67
7d348089-c7e1-4fe6-8d39-b6e6f99fe4b5,cnf,35,20.0,0.049257692999958635,True,9,1,UNSAT,20,Minisat220_DoneNormally_UNSAT,19,59
b2299f63-19c5-4f4a-ad11-a5bbdbbb634b,cnf,36,20.0,0.048066792999975405,True,9,1,UNSAT,20,Minisat220_DoneNormally_UNSAT,24,58
257920be-22bd-4971-a5af-f84f75139361,cnf,37,20.0,0.04778187199997319,True,9,1,UNSAT,20,Minisat220_DoneNormally_UNSAT,23,58
1fe34a3a-84a7-43e2-9c65-38f874c64517,cnf,38,20.0,0.04788803200000302,True,9,1,UNSAT,20,Minisat220_DoneNormally_UNSAT,21,58
f180ac9f-06cb-4856-9880-181e09eca6c5,cnf,39,20.0,0.04796093199996676,True,9,1,UNSAT,20,Minisat220_DoneNormally_UNSAT,21,58
369faf65-f98a-49e7-8017-700f59098782,cnf,40,20.0,0.04725734200002307,True,9,1,UNSAT,20,Minisat220_DoneNormally_UNSAT,21,57
900a7cfb-1beb-4170-b935-df87b6ee496a,cnf,41,20.0,0.047591602000011335,True,9,1,UNSAT,20,Minisat220_DoneNormally_UNSAT,21,58
0d67f1da-3e6d-426c-bb93-ff1544c3d407,cnf,42,20.0,0.04784173299998429,True,9,1,UNSAT,20,Minisat220_DoneNormally_UNSAT,19,58
1de2ba32-e5ef-4c5b-b22a-7f407d881621,cnf,43,20.0,0.04844419199997674,True,9,1,UNSAT,20,Minisat220_DoneNormally_UNSAT,22,59
4a5c05b5-f8c2-4a64-b022-6ea03cdb64c4,cnf,44,20.0,0.04789152199998625,True,9,1,UNSAT,20,Minisat220_DoneNormally_UNSAT,20,58
8e07fcf7-8c41-4276-a862-30a1f7e0ff2d,cnf,45,20.0,0.04931413200000634,True,9,1,UNSAT,20,Minisat220_DoneNormally_UNSAT,22,59
b3cd22ac-0a68-44ef-982d-34ae51dd2b77,cnf,46,20.0,0.04836767299997291,True,9,1,UNSAT,20,Minisat220_DoneNormally_UNSAT,21,59
af8960f3-ca63-40b7-8aeb-3d41501d02a2,cnf,47,20.0,0.04852640199999314,True,9,1,UNSAT,20,Minisat220_DoneNormally_UNSAT,18,59
3283776b-8a87-4f3a-845f-c835259a1e13,cnf,48,20.0,0.04902080200002956,True,9,1,UNSAT,20,Minisat220_DoneNormally_UNSAT,22,59
1ccb1963-d809-4a62-ae57-0d75793091db,cnf,49,20.0,0.048050643000010496,True,9,1,UNSAT,20,Minisat220_DoneNormally_UNSAT,23,58
29be7db5-a368-4dc8-a442-bd490c9ced28,cnf,50,20.0,0.048667041999976846,True,9,1,UNSAT,20,Minisat220_DoneNormally_UNSAT,19,59
4fe498c4-ee55-4c77-bb97-78379fcffc44,cnf,51,20.0,0.04801202199996624,True,9,1,UNSAT,20,Minisat220_DoneNormally_UNSAT,23,58
a3b72811-0045-45fa-9736-e3a423d5ffe7,cnf,52,20.0,0.048546982000004846,True,9,1,UNSAT,20,Minisat220_DoneNormally_UNSAT,21,59
aed9ea3a-44c6-43dd-a398-dc9c1346857d,cnf,53,20.0,0.04839911200002689,True,9,1,UNSAT,20,Minisat220_DoneNormally_UNSAT,24,59
584fb922-0114-4ac4-902e-32f3dd5c1fbc,cnf,54,20.0,0.04807132199999842,True,9,1,UNSAT,20,Minisat220_DoneNormally_UNSAT,23,58
0c381eb0-0992-4d4d-acec-bf9bdcf817e2,cnf,55,20.0,0.04775992300000098,True,9,1,UNSAT,20,Minisat220_DoneNormally_UNSAT,23,58
c115e34e-191e-4b41-bdc8-2ae5768b9e66,cnf,56,20.0,0.04781123300000445,True,9,1,UNSAT,20,Minisat220_DoneNormally_UNSAT,21,58
2f600f04-5753-4ac6-8897-7c085750360d,cnf,57,20.0,0.048141492000013386,True,9,1,UNSAT,20,Minisat220_DoneNormally_UNSAT,21,58
59fff607-63a0-4d55-8322-4470da18789a,cnf,58,20.0,0.04905515299998342,True,9,1,UNSAT,20,Minisat220_DoneNormally_UNSAT,19,59
1eff2519-65e3-4554-913f-154f37bf6450,cnf,59,20.0,0.048809392000009666,True,9,1,UNSAT,20,Minisat220_DoneNormally_UNSAT,20,59
dd527ba4-f4dd-44b9-bc2d-be02ece54209,cnf,60,20.0,0.04858661299999767,True,9,1,UNSAT,20,Minisat220_DoneNormally_UNSAT,22,59
6cae340f-dc32-4945-91a3-8207445f820c,cnf,61,20.0,0.05312606300003608,True,9,1,UNSAT,20,Minisat220_DoneNormally_UNSAT,20,63
904a23f7-d65b-4471-986c-52b927523c5c,cnf,62,20.0,0.04801766199994972,True,9,1,UNSAT,20,Minisat220_DoneNormally_UNSAT,19,58
ce7bcffc-48df-47f1-8834-ce61872bd6e0,cnf,63,20.0,0.050148192000051495,True,9,1,UNSAT,20,Minisat220_DoneNormally_UNSAT,17,60
b63cd316-0c85-442d-9aaa-cbbf3f6a0903,cnf,64,20.0,0.048672172000010505,True,9,1,UNSAT,20,Minisat220_DoneNormally_UNSAT,19,59
466a7990-d03d-4c86-b216-c3247ebd814a,cnf,65,20.0,0.050195642999995016,True,9,1,UNSAT,20,Minisat220_DoneNormally_UNSAT,20,60
dcec485f-76b9-48e2-9f47-a28c8f5fafc1,cnf,66,20.0,0.048973881999984314,True,9,1,UNSAT,20,Minisat220_DoneNormally_UNSAT,19,59
c35f4961-0835-4847-ae48-c80924160ad4,cnf,67,20.0,0.0486900220000166,True,9,1,UNSAT,20,Minisat220_DoneNormally_UNSAT,20,59
23578eec-99bc-41ec-945a-b69dcb700693,cnf,68,20.0,0.0486828219999893,True,9,1,UNSAT,20,Minisat220_DoneNormally_UNSAT,21,59
643ab5f0-4569-40ee-b468-856ef4dde87e,cnf,69,20.0,0.0482581619999678,True,9,1,UNSAT,20,Minisat220_DoneNormally_UNSAT,18,58
153a4ac1-f7af-43b4-9e0c-84100257f753,cnf,70,20.0,0.048189952999962316,True,9,1,UNSAT,20,Minisat220_DoneNormally_UNSAT,21,58
9c47ac45-9a3c-4ecc-9e5d-244226e4b5d8,cnf,71,20.0,0.048145661999967615,True,9,1,UNSAT,20,Minisat220_DoneNormally_UNSAT,21,58
a2e67f4a-c4b1-433b-9aa5-ba3673001c11,cnf,72,20.0,0.04917959199997313,True,9,1,UNSAT,20,Minisat220_DoneNormally_UNSAT,22,59
30385006-1be2-4c0d-9349-8692a8ce3909,cnf,73,20.0,0.04899323300003289,True,9,1,UNSAT,20,Minisat220_DoneNormally_UNSAT,22,59
1e6276dc-3346-4d66-9935-e97a61f63389,cnf,74,20.0,0.04790033299997276,True,9,1,UNSAT,20,Minisat220_DoneNormally_UNSAT,22,58
14f3b5c7-e208-4047-bdba-8b8cc1f58cd4,cnf,75,20.0,0.04912215199999537,True,9,1,UNSAT,20,Minisat220_DoneNormally_UNSAT,20,59
92ab892a-55a4-4d92-8064-2f22539d36a9,cnf,76,20.0,0.047983692999991945,True,9,1,UNSAT,20,Minisat220_DoneNormally_UNSAT,19,58
df0e9f58-8437-4492-9596-079c3a046b15,cnf,77,20.0,0.04796826200004034,True,9,1,UNSAT,20,Minisat220_DoneNormally_UNSAT,19,58
183d81a9-5f68-4a5f-a4f8-251f9dae1a09,cnf,78,20.0,0.048946182000008776,True,9,1,UNSAT,20,Minisat220_DoneNormally_UNSAT,22,59
5dc7dfe1-62d5-4426-a252-0579f0ce36b3,cnf,79,20.0,0.04865874299997586,True,9,1,UNSAT,20,Minisat220_DoneNormally_UNSAT,21,59
367056a1-e5bf-4bb3-a2e1-85bb6305cbbf,cnf,80,20.0,0.049007472000027974,True,9,1,UNSAT,20,Minisat220_DoneNormally_UNSAT,22,59
1c0fcaec-1c8d-498c-b4a4-6ef4ae7a0730,cnf,81,20.0,0.04884957299998405,True,9,1,UNSAT,20,Minisat220_DoneNormally_UNSAT,20,59
96220f73-eb5d-4509-8362-9409a4bfae1d,cnf,82,20.0,0.04841286300001002,True,9,1,UNSAT,20,Minisat220_DoneNormally_UNSAT,21,59
8f65ad3f-43cb-4362-91d1-135fbe587759,cnf,83,20.0,0.04782090200001221,True,9,1,UNSAT,20,Minisat220_DoneNormally_UNSAT,21,58
4ba40d7e-cd18-47f7-b481-bf4e639cf2ac,cnf,84,20.0,0.058233382999958394,True,9,1,UNSAT,20,Minisat220_DoneNormally_UNSAT,18,69
58796b54-ea1d-42a5-9fe3-4c418c036b95,cnf,85,20.0,0.049180882000030124,True,9,1,UNSAT,20,Minisat220_DoneNormally_UNSAT,18,59
a6005e61-b69e-4046-939d-47fc497cdf2c,cnf,86,20.0,0.048633011999982045,True,9,1,UNSAT,20,Minisat220_DoneNormally_UNSAT,18,59
67fb3670-da97-4130-a8f6-31040a3d745d,cnf,87,20.0,0.049693172999980106,True,9,1,UNSAT,20,Minisat220_DoneNormally_UNSAT,22,60
f49d5719-ab28-46fd-8de2-03353a446db8,cnf,88,20.0,0.04835579199999529,True,9,1,UNSAT,20,Minisat220_DoneNormally_UNSAT,21,59
1f2635a8-afc4-4e61-b4cd-b5b09fcd6d0b,cnf,89,20.0,0.04884963199998538,True,9,1,UNSAT,20,Minisat220_DoneNormally_UNSAT,19,59
ef7037b5-1b18-48c6-a15d-a91c6bd1bb36,cnf,90,20.0,0.04837593199999901,True,9,1,UNSAT,20,Minisat220_DoneNormally_UNSAT,21,59
2e176c24-8894-4f67-9dcb-d4ac4a5cde41,cnf,91,20.0,0.04845687300002055,True,9,1,UNSAT,20,Minisat220_DoneNormally_UNSAT,21,59
357e461c-89b3-46f1-ba8f-8181c0d9ea99,cnf,92,20.0,0.04918137200002093,True,9,1,UNSAT,20,Minisat220_DoneNormally_UNSAT,20,59
3bc1cab7-fc1b-407e-bb31-a875029d72e5,cnf,93,20.0,0.04796081199998525,True,9,1,UNSAT,20,Minisat220_DoneNormally_UNSAT,17,58
f9cd26b9-f20d-4814-ba49-0dd09ee77d75,cnf,94,20.0,0.059580163000021,True,9,1,UNSAT,20,Minisat220_DoneNormally_UNSAT,21,70
40302644-8c7a-4249-b237-9768b0b939cb,cnf,95,20.0,0.049109661999978016,True,9,1,UNSAT,20,Minisat220_DoneNormally_UNSAT,20,59
a74f3433-61f4-4af2-bb57-61ab9bb70325,cnf,96,20.0,0.0487540519999925,True,9,1,UNSAT,20,Minisat220_DoneNormally_UNSAT,18,59
0e774631-f720-423e-8c67-23135d0ec04a,cnf,97,20.0,0.049511132999953134,True,9,1,UNSAT,20,Minisat220_DoneNormally_UNSAT,21,60
9efcbb1d-24d6-4709-b245-4eb01652a19c,cnf,98,20.0,0.04866914300004055,True,9,1,UNSAT,20,Minisat220_DoneNormally_UNSAT,19,59
af632415-cdc4-4fe2-874e-edfcd974935b,cnf,99,20.0,0.048723352000024533,True,9,1,UNSAT,20,Minisat220_DoneNormally_UNSAT,22,59
d6a75a89-cb20-47e1-80b2-388ff41933a6,cnf,100,20.0,0.048791792000031364,True,9,1,UNSAT,20,Minisat220_DoneNormally_UNSAT,20,59
073fdd8f-6867-4873-b58a-0bca7038077a,cnf,101,20.0,0.04855731200001401,True,9,1,UNSAT,20,Minisat220_DoneNormally_UNSAT,22,59
e4e375ae-37cd-4221-bde7-f5f7d025f02d,cnf,102,20.0,0.04913513200000352,True,9,1,UNSAT,20,Minisat220_DoneNormally_UNSAT,20,60
04d5da1a-4010-4b5d-8ebe-d53a6e3de280,cnf,103,20.0,0.048182042999997066,True,9,1,UNSAT,20,Minisat220_DoneNormally_UNSAT,22,58
cdd13943-0dd9-4245-94de-d55c1faa73a6,cnf,104,20.0,0.04893969200003312,True,9,1,UNSAT,20,Minisat220_DoneNormally_UNSAT,22,59
b037728a-68f1-4a3e-a69a-119608f47d52,cnf,105,20.0,0.049403893000032895,True,9,1,UNSAT,20,Minisat220_DoneNormally_UNSAT,21,60
14cac44e-2cf9-49ed-825b-5651a369a10c,cnf,106,20.0,0.050376341999992746,True,9,1,UNSAT,20,Minisat220_DoneNormally_UNSAT,20,61
4e561e8f-cb01-4abb-9d42-b7090ce9bc3c,cnf,107,20.0,0.04942195199998878,True,9,1,UNSAT,20,Minisat220_DoneNormally_UNSAT,21,60
57addf83-7991-45d9-bc0c-709b29711951,cnf,108,20.0,0.04860120199998619,True,9,1,UNSAT,20,Minisat220_DoneNormally_UNSAT,21,59
ca00413c-556b-433f-937d-0e6b5a027b94,cnf,109,20.0,0.05023638199998004,True,9,1,UNSAT,20,Minisat220_DoneNormally_UNSAT,22,61
a805d739-5fb3-4b0f-be43-2445713f8ad9,cnf,110,20.0,0.049245342000006076,True,9,1,UNSAT,20,Minisat220_DoneNormally_UNSAT,22,60
815d65a5-596a-411d-8735-c791103cbe3e,cnf,111,20.0,0.04865088300005027,True,9,1,UNSAT,20,Minisat220_DoneNormally_UNSAT,22,59
7e00eea3-b348-477d-bdc1-aebc038c9928,cnf,112,20.0,0.04847942200001398,True,9,1,UNSAT,20,Minisat220_DoneNormally_UNSAT,22,59
f6403545-6c61-49f9-8a36-2a97697e223d,cnf,113,20.0,0.04891439300001821,True,9,1,UNSAT,20,Minisat220_DoneNormally_UNSAT,20,59
52a4f04a-65de-461b-992d-f7b86916c0e7,cnf,114,20.0,0.04905474200000981,True,9,1,UNSAT,20,Minisat220_DoneNormally_UNSAT,18,59
5a4cd9a1-4882-4d2f-8a80-18954c9229c1,cnf,115,20.0,0.04933238299997811,True,9,1,UNSAT,20,Minisat220_DoneNormally_UNSAT,23,60
4c322f50-00f2-415c-91a3-3a14fce47b8a,cnf,116,20.0,0.04880400299998655,True,9,1,UNSAT,20,Minisat220_DoneNormally_UNSAT,20,59
4ea0a2e9-0fec-4597-b93b-42d24c41b135,cnf,117,20.0,0.04882618200002753,True,9,1,UNSAT,20,Minisat220_DoneNormally_UNSAT,21,59
dee3ddb8-a9db-41da-95c4-d3b6a816052b,cnf,118,20.0,0.050623701999995774,True,9,1,UNSAT,20,Minisat220_DoneNormally_UNSAT,21,61
dbdd13ff-10f6-4f0a-b731-7ebcc42c3c60,cnf,119,20.0,0.04914716200005387,True,9,1,UNSAT,20,Minisat220_DoneNormally_UNSAT,21,59
0ec6098a-26a1-4d0c-8714-311463946290,cnf,120,20.0,0.04895003300003964,True,9,1,UNSAT,20,Minisat220_DoneNormally_UNSAT,22,59
69f3f0c4-15ce-47b6-bf3b-c79a26f4ed88,cnf,121,20.0,0.048618241999975,True,9,1,UNSAT,20,Minisat220_DoneNormally_UNSAT,21,59
8fd8c5f2-db2b-4be6-addb-21d9afe97c1d,cnf,122,20.0,0.04817670199997792,True,9,1,UNSAT,20,Minisat220_DoneNormally_UNSAT,20,59
e31b3ef4-9401-4ae2-86dd-bc3ccab50225,cnf,123,20.0,0.04934036200000946,True,9,1,UNSAT,20,Minisat220_DoneNormally_UNSAT,19,60
80e43ae7-0fe9-43e0-836f-2efffc993427,cnf,124,20.0,0.04885422200004541,True,9,1,UNSAT,20,Minisat220_DoneNormally_UNSAT,20,59
2fd67b58-273c-4a18-963a-11fc9f87f5d1,cnf,125,20.0,0.04874950200002104,True,9,1,UNSAT,20,Minisat220_DoneNormally_UNSAT,20,59
0ffd8ec9-8953-4bae-91f1-f0444525b46e,cnf,126,20.0,0.04873837200000253,True,9,1,UNSAT,20,Minisat220_DoneNormally_UNSAT,19,59
12097e33-3817-4960-a445-2dc26b2c8e51,cnf,127,20.0,0.04906982199997856,True,9,1,UNSAT,20,Minisat220_DoneNormally_UNSAT,22,59
a3947146-71aa-4523-92d0-69d1035dd7bd,cnf,1,20.0,0.048357631999977,True,9,1,UNSAT,20,Minisat220_DoneNormally_UNSAT,19,58
8a2c4d55-5a08-4b04-9ca7-33650149320f,cnf,2,20.0,0.04818403299998408,True,9,1,UNSAT,20,Minisat220_DoneNormally_UNSAT,19,58
2eaeb2eb-72a0-43e3-8c60-dfb8bb9720de,cnf,3,20.0,0.04818681300002936,True,9,1,UNSAT,20,Minisat220_DoneNormally_UNSAT,20,58
03c8b98e-8d48-4ee9-ba8b-066d41098f16,cnf,4,20.0,0.048452563000012105,True,9,1,UNSAT,20,Minisat220_DoneNormally_UNSAT,19,58
b909819c-f0eb-4298-97d5-e00d6271eaea,cnf,5,20.0,0.04960031299998491,True,9,1,UNSAT,20,Minisat220_DoneNormally_UNSAT,23,60
164fb8b2-5d5b-41b9-b298-a600c48d70ae,cnf,6,20.0,0.05254769200001874,True,9,1,UNSAT,20,Minisat220_DoneNormally_UNSAT,20,63
7df5ff08-cccd-490b-b4e5-b0f6e0156028,cnf,7,20.0,0.04772493199999417,True,9,1,UNSAT,20,Minisat220_DoneNormally_UNSAT,20,58
17e43c08-405a-4573-9f8f-d9435b746a96,cnf,8,20.0,0.04805751300000338,True,9,1,UNSAT,20,Minisat220_DoneNormally_UNSAT,23,58
488044e5-9ed0-4d5a-b9a3-5afe4a2c1e2c,cnf,9,20.0,0.0489124929999889,True,9,1,UNSAT,20,Minisat220_DoneNormally_UNSAT,21,59
dd700fad-dbcb-4af1-9697-1f03af901ca3,cnf,10,20.0,0.04817049300004328,True,9,1,UNSAT,20,Minisat220_DoneNormally_UNSAT,20,58
52b0188b-ed05-483b-b6ed-9f7ed75001b0,cnf,11,20.0,0.048254531999987194,True,9,1,UNSAT,20,Minisat220_DoneNormally_UNSAT,20,58
f2a8f313-1d75-422c-b903-26b5b6117eec,cnf,12,20.0,0.049256001999992804,True,9,1,UNSAT,20,Minisat220_DoneNormally_UNSAT,21,59
c4263118-207c-4e7d-b73b-35367d56031b,cnf,13,20.0,0.054954422000037084,True,9,1,UNSAT,20,Minisat220_DoneNormally_UNSAT,22,65
8af37994-adf9-43c3-8abe-4ea255bdad05,cnf,14,20.0,0.05011649199997237,True,9,1,UNSAT,20,Minisat220_DoneNormally_UNSAT,23,60
40dfde27-85dd-4199-bb9f-6393c52078a4,cnf,15,20.0,0.047751032000007854,True,9,1,UNSAT,20,Minisat220_DoneNormally_UNSAT,17,58
2e8d857b-ba06-42fe-ac4a-8b842bf1697e,cnf,16,20.0,0.04824186199999758,True,9,1,UNSAT,20,Minisat220_DoneNormally_UNSAT,24,58
bf1c3a98-5bd5-463b-936f-82336f47a0c6,cnf,17,20.0,0.04760132199999134,True,9,1,UNSAT,20,Minisat220_DoneNormally_UNSAT,23,58
2034da4d-0cb7-4d24-b5de-89b4540deb72,cnf,18,20.0,0.048412361999965015,True,9,1,UNSAT,20,Minisat220_DoneNormally_UNSAT,22,58
a3bf8b58-abf2-4de1-9724-07fdcb509b97,cnf,19,20.0,0.0487487729999998,True,9,1,UNSAT,20,Minisat220_DoneNormally_UNSAT,26,59
279d9b44-d306-4169-aed8-69a67cc672ef,cnf,20,20.0,0.04817223200001308,True,9,1,UNSAT,20,Minisat220_DoneNormally_UNSAT,24,58
4da88f47-ff5e-40aa-8fb7-d530f8246803,cnf,21,20.0,0.0491293320000068,True,9,1,UNSAT,20,Minisat220_DoneNormally_UNSAT,22,59
062b721e-5c23-4675-b9a5-68d8a309fd3c,cnf,22,20.0,0.05045219199996609,True,9,1,UNSAT,20,Minisat220_DoneNormally_UNSAT,23,61
5c9bf688-64d1-4fc3-bccd-f323bf88641d,cnf,23,20.0,0.04910748300000023,True,9,1,UNSAT,20,Minisat220_DoneNormally_UNSAT,22,59
6911d3d6-ee6d-466e-9145-41f3e3555dfe,cnf,24,20.0,0.04838513200002126,True,9,1,UNSAT,20,Minisat220_DoneNormally_UNSAT,19,59
dd1d1744-8a5d-4f1a-83e7-da1c4c73287c,cnf,25,20.0,0.04893075199998975,True,9,1,UNSAT,20,Minisat220_DoneNormally_UNSAT,20,59
6f362089-bdc2-43f0-bba2-f703d2f341c7,cnf,26,20.0,0.04783118199998171,True,9,1,UNSAT,20,Minisat220_DoneNormally_UNSAT,19,58
69003a7c-b075-4f29-b6f5-377fab41c82d,cnf,27,20.0,0.048235863000002155,True,9,1,UNSAT,20,Minisat220_DoneNormally_UNSAT,22,58
e51a6552-2a28-45cd-8f85-68160710933e,cnf,28,20.0,0.04836045199999717,True,9,1,UNSAT,20,Minisat220_DoneNormally_UNSAT,21,58
114a205f-fa02-4979-b0d1-7dabe390b994,cnf,29,20.0,0.04850576300003695,True,9,1,UNSAT,20,Minisat220_DoneNormally_UNSAT,21,59
8646b27a-3af2-46d1-b7d1-7d6f67e3638e,cnf,30,20.0,0.04852862199999208,True,9,1,UNSAT,20,Minisat220_DoneNormally_UNSAT,20,59
ef7e78ae-07c1-4203-b91e-764adfa5a394,cnf,31,20.0,0.04881301299997176,True,9,1,UNSAT,20,Minisat220_DoneNormally_UNSAT,20,59
34f4452e-9239-4f50-a9c1-e468742ba2f1,cnf,32,20.0,0.04877994199995328,True,9,1,UNSAT,20,Minisat220_DoneNormally_UNSAT,20,59
720027d2-fe31-4e9b-99e2-13ec47f26de9,cnf,33,20.0,0.049656812000023365,True,9,1,UNSAT,20,Minisat220_DoneNormally_UNSAT,21,60
7700b18c-da1f-4b20-8bf9-c37fcefef9df,cnf,34,20.0,0.04902011199999379,True,9,1,UNSAT,20,Minisat220_DoneNormally_UNSAT,23,59
06fb9fa4-81e6-4eb3-af07-616c7d24b28a,cnf,35,20.0,0.05442823299995325,True,9,1,UNSAT,20,Minisat220_DoneNormally_UNSAT,24,65
99fdd8eb-0ed7-4494-a05f-008caf48746c,cnf,36,20.0,0.048550731999966956,True,9,1,UNSAT,20,Minisat220_DoneNormally_UNSAT,20,59
439b2c7e-4940-4ef5-bd6d-ebe992244f49,cnf,37,20.0,0.04853128199999901,True,9,1,UNSAT,20,Minisat220_DoneNormally_UNSAT,21,59
18c090de-9a94-4403-a1b0-52882e8920f4,cnf,38,20.0,0.04823972200000526,True,9,1,UNSAT,20,Minisat220_DoneNormally_UNSAT,21,58
34d7a969-e622-43a0-8950-9e4da6703990,cnf,39,20.0,0.04830039199998737,True,9,1,UNSAT,20,Minisat220_DoneNormally_UNSAT,18,58
c2c15333-dd23-421c-a58d-7a0af7cafc37,cnf,40,20.0,0.04810671199999206,True,9,1,UNSAT,20,Minisat220_DoneNormally_UNSAT,20,58
70c319ca-8c9b-4851-8103-c69fbfd76218,cnf,41,20.0,0.04905249200004391,True,9,1,UNSAT,20,Minisat220_DoneNormally_UNSAT,20,59
59e3b467-7ae1-44bb-a0a3-e18dc549981d,cnf,42,20.0,0.05217609299995729,True,9,1,UNSAT,20,Minisat220_DoneNormally_UNSAT,20,62
5726ed22-62f6-4f9c-855d-0ea5a90cd352,cnf,43,20.0,0.04862249199999269,True,9,1,UNSAT,20,Minisat220_DoneNormally_UNSAT,18,59
ffd53294-09ec-4433-b1f5-85f511e2464c,cnf,44,20.0,0.05273461199999474,True,9,1,UNSAT,20,Minisat220_DoneNormally_UNSAT,25,63
2269a666-5522-4ad5-80d4-2591e41d93c6,cnf,45,20.0,0.04949252300002627,True,9,1,UNSAT,20,Minisat220_DoneNormally_UNSAT,21,60
b3d246d0-e898-4b24-84e7-0170214a69ce,cnf,46,20.0,0.04836358299996846,True,9,1,UNSAT,20,Minisat220_DoneNormally_UNSAT,24,59
3ad86574-b643-43b1-be20-dcb72ffce5e8,cnf,47,20.0,0.04918469200003983,True,9,1,UNSAT,20,Minisat220_DoneNormally_UNSAT,23,59
89430ad8-7c4d-4380-868e-6b2ef5d6e217,cnf,48,20.0,0.052642192000007526,True,9,1,UNSAT,20,Minisat220_DoneNormally_UNSAT,23,63
28397210-8c9e-4346-a3f6-89bbbfae4618,cnf,49,20.0,0.05067131200001995,True,9,1,UNSAT,20,Minisat220_DoneNormally_UNSAT,21,61
1111f07e-f39c-4841-b810-1083a41ac9b6,cnf,50,20.0,0.049754633000020476,True,9,1,UNSAT,20,Minisat220_DoneNormally_UNSAT,22,60
f59c4c12-bc87-4125-809e-01fe3d4ca795,cnf,51,20.0,0.04751231199998074,True,9,1,UNSAT,20,Minisat220_DoneNormally_UNSAT,19,58
5dde95fd-ac77-4c41-8391-d806ee2c32c1,cnf,52,20.0,0.04779068200002712,True,9,1,UNSAT,20,Minisat220_DoneNormally_UNSAT,18,58
72805f07-3b87-4c74-8667-2c13d3c5f121,cnf,53,20.0,0.04788543199998685,True,9,1,UNSAT,20,Minisat220_DoneNormally_UNSAT,21,58
31ed0f0d-ba7f-4e28-b7cc-c8392fc03414,cnf,54,20.0,0.04829125200001272,True,9,1,UNSAT,20,Minisat220_DoneNormally_UNSAT,23,58
67db81ef-433e-47bb-a2a3-b96a26107201,cnf,55,20.0,0.050370063000002574,True,9,1,UNSAT,20,Minisat220_DoneNormally_UNSAT,22,60
6b63fc26-2895-435d-a133-7dd343b27fd6,cnf,56,20.0,0.048461662999955024,True,9,1,UNSAT,20,Minisat220_DoneNormally_UNSAT,23,59
a6a8df17-74e6-406f-a704-0aa0c625eb93,cnf,57,20.0,0.048234272000001965,True,9,1,UNSAT,20,Minisat220_DoneNormally_UNSAT,20,58
f6e6d540-6d63-4d53-ba32-451994670850,cnf,58,20.0,0.048919391999959316,True,9,1,UNSAT,20,Minisat220_DoneNormally_UNSAT,24,59
36c1f0bb-571b-40b9-aa14-822a3911c6de,cnf,59,20.0,0.049942212000019026,True,9,1,UNSAT,20,Minisat220_DoneNormally_UNSAT,16,60
9be98a63-6e2c-41c9-9026-e34db93b495a,cnf,60,20.0,0.048177963000000545,True,9,1,UNSAT,20,Minisat220_DoneNormally_UNSAT,21,58
ae6eb25c-ba1d-4e03-9368-62bb11fa2c60,cnf,61,20.0,0.05263066300000219,True,9,1,UNSAT,20,Minisat220_DoneNormally_UNSAT,22,63
45ec1fd5-af84-49ec-b17a-ff3a8f5d4c86,cnf,62,20.0,0.04797996199999943,True,9,1,UNSAT,20,Minisat220_DoneNormally_UNSAT,22,58
dd603546-8f7d-4713-856c-4106b54c9787,cnf,63,20.0,0.04977710200000729,True,9,1,UNSAT,20,Minisat220_DoneNormally_UNSAT,21,60
5c3f825c-f808-4124-8ff7-8c5a3eeda8c9,cnf,64,20.0,0.052835833000017374,True,9,1,UNSAT,20,Minisat220_DoneNormally_UNSAT,23,63
0342b022-f8ba-4fdd-8e9c-f6d0548120ae,cnf,65,20.0,0.04986392299997533,True,9,1,UNSAT,20,Minisat220_DoneNormally_UNSAT,20,60
59918b02-0998-467e-9667-613e5450d538,cnf,66,20.0,0.04811085199997933,True,9,1,UNSAT,20,Minisat220_DoneNormally_UNSAT,21,58
378f8bd3-25d5-4177-bcee-4c88b914ff05,cnf,67,20.0,0.04883036199998969,True,9,1,UNSAT,20,Minisat220_DoneNormally_UNSAT,20,59
47bf7c47-6d93-4637-9306-a3312ea014f2,cnf,68,20.0,0.04859715300000289,True,9,1,UNSAT,20,Minisat220_DoneNormally_UNSAT,20,59
bced3845-c685-4ab2-b4c4-8ff78fb51bac,cnf,69,20.0,0.048900212000035026,True,9,1,UNSAT,20,Minisat220_DoneNormally_UNSAT,20,59
29a8d7ab-7814-46fe-b45e-d45e1c777c78,cnf,70,20.0,0.04893361299997423,True,9,1,UNSAT,20,Minisat220_DoneNormally_UNSAT,22,59
902534da-f852-4511-9a8a-c0790ed0fb0a,cnf,71,20.0,0.04750986199996987,True,9,1,UNSAT,20,Minisat220_DoneNormally_UNSAT,21,58
0fee644a-7261-451a-8c38-bb4b67fb0d42,cnf,72,20.0,0.052581411999995,True,9,1,UNSAT,20,Minisat220_DoneNormally_UNSAT,25,63
5935b4f6-51e1-48e1-9366-b141e7b3c505,cnf,73,20.0,0.04940777199999502,True,9,1,UNSAT,20,Minisat220_DoneNormally_UNSAT,21,60
9ce6cf24-cd89-4d18-8eba-219fd25da851,cnf,74,20.0,0.047854252999968594,True,9,1,UNSAT,20,Minisat220_DoneNormally_UNSAT,25,58
2148bf8e-2166-4dbb-a33c-217f587752e5,cnf,75,20.0,0.04934532200002195,True,9,1,UNSAT,20,Minisat220_DoneNormally_UNSAT,20,60
f984dee1-f164-4938-8b45-a446e2758f48,cnf,76,20.0,0.048111773000016456,True,9,1,UNSAT,20,Minisat220_DoneNormally_UNSAT,22,58
fa227f9e-6346-415f-92be-a980575409e1,cnf,77,20.0,0.047923261999983424,True,9,1,UNSAT,20,Minisat220_DoneNormally_UNSAT,19,58
9684f1cc-fd1e-4587-8fac-31029540242e,cnf,78,20.0,0.04938006200001155,True,9,1,UNSAT,20,Minisat220_DoneNormally_UNSAT,16,60
e4224b6c-d72f-4aa8-9188-ac356a975dee,cnf,79,20.0,0.0487076520000187,True,9,1,UNSAT,20,Minisat220_DoneNormally_UNSAT,20,59
9dc9ace4-bc02-4b54-97e5-180f93ad24f0,cnf,80,20.0,0.048496181999951204,True,9,1,UNSAT,20,Minisat220_DoneNormally_UNSAT,18,59
f36eb397-c0be-4134-8a52-2c98c0e2b7ec,cnf,81,20.0,0.048694812000007914,True,9,1,UNSAT,20,Minisat220_DoneNormally_UNSAT,20,59
8d4713ee-49cd-4a3e-b1c6-5bc3d6897aae,cnf,82,20.0,0.049499183000023095,True,9,1,UNSAT,20,Minisat220_DoneNormally_UNSAT,21,60
3b149bc7-ba2a-4c1d-b139-d0c3d4996957,cnf,83,20.0,0.04981104199998754,True,9,1,UNSAT,20,Minisat220_DoneNormally_UNSAT,22,60
cfcd7300-3505-4613-8c03-aa4833089e2c,cnf,84,20.0,0.07020796300002985,True,9,1,UNSAT,20,Minisat220_DoneNormally_UNSAT,29,81
3ddca145-dbb3-4654-aef9-e3911cc3be3e,cnf,85,20.0,0.0497946920000345,True,9,1,UNSAT,20,Minisat220_DoneNormally_UNSAT,21,60
9efed0b2-a374-4faa-8f2d-07807846d88f,cnf,86,20.0,0.047895522000033,True,9,1,UNSAT,20,Minisat220_DoneNormally_UNSAT,18,58
f37bd326-78f2-446e-9afa-b04c256a3dc0,cnf,87,20.0,0.049170532000005096,True,9,1,UNSAT,20,Minisat220_DoneNormally_UNSAT,19,59
73c053b1-bb22-4068-9019-b602335433c4,cnf,88,20.0,0.062346552999997584,True,9,1,UNSAT,20,Minisat220_DoneNormally_UNSAT,20,73
67bb2224-ebc1-4af0-a781-6994d335b337,cnf,89,20.0,0.0485819620000143,True,9,1,UNSAT,20,Minisat220_DoneNormally_UNSAT,21,59
a0f68e33-d1ed-48ab-ac72-6118c98a7c42,cnf,90,20.0,0.04852254200000061,True,9,1,UNSAT,20,Minisat220_DoneNormally_UNSAT,19,59
e4504121-4b40-466f-8557-0a12e9402dc9,cnf,91,20.0,0.04824093199999879,True,9,1,UNSAT,20,Minisat220_DoneNormally_UNSAT,19,58
ff9a1a01-38ba-4305-9616-b269f7336d4b,cnf,92,20.0,0.0526436729999773,True,9,1,UNSAT,20,Minisat220_DoneNormally_UNSAT,27,63
04e7121e-2611-462c-84a5-e17906afbcf0,cnf,93,20.0,0.04910391199996411,True,9,1,UNSAT,20,Minisat220_DoneNormally_UNSAT,20,59
b41be7ab-bbb4-490b-8613-306508214543,cnf,94,20.0,0.06213200299998789,True,9,1,UNSAT,20,Minisat220_DoneNormally_UNSAT,17,72
59af439d-6038-4d11-9f47-eeba6ba21515,cnf,95,20.0,0.04821530299994947,True,9,1,UNSAT,20,Minisat220_DoneNormally_UNSAT,21,58
b1611db5-803a-48ca-b08f-2112b0c1f2a0,cnf,96,20.0,0.05722727299996677,True,9,1,UNSAT,20,Minisat220_DoneNormally_UNSAT,21,67
3536d0c6-3ecc-445e-975e-6c6be93935aa,cnf,97,20.0,0.049258022999993045,True,9,1,UNSAT,20,Minisat220_DoneNormally_UNSAT,19,60
688799c2-cbdb-4ec2-a521-b6788b8d906b,cnf,98,20.0,0.04942306199995983,True,9,1,UNSAT,20,Minisat220_DoneNormally_UNSAT,21,60
dfb6daeb-5d15-4504-8d17-6218ec0927fc,cnf,99,20.0,0.048213022000027195,True,9,1,UNSAT,20,Minisat220_DoneNormally_UNSAT,22,58
d94e498b-d20e-4db7-b1e5-9f426ee14aa7,cnf,100,20.0,0.048467291999998,True,9,1,UNSAT,20,Minisat220_DoneNormally_UNSAT,22,59
90847fef-b6da-422f-b264-0313f1a48314,cnf,101,20.0,0.048799331999987317,True,9,1,UNSAT,20,Minisat220_DoneNormally_UNSAT,19,59
7ca8bfab-db58-4b20-a71b-9e8e704e6221,cnf,102,20.0,0.04914088299995001,True,9,1,UNSAT,20,Minisat220_DoneNormally_UNSAT,22,60
9542de99-2a21-493d-9f2a-62ca56b0d47b,cnf,103,20.0,0.04825864299999694,True,9,1,UNSAT,20,Minisat220_DoneNormally_UNSAT,18,59
feb07a12-39ed-41ed-817b-3b9fb465de41,cnf,104,20.0,0.04917409199998701,True,9,1,UNSAT,20,Minisat220_DoneNormally_UNSAT,20,60
de8f5810-4d1b-4590-aec4-90cc454a2fc9,cnf,105,20.0,0.04864276199998585,True,9,1,UNSAT,20,Minisat220_DoneNormally_UNSAT,21,59
c0330286-22e1-4f57-ace7-319b6844d325,cnf,106,20.0,0.05128871299996263,True,9,1,UNSAT,20,Minisat220_DoneNormally_UNSAT,19,62
e50e3499-b5fb-44ac-858d-2470b8230d2c,cnf,107,20.0,0.04826315299999351,True,9,1,UNSAT,20,Minisat220_DoneNormally_UNSAT,21,59
7a9866de-52f0-421f-b93f-a9eeeb11e14d,cnf,108,20.0,0.0519711819999884,True,9,1,UNSAT,20,Minisat220_DoneNormally_UNSAT,23,62
bfa019e7-9556-432f-9a0b-3b141b1fb773,cnf,109,20.0,0.049340921999998955,True,9,1,UNSAT,20,Minisat220_DoneNormally_UNSAT,22,60
1de91a17-6b41-424c-bf62-d2ef41219c78,cnf,110,20.0,0.04944621200002075,True,9,1,UNSAT,20,Minisat220_DoneNormally_UNSAT,20,60
6c59fb28-03c0-491d-b126-d5070be0c705,cnf,111,20.0,0.048378322000019125,True,9,1,UNSAT,20,Minisat220_DoneNormally_UNSAT,21,59
3391ccec-b379-46d0-9d03-abdd815342ac,cnf,112,20.0,0.048481283000000985,True,9,1,UNSAT,20,Minisat220_DoneNormally_UNSAT,18,59
a41271cc-0cfe-4e5e-b099-fd2d99e20e13,cnf,113,20.0,0.049040133000005426,True,9,1,UNSAT,20,Minisat220_DoneNormally_UNSAT,24,59
ecec9c9c-9b6c-43e2-8dbf-65d688009d7f,cnf,114,20.0,0.049121842000033666,True,9,1,UNSAT,20,Minisat220_DoneNormally_UNSAT,22,59
825e5377-a4dc-46d7-b1a7-918113711d85,cnf,115,20.0,0.04855763199998364,True,9,1,UNSAT,20,Minisat220_DoneNormally_UNSAT,19,59
6327240f-6389-4543-b989-bc4457333575,cnf,116,20.0,0.04947664300004817,True,9,1,UNSAT,20,Minisat220_DoneNormally_UNSAT,20,60
401f982f-1548-44fd-a9c9-6465f9af8f34,cnf,117,20.0,0.04860021200005349,True,9,1,UNSAT,20,Minisat220_DoneNormally_UNSAT,18,59
02b9419a-7d8b-4ec5-bb39-d1c8c2ba0010,cnf,118,20.0,0.04903709200004869,True,9,1,UNSAT,20,Minisat220_DoneNormally_UNSAT,20,59
6e007222-2deb-44a5-8780-8ae4804666f9,cnf,119,20.0,0.04924564200001669,True,9,1,UNSAT,20,Minisat220_DoneNormally_UNSAT,22,60
71e21638-b99a-469f-8287-479e960de9b8,cnf,120,20.0,0.04890253300004588,True,9,1,UNSAT,20,Minisat220_DoneNormally_UNSAT,23,59
40c485d8-0848-412d-ac49-ab9769d6e1cb,cnf,121,20.0,0.04802858300001844,True,9,1,UNSAT,20,Minisat220_DoneNormally_UNSAT,20,58
2eb692c5-72c6-49f5-b4d5-018b591c9d1c,cnf,122,20.0,0.04877890199998092,True,9,1,UNSAT,20,Minisat220_DoneNormally_UNSAT,19,59
150971fb-49c7-4f41-b8a7-5fd0d14f8164,cnf,123,20.0,0.048832801999992625,True,9,1,UNSAT,20,Minisat220_DoneNormally_UNSAT,17,59
d937123a-0577-4777-89e7-91da3130b641,cnf,124,20.0,0.050125481999998556,True,9,1,UNSAT,20,Minisat220_DoneNormally_UNSAT,20,61
85e2ee7c-c281-4ca4-8328-33ec1a803ec1,cnf,125,20.0,0.048233653000011145,True,9,1,UNSAT,20,Minisat220_DoneNormally_UNSAT,22,59
49d79a7d-19a2-4cb5-bb59-8fb6b631be0d,cnf,126,20.0,0.04847258300003432,True,9,1,UNSAT,20,Minisat220_DoneNormally_UNSAT,21,59
b3943573-6046-45d0-8b2f-94229a6eac9a,cnf,127,20.0,0.04940386200001967,True,9,1,UNSAT,20,Minisat220_DoneNormally_UNSAT,19,60
43c266f0-3bc1-479f-a076-5ff0e461d78e,cnf,1,20.0,0.04877061199999844,True,9,1,UNSAT,20,Minisat220_DoneNormally_UNSAT,20,59
e85b1f7f-d543-451c-90a9-761921c628b6,cnf,2,20.0,0.048352782999984356,True,9,1,UNSAT,20,Minisat220_DoneNormally_UNSAT,23,58
9989cc1b-4a52-4708-9425-07cdb25b1af2,cnf,3,20.0,0.04761743199998136,True,9,1,UNSAT,20,Minisat220_DoneNormally_UNSAT,21,58
4a4c9d00-c072-4266-bba5-316160a917ce,cnf,4,20.0,0.047901443000000654,True,9,1,UNSAT,20,Minisat220_DoneNormally_UNSAT,23,58
a3ea3827-cc18-41e6-972f-d2a877085fb6,cnf,5,20.0,0.049189922999971714,True,9,1,UNSAT,20,Minisat220_DoneNormally_UNSAT,20,59
a57e795e-de63-4ae1-a5fa-f20eb3029fff,cnf,6,20.0,0.0505209519999994,True,9,1,UNSAT,20,Minisat220_DoneNormally_UNSAT,18,61
43c39308-142f-4a6c-a5ef-de94554b77f0,cnf,7,20.0,0.048170341999991706,True,9,1,UNSAT,20,Minisat220_DoneNormally_UNSAT,21,58
9e7e3338-f417-4ea4-a55a-8f1762a1fbe8,cnf,8,20.0,0.05047218300001077,True,9,1,UNSAT,20,Minisat220_DoneNormally_UNSAT,21,61
4dabdea7-55cb-4790-b3b3-7640a6922720,cnf,9,20.0,0.059107553000046664,True,9,1,UNSAT,20,Minisat220_DoneNormally_UNSAT,23,69
b7f47d77-3ace-4b31-9ccc-a59600d3adfb,cnf,10,20.0,0.04969666199997391,True,9,1,UNSAT,20,Minisat220_DoneNormally_UNSAT,24,60
bd649ce5-7fd2-4a9e-a963-d246b3e118a2,cnf,11,20.0,0.04775518200000306,True,9,1,UNSAT,20,Minisat220_DoneNormally_UNSAT,19,58
f8318d69-5594-44c0-bfe1-8762cdc255d0,cnf,12,20.0,0.049716431999968336,True,9,1,UNSAT,20,Minisat220_DoneNormally_UNSAT,17,60
d8f494f7-06d4-4232-9a54-885e5cbd3933,cnf,13,20.0,0.04812126199999511,True,9,1,UNSAT,20,Minisat220_DoneNormally_UNSAT,22,58
3a6de3e9-278b-4082-a3c7-dccd402b3933,cnf,14,20.0,0.04781116300000576,True,9,1,UNSAT,20,Minisat220_DoneNormally_UNSAT,20,58
fa457b48-0175-4933-aba9-d83d8f3b0311,cnf,15,20.0,0.047475452000014684,True,9,1,UNSAT,20,Minisat220_DoneNormally_UNSAT,20,57
3ca4d2f1-29c0-4748-8497-8d83bede16ba,cnf,16,20.0,0.05014145299998063,True,9,1,UNSAT,20,Minisat220_DoneNormally_UNSAT,24,60
b946eeec-2f0f-4f87-9004-85f27ff002a9,cnf,17,20.0,0.04717922200001112,True,9,1,UNSAT,20,Minisat220_DoneNormally_UNSAT,22,57
b7cfa979-9295-4e43-9fc0-f94741d8d711,cnf,18,20.0,0.04909633199997643,True,9,1,UNSAT,20,Minisat220_DoneNormally_UNSAT,18,59
24d8e233-6505-4dff-9238-72c12bd778fa,cnf,19,20.0,0.047986913000045206,True,9,1,UNSAT,20,Minisat220_DoneNormally_UNSAT,22,58
2065d131-ce87-44d5-8109-9fa420641e34,cnf,20,20.0,0.04923368200002187,True,9,1,UNSAT,20,Minisat220_DoneNormally_UNSAT,22,59
5012cd25-2f60-4d9c-8137-483fec745773,cnf,21,20.0,0.05214144199999282,True,9,1,UNSAT,20,Minisat220_DoneNormally_UNSAT,23,62
a2612bb2-4368-432f-8107-84051eee70f3,cnf,22,20.0,0.04826655299996219,True,9,1,UNSAT,20,Minisat220_DoneNormally_UNSAT,19,58
56326d13-0724-47da-95f4-bef91ef2e010,cnf,23,20.0,0.04880915199998981,True,9,1,UNSAT,20,Minisat220_DoneNormally_UNSAT,22,59
334e58fe-640d-478c-8b68-2752aebac62c,cnf,24,20.0,0.052309722000018155,True,9,1,UNSAT,20,Minisat220_DoneNormally_UNSAT,22,62
faa598b1-d1a2-4b79-b52e-d92d8905dbae,cnf,25,20.0,0.04932527200003278,True,9,1,UNSAT,20,Minisat220_DoneNormally_UNSAT,22,59
84863cb3-8660-43d9-8611-bcca3f573717,cnf,26,20.0,0.048007473000041045,True,9,1,UNSAT,20,Minisat220_DoneNormally_UNSAT,24,58
090d94fe-e16d-4e1f-8807-a5d8c630c9d7,cnf,27,20.0,0.0517791429999761,True,9,1,UNSAT,20,Minisat220_DoneNormally_UNSAT,27,62
797fff00-74d1-45ec-b6c2-e430b5c73060,cnf,28,20.0,0.04878390200002514,True,9,1,UNSAT,20,Minisat220_DoneNormally_UNSAT,22,59
9b36a37c-4012-47db-84f6-fc87cea8528f,cnf,29,20.0,0.04820004300000846,True,9,1,UNSAT,20,Minisat220_DoneNormally_UNSAT,22,58
818b9450-aba5-4869-90e8-89841cabb231,cnf,30,20.0,0.049100443000043015,True,9,1,UNSAT,20,Minisat220_DoneNormally_UNSAT,19,59
5df18f46-0147-4b2f-9c48-df9af5f73305,cnf,31,20.0,0.04811514300001818,True,9,1,UNSAT,20,Minisat220_DoneNormally_UNSAT,20,58
7a4b5468-a71b-4a1a-93e0-54c42113002b,cnf,32,20.0,0.04827360199999475,True,9,1,UNSAT,20,Minisat220_DoneNormally_UNSAT,18,58
1c15d597-f68e-4fe3-b648-73e14c3f6eee,cnf,33,20.0,0.05032506200001308,True,9,1,UNSAT,20,Minisat220_DoneNormally_UNSAT,21,60
cf204edd-8c39-4343-ae14-58d6510994c1,cnf,34,20.0,0.053554161999954886,True,9,1,UNSAT,20,Minisat220_DoneNormally_UNSAT,28,64
0abb302b-74eb-4e93-80fe-8d5e5b6b8f66,cnf,35,20.0,0.04957990200000495,True,9,1,UNSAT,20,Minisat220_DoneNormally_UNSAT,21,60
4e9d9aed-30ce-4a6a-b634-458d06e84d26,cnf,36,20.0,0.05571485299998358,True,9,1,UNSAT,20,Minisat220_DoneNormally_UNSAT,24,66
f6831e5d-7563-4f2f-864e-45e304dd515b,cnf,37,20.0,0.04865529199997809,True,9,1,UNSAT,20,Minisat220_DoneNormally_UNSAT,21,59
2b7f244a-d9ce-4f53-aeff-490cc1d85f26,cnf,38,20.0,0.04863472200003116,True,9,1,UNSAT,20,Minisat220_DoneNormally_UNSAT,20,59
c3245c5c-36fd-4a70-b96a-af80db74706b,cnf,39,20.0,0.04879213300000629,True,9,1,UNSAT,20,Minisat220_DoneNormally_UNSAT,25,59
7f219371-c12d-47a9-b476-d33bd150e016,cnf,40,20.0,0.047982302000036725,True,9,1,UNSAT,20,Minisat220_DoneNormally_UNSAT,21,58
79f97c06-827c-47b1-b9c0-da552c257b3e,cnf,41,20.0,0.047995312000011836,True,9,1,UNSAT,20,Minisat220_DoneNormally_UNSAT,21,58
932fb26a-9231-4ae8-a2f0-2783cdf57f28,cnf,42,20.0,0.049522572000000764,True,9,1,UNSAT,20,Minisat220_DoneNormally_UNSAT,21,60
12588e6b-56e8-4db0-8c62-d5bf4d84d2de,cnf,43,20.0,0.04857543299999634,True,9,1,UNSAT,20,Minisat220_DoneNormally_UNSAT,19,59
521c4431-b0fb-4275-a5cc-4f41aa57074e,cnf,44,20.0,0.04993692200002897,True,9,1,UNSAT,20,Minisat220_DoneNormally_UNSAT,19,60
f7821fd0-1938-460a-8766-a55a9a20bcac,cnf,45,20.0,0.04880125299996507,True,9,1,UNSAT,20,Minisat220_DoneNormally_UNSAT,17,59
b5c2df2f-6da5-42cd-a22c-db20ff2b85f0,cnf,46,20.0,0.04895110299997896,True,9,1,UNSAT,20,Minisat220_DoneNormally_UNSAT,24,59
5903a074-67a4-468d-adbe-bbc6e667c8ea,cnf,47,20.0,0.0515063830000031,True,9,1,UNSAT,20,Minisat220_DoneNormally_UNSAT,26,62
4d1bc295-5876-499d-986a-59110b9cfe69,cnf,48,20.0,0.049498522000021694,True,9,1,UNSAT,20,Minisat220_DoneNormally_UNSAT,23,60
3c4ebdad-5f09-4c54-9867-08c1f92c0c7b,cnf,49,20.0,0.049450611999986904,True,9,1,UNSAT,20,Minisat220_DoneNormally_UNSAT,22,60
8fafbdd2-f5bd-4f56-b0dc-d87e243ceed0,cnf,50,20.0,0.05478294299996378,True,9,1,UNSAT,20,Minisat220_DoneNormally_UNSAT,19,65
7b3e9e3b-599f-4c83-a21a-67fe2870e2f2,cnf,51,20.0,0.04847116199999846,True,9,1,UNSAT,20,Minisat220_DoneNormally_UNSAT,20,59
3c9cf337-c1dc-4de9-bb7c-415b676cbdfe,cnf,52,20.0,0.049123592000000826,True,9,1,UNSAT,20,Minisat220_DoneNormally_UNSAT,22,59
21d7aa59-0ce8-40ca-82c7-263429aa85f7,cnf,53,20.0,0.04862920200002918,True,9,1,UNSAT,20,Minisat220_DoneNormally_UNSAT,19,59
1d1bc953-3641-44cd-ad79-7f99c730e521,cnf,54,20.0,0.048368292000020574,True,9,1,UNSAT,20,Minisat220_DoneNormally_UNSAT,22,58
3b79e78b-0c0d-418a-ac8d-a4f550f478ec,cnf,55,20.0,0.056415013000048475,True,9,1,UNSAT,20,Minisat220_DoneNormally_UNSAT,20,67
8cdce07b-b3be-45fd-a6e6-b1c7a71778bc,cnf,56,20.0,0.04870540299998538,True,9,1,UNSAT,20,Minisat220_DoneNormally_UNSAT,19,59
49f25b57-3cc1-486a-a2d4-c27c3dd68382,cnf,57,20.0,0.04875847199997452,True,9,1,UNSAT,20,Minisat220_DoneNormally_UNSAT,22,59
aa6741a4-509c-490e-8e5d-bb44bf7f02de,cnf,58,20.0,0.05395317300002489,True,9,1,UNSAT,20,Minisat220_DoneNormally_UNSAT,20,64
ddd92138-1c97-4f15-8b8b-1d29e912afe0,cnf,59,20.0,0.04877625199998192,True,9,1,UNSAT,20,Minisat220_DoneNormally_UNSAT,21,59
89793766-bb38-4a3c-803b-9850655f8de8,cnf,60,20.0,0.04999111300003278,True,9,1,UNSAT,20,Minisat220_DoneNormally_UNSAT,19,60
6b8fbf53-1786-4215-a59a-4c103310331d,cnf,61,20.0,0.05057410199998458,True,9,1,UNSAT,20,Minisat220_DoneNormally_UNSAT,19,61
d3ae8f94-50db-4bd2-b03c-cff53a3478bb,cnf,62,20.0,0.04864404199997807,True,9,1,UNSAT,20,Minisat220_DoneNormally_UNSAT,25,59
2819f4f8-2ed8-4d4e-b00f-4021513ef9d1,cnf,63,20.0,0.04953988199997639,True,9,1,UNSAT,20,Minisat220_DoneNormally_UNSAT,19,60
d103cb48-f96f-4012-8a6d-76528bb1982c,cnf,64,20.0,0.05231907300003513,True,9,1,UNSAT,20,Minisat220_DoneNormally_UNSAT,27,62
1043dd8f-f397-4437-91ac-01cdae65b845,cnf,65,20.0,0.04985932300002105,True,9,1,UNSAT,20,Minisat220_DoneNormally_UNSAT,20,60
bf1166a8-78e0-4669-96ae-a2134e406a0b,cnf,66,20.0,0.04906851199996254,True,9,1,UNSAT,20,Minisat220_DoneNormally_UNSAT,21,59
9a9fb342-a8e4-4772-9919-34cc6e55e710,cnf,67,20.0,0.05035792199998923,True,9,1,UNSAT,20,Minisat220_DoneNormally_UNSAT,20,61
ebdcc557-9430-4761-89e3-edc646decccc,cnf,68,20.0,0.04900105199999416,True,9,1,UNSAT,20,Minisat220_DoneNormally_UNSAT,21,59
589c42a8-079d-4758-87f4-46e91ee5682c,cnf,69,20.0,0.04941870199996856,True,9,1,UNSAT,20,Minisat220_DoneNormally_UNSAT,19,60
006db0cd-a1a5-4699-91ca-32abab28d394,cnf,70,20.0,0.05035367300001781,True,9,1,UNSAT,20,Minisat220_DoneNormally_UNSAT,24,61
d3bed35f-dde7-45c9-8a6e-11b6dfb20622,cnf,71,20.0,0.04808802200000173,True,9,1,UNSAT,20,Minisat220_DoneNormally_UNSAT,21,58
ac5bd63f-9c7a-447e-9416-73b03ba420a8,cnf,72,20.0,0.053543092000040815,True,9,1,UNSAT,20,Minisat220_DoneNormally_UNSAT,21,64
8f44df3e-b280-4a38-b4f2-2943c7e28f6b,cnf,73,20.0,0.05029362200002652,True,9,1,UNSAT,20,Minisat220_DoneNormally_UNSAT,20,60
ebf1f07c-cb0d-42b8-95b6-c9ac5ceb6056,cnf,74,20.0,0.049002752999967925,True,9,1,UNSAT,20,Minisat220_DoneNormally_UNSAT,21,59
b84c95ad-ea5e-4d02-bc26-f4e2d48b8db2,cnf,75,20.0,0.04907315200000539,True,9,1,UNSAT,20,Minisat220_DoneNormally_UNSAT,19,59
0ae3cf17-d995-4553-9bd0-d66b9b9bc0da,cnf,76,20.0,0.048704312999973354,True,9,1,UNSAT,20,Minisat220_DoneNormally_UNSAT,20,59
14c01a93-fcd3-415d-88a7-08241cd73d9c,cnf,77,20.0,0.04982806199996048,True,9,1,UNSAT,20,Minisat220_DoneNormally_UNSAT,22,60
df2809e0-77b9-4908-b16f-aae431f57985,cnf,78,20.0,0.0492052230000013,True,9,1,UNSAT,20,Minisat220_DoneNormally_UNSAT,19,59
a058276e-40d2-46f5-9c39-5109c50fb369,cnf,79,20.0,0.04888247299999193,True,9,1,UNSAT,20,Minisat220_DoneNormally_UNSAT,24,59
d6cadd6b-71b1-4f8e-a1b5-081b7a55a425,cnf,80,20.0,0.049225902999978643,True,9,1,UNSAT,20,Minisat220_DoneNormally_UNSAT,21,59
d14a6ebe-53fd-46df-b670-6020c7b01f75,cnf,81,20.0,0.04936549199999263,True,9,1,UNSAT,20,Minisat220_DoneNormally_UNSAT,21,60
086cf780-8351-443d-a063-3bafd5fb273f,cnf,82,20.0,0.05091740299997127,True,9,1,UNSAT,20,Minisat220_DoneNormally_UNSAT,18,61
1af1e532-f147-4802-b211-93cc601c28a6,cnf,83,20.0,0.04866697199997816,True,9,1,UNSAT,20,Minisat220_DoneNormally_UNSAT,22,59
fa1cf930-a30b-4041-9d29-bb9796cc81ec,cnf,84,20.0,0.07221656299998358,True,9,1,UNSAT,20,Minisat220_DoneNormally_UNSAT,30,83
5664a45c-04f5-4673-80af-12fd4664e2c0,cnf,85,20.0,0.047982741999987866,True,9,1,UNSAT,20,Minisat220_DoneNormally_UNSAT,21,58
363455f2-3251-41ce-b97b-e698dccf913b,cnf,86,20.0,0.04842615199999045,True,9,1,UNSAT,20,Minisat220_DoneNormally_UNSAT,19,59
9043336c-f52c-4931-8ea9-988e82ec70ac,cnf,87,20.0,0.04973960300003455,True,9,1,UNSAT,20,Minisat220_DoneNormally_UNSAT,18,60
74db2ced-d91c-4171-b8c3-267848f302bc,cnf,88,20.0,0.05756460300000299,True,9,1,UNSAT,20,Minisat220_DoneNormally_UNSAT,23,68
bf99c38c-74a1-43b8-936d-61f2aeaac3ab,cnf,89,20.0,0.049773092000009456,True,9,1,UNSAT,20,Minisat220_DoneNormally_UNSAT,20,60
78d95f07-c32d-42a1-9ff6-d0a6bfd95bb1,cnf,90,20.0,0.04894824199999448,True,9,1,UNSAT,20,Minisat220_DoneNormally_UNSAT,19,59
26628a0b-4301-4622-b578-0c119b58f047,cnf,91,20.0,0.04922544200002221,True,9,1,UNSAT,20,Minisat220_DoneNormally_UNSAT,22,59
b026bd58-2adf-4dec-a89f-b62b83293673,cnf,92,20.0,0.053077591999965534,True,9,1,UNSAT,20,Minisat220_DoneNormally_UNSAT,25,63
8c5f18dd-c981-4af3-aacb-a95d5efff52e,cnf,93,20.0,0.05019346299997096,True,9,1,UNSAT,20,Minisat220_DoneNormally_UNSAT,24,60
cb711b94-1a4d-41c3-992b-2389f3cc3a8d,cnf,94,20.0,0.06596590300000571,True,9,1,UNSAT,20,Minisat220_DoneNormally_UNSAT,25,76
58942f46-3326-4b14-b3d3-2f0257483455,cnf,95,20.0,0.048664002999998957,True,9,1,UNSAT,20,Minisat220_DoneNormally_UNSAT,22,59
172b144a-e3d5-4b52-89ae-3d6bb4705d41,cnf,96,20.0,0.05388179300001639,True,9,1,UNSAT,20,Minisat220_DoneNormally_UNSAT,23,64
2c501e35-c95c-4726-a219-3b9eb81cb36d,cnf,97,20.0,0.04939646299999367,True,9,1,UNSAT,20,Minisat220_DoneNormally_UNSAT,20,60
c08f97d2-3386-4fba-8409-bc290bf8e09e,cnf,98,20.0,0.049155492000011236,True,9,1,UNSAT,20,Minisat220_DoneNormally_UNSAT,21,59
e8bab1d2-0234-4bbf-ac8c-702e743c2027,cnf,99,20.0,0.04861121300001514,True,9,1,UNSAT,20,Minisat220_DoneNormally_UNSAT,24,59
4e4aaff8-d07a-4b61-9406-c0a741a6a429,cnf,100,20.0,0.04893932200002382,True,9,1,UNSAT,20,Minisat220_DoneNormally_UNSAT,20,59
f6afe88a-322d-455c-bd14-9a505752c164,cnf,101,20.0,0.04913223200003358,True,9,1,UNSAT,20,Minisat220_DoneNormally_UNSAT,22,59
b39f11a4-ef10-4a53-9b32-999ccbd02d95,cnf,102,20.0,0.04925249199999371,True,9,1,UNSAT,20,Minisat220_DoneNormally_UNSAT,21,60
bced2ad3-ede7-41a7-970f-004c8b6d5ca4,cnf,103,20.0,0.048244232999991254,True,9,1,UNSAT,20,Minisat220_DoneNormally_UNSAT,20,59
86fd54ee-f372-44d1-8cad-c1210075829a,cnf,104,20.0,0.048483462000035615,True,9,1,UNSAT,20,Minisat220_DoneNormally_UNSAT,18,59
b0cff23b-fa9c-4834-9575-5de93287146e,cnf,105,20.0,0.04931605199999467,True,9,1,UNSAT,20,Minisat220_DoneNormally_UNSAT,21,60
e74aed74-791c-40fe-a032-aa5b45328a60,cnf,106,20.0,0.05065450199998622,True,9,1,UNSAT,20,Minisat220_DoneNormally_UNSAT,18,61
0f8c19c2-30be-4a6e-b53b-f4079f044dbe,cnf,107,20.0,0.04834353299997929,True,9,1,UNSAT,20,Minisat220_DoneNormally_UNSAT,19,59
651b34fb-0236-4607-8399-5b7bb4f50f8d,cnf,108,20.0,0.04872381199999154,True,9,1,UNSAT,20,Minisat220_DoneNormally_UNSAT,22,59
fa833833-7770-4a6c-9f50-fe031726eec6,cnf,109,20.0,0.04900551200000791,True,9,1,UNSAT,20,Minisat220_DoneNormally_UNSAT,23,59
cc8e35f8-9156-4414-b4b9-df62ddd72ce0,cnf,110,20.0,0.04930814200002942,True,9,1,UNSAT,20,Minisat220_DoneNormally_UNSAT,22,60
7b60f2e3-8f71-4fcc-8ba6-a5b8fb602343,cnf,111,20.0,0.048993483000003835,True,9,1,UNSAT,20,Minisat220_DoneNormally_UNSAT,21,59
267d8824-2ae2-43bc-857e-ada78d0f1001,cnf,112,20.0,0.049036362999970606,True,9,1,UNSAT,20,Minisat220_DoneNormally_UNSAT,21,59
8fb5661e-e5d9-4427-b098-a521514f360d,cnf,113,20.0,0.049369662999993125,True,9,1,UNSAT,20,Minisat220_DoneNormally_UNSAT,20,60
775a04d0-7ed1-48be-b156-a3f6f855bba6,cnf,114,20.0,0.049483452000004036,True,9,1,UNSAT,20,Minisat220_DoneNormally_UNSAT,22,60
1a3a8cc7-c7b6-4876-9a36-7ba664dc2380,cnf,115,20.0,0.04902633199998263,True,9,1,UNSAT,20,Minisat220_DoneNormally_UNSAT,21,59
9c6407f9-7944-4e4c-8d44-7dfc86fb0c85,cnf,116,20.0,0.04870059300003504,True,9,1,UNSAT,20,Minisat220_DoneNormally_UNSAT,20,59
43f62e39-fb8d-4c8d-b327-90bc3e398a39,cnf,117,20.0,0.049190022000004774,True,9,1,UNSAT,20,Minisat220_DoneNormally_UNSAT,21,60
55c896bb-79a0-4343-b309-caa885ef0ef2,cnf,118,20.0,0.04921162200002982,True,9,1,UNSAT,20,Minisat220_DoneNormally_UNSAT,20,60
359e664a-53ee-426a-8549-bc35f2a0c85e,cnf,119,20.0,0.04932680199999595,True,9,1,UNSAT,20,Minisat220_DoneNormally_UNSAT,22,60
229d8824-e014-41a0-ac80-96dcf17ba3aa,cnf,120,20.0,0.04907761300000857,True,9,1,UNSAT,20,Minisat220_DoneNormally_UNSAT,18,59
8021007f-ec6b-4f95-826d-a10c69835776,cnf,121,20.0,0.0484799829999929,True,9,1,UNSAT,20,Minisat220_DoneNormally_UNSAT,18,59
98ba7352-b691-4b70-9948-7a654824875d,cnf,122,20.0,0.04828968200001782,True,9,1,UNSAT,20,Minisat220_DoneNormally_UNSAT,18,59
ca5d6002-a0a4-4cb9-b37c-1e5839464196,cnf,123,20.0,0.049053791999995155,True,9,1,UNSAT,20,Minisat220_DoneNormally_UNSAT,21,59
ca2c733b-3713-4ae5-81cd-6378a4ff056d,cnf,124,20.0,0.049081462999993164,True,9,1,UNSAT,20,Minisat220_DoneNormally_UNSAT,20,59
b40d6801-911a-4622-b25a-593fd874c6c9,cnf,125,20.0,0.04872118200000841,True,9,1,UNSAT,20,Minisat220_DoneNormally_UNSAT,20,59
f2dab6dd-0ac9-4bea-b721-db28f9e9ae32,cnf,126,20.0,0.04871104300002571,True,9,1,UNSAT,20,Minisat220_DoneNormally_UNSAT,18,59
ac9160b8-a43f-4353-90a7-6dae6761c764,cnf,127,20.0,0.050145782000015515,True,9,1,UNSAT,20,Minisat220_DoneNormally_UNSAT,21,60
e473c404-19f7-4221-b858-25e2f8392c8e,cnf,1,20.0,0.04846149200000127,True,9,1,UNSAT,20,Minisat220_DoneNormally_UNSAT,19,59
e9baa07b-7ebd-4e52-95b9-e5071426d6bf,cnf,2,20.0,0.05271759300001122,True,9,1,UNSAT,20,Minisat220_DoneNormally_UNSAT,27,63
021614ff-608f-4c7a-a98a-c059ea6b56e1,cnf,3,20.0,0.04809433299999455,True,9,1,UNSAT,20,Minisat220_DoneNormally_UNSAT,19,58
c305ed95-da54-4c5f-97f5-55cbe5a1cd72,cnf,4,20.0,0.04886724300001788,True,9,1,UNSAT,20,Minisat220_DoneNormally_UNSAT,23,59
d941fe09-7b32-4e04-833a-0d5824c948e3,cnf,5,20.0,0.04843800300000112,True,9,1,UNSAT,20,Minisat220_DoneNormally_UNSAT,20,58
cae8f0b3-52d4-4860-af85-84fa51f6db50,cnf,6,20.0,0.04795794199998227,True,9,1,UNSAT,20,Minisat220_DoneNormally_UNSAT,20,58
e12c098e-b63c-4d9b-9466-d0c87e0e9e1d,cnf,7,20.0,0.04778481299996429,True,9,1,UNSAT,20,Minisat220_DoneNormally_UNSAT,22,58
63249788-8566-4e6e-a78d-da6195a2f335,cnf,8,20.0,0.04829219299995202,True,9,1,UNSAT,20,Minisat220_DoneNormally_UNSAT,21,58
2238c8d1-4d44-4b87-aef2-ef0761588fcc,cnf,9,20.0,0.04777752199998986,True,9,1,UNSAT,20,Minisat220_DoneNormally_UNSAT,23,58
af86ee0f-6200-4566-b8e3-26a7dba3ccc3,cnf,10,20.0,0.048470861999987847,True,9,1,UNSAT,20,Minisat220_DoneNormally_UNSAT,23,59
aa85d60a-ad63-4bb3-a32c-742ede67372a,cnf,11,20.0,0.047806583000010505,True,9,1,UNSAT,20,Minisat220_DoneNormally_UNSAT,23,58
7ef5a57c-a10e-4591-883d-222ad766315c,cnf,12,20.0,0.05407422199999701,True,9,1,UNSAT,20,Minisat220_DoneNormally_UNSAT,24,64
b065a43b-beed-415d-b656-666250b38bdf,cnf,13,20.0,0.05387890200000811,True,9,1,UNSAT,20,Minisat220_DoneNormally_UNSAT,28,64
7afb0b8f-c07f-468b-9c75-68faafbc0158,cnf,14,20.0,0.04886590199998864,True,9,1,UNSAT,20,Minisat220_DoneNormally_UNSAT,20,59
5d9c054b-9a29-4522-976b-d17116178da1,cnf,15,20.0,0.04797018199997183,True,9,1,UNSAT,20,Minisat220_DoneNormally_UNSAT,22,58
56c3d97b-f9d1-42cf-8156-dca5fde07b29,cnf,16,20.0,0.04852138299997932,True,9,1,UNSAT,20,Minisat220_DoneNormally_UNSAT,18,59
ffc1a0e4-4b02-4b00-8f3c-8b5034d07e53,cnf,17,20.0,0.04785765300005096,True,9,1,UNSAT,20,Minisat220_DoneNormally_UNSAT,21,58
6a72d77b-560f-4cd1-b8c6-22c82f1f2c1f,cnf,18,20.0,0.04873952200000531,True,9,1,UNSAT,20,Minisat220_DoneNormally_UNSAT,21,59
8bf02577-029e-4912-8965-a07d06128148,cnf,19,20.0,0.0487047729999972,True,9,1,UNSAT,20,Minisat220_DoneNormally_UNSAT,18,59
e84e30b3-170c-4e14-bc43-244443eedda3,cnf,20,20.0,0.04857998199997837,True,9,1,UNSAT,20,Minisat220_DoneNormally_UNSAT,20,59
cf16fc8d-0052-4fdf-be1d-82ae030ee73e,cnf,21,20.0,0.058378452999988895,True,9,1,UNSAT,20,Minisat220_DoneNormally_UNSAT,19,69
4e350c3a-989e-46ba-a761-13e9dfde3156,cnf,22,20.0,0.05443904300000213,True,9,1,UNSAT,20,Minisat220_DoneNormally_UNSAT,27,64
1c7c6f8f-0f6a-49bb-9623-8d037baa36e9,cnf,23,20.0,0.049294092999957684,True,9,1,UNSAT,20,Minisat220_DoneNormally_UNSAT,21,59
ddb558dc-8bf0-46a4-9d30-9bb88549e617,cnf,24,20.0,0.04880208199995195,True,9,1,UNSAT,20,Minisat220_DoneNormally_UNSAT,24,59
0d1d381a-5fe1-4dbf-a715-fa937d75c6bd,cnf,25,20.0,0.048924672000055125,True,9,1,UNSAT,20,Minisat220_DoneNormally_UNSAT,19,59
dde2e574-f175-4229-a7ef-13ae884d7db3,cnf,26,20.0,0.04860504300000912,True,9,1,UNSAT,20,Minisat220_DoneNormally_UNSAT,23,59
bfe04294-bb46-49dd-8862-fca9173d0929,cnf,27,20.0,0.04850140299998884,True,9,1,UNSAT,20,Minisat220_DoneNormally_UNSAT,22,59
8cd7a2c9-41b7-4476-aa36-4a1f79ce4b05,cnf,28,20.0,0.04908114199997726,True,9,1,UNSAT,20,Minisat220_DoneNormally_UNSAT,23,59
290633e0-a3cb-4b2e-b282-60529fcbe10a,cnf,29,20.0,0.04941640300000927,True,9,1,UNSAT,20,Minisat220_DoneNormally_UNSAT,23,60
c463520b-9d65-4205-a508-7ab7c3748673,cnf,30,20.0,0.04866323200002398,True,9,1,UNSAT,20,Minisat220_DoneNormally_UNSAT,20,59
102bcbd1-4c5c-4d81-af2b-e98ddebbdb78,cnf,31,20.0,0.04837327299998151,True,9,1,UNSAT,20,Minisat220_DoneNormally_UNSAT,21,58
09f6390d-74cd-4c12-a0c4-8ed48c4df83c,cnf,32,20.0,0.049160013000005165,True,9,1,UNSAT,20,Minisat220_DoneNormally_UNSAT,22,59
b4b97d45-725d-4f19-ad38-e695becd448d,cnf,33,20.0,0.05005623200003129,True,9,1,UNSAT,20,Minisat220_DoneNormally_UNSAT,19,60
21d01581-f1a8-4d63-a959-8ad9134a9c9c,cnf,34,20.0,0.04886919199998374,True,9,1,UNSAT,20,Minisat220_DoneNormally_UNSAT,21,59
018406b4-53aa-41e6-a5b7-b8512f2d6fe0,cnf,35,20.0,0.049385271999994984,True,9,1,UNSAT,20,Minisat220_DoneNormally_UNSAT,21,60
6aedc786-184c-4297-b358-6ebb1e6b4341,cnf,36,20.0,0.05997629300003382,True,9,1,UNSAT,20,Minisat220_DoneNormally_UNSAT,22,70
88a83bce-dd63-4768-8d0e-4f428b6e1360,cnf,37,20.0,0.04797503200001074,True,9,1,UNSAT,20,Minisat220_DoneNormally_UNSAT,21,58
38ff5597-b739-4e34-8c0d-40120a99f789,cnf,38,20.0,0.04829181200000221,True,9,1,UNSAT,20,Minisat220_DoneNormally_UNSAT,21,58
ce843816-d8dc-4c87-bbd0-f29618c0c4b6,cnf,39,20.0,0.048208172999977705,True,9,1,UNSAT,20,Minisat220_DoneNormally_UNSAT,20,58
3fd73115-80a0-4ee3-8a96-f9bb93e88f25,cnf,40,20.0,0.04875226199999361,True,9,1,UNSAT,20,Minisat220_DoneNormally_UNSAT,17,59
82b0d6e7-dac0-4e02-aedc-6a16269d141b,cnf,41,20.0,0.0483492920000117,True,9,1,UNSAT,20,Minisat220_DoneNormally_UNSAT,21,58
31f3c6e8-4ef1-44e6-b6d8-8e519a3f848e,cnf,42,20.0,0.0491369619999773,True,9,1,UNSAT,20,Minisat220_DoneNormally_UNSAT,21,59
998a532d-ae11-4efe-9c26-d8d801c4bd51,cnf,43,20.0,0.04891771300003711,True,9,1,UNSAT,20,Minisat220_DoneNormally_UNSAT,22,59
79d83539-a4c6-4c61-9f73-449b830afced,cnf,44,20.0,0.048825872000008985,True,9,1,UNSAT,20,Minisat220_DoneNormally_UNSAT,22,59
6166721d-081b-4c66-8843-5742e9101861,cnf,45,20.0,0.04866515200001231,True,9,1,UNSAT,20,Minisat220_DoneNormally_UNSAT,18,59
aee0ad39-0eaa-4c2e-989f-422d04f24e9f,cnf,46,20.0,0.04885815300002605,True,9,1,UNSAT,20,Minisat220_DoneNormally_UNSAT,18,59
9e7d0292-35c7-48ac-822c-404e647b24c4,cnf,47,20.0,0.05300997199998392,True,9,1,UNSAT,20,Minisat220_DoneNormally_UNSAT,22,63
9dca81cc-5ca7-46c5-b0da-e6122bda5f59,cnf,48,20.0,0.04944805200000246,True,9,1,UNSAT,20,Minisat220_DoneNormally_UNSAT,22,60
3a8644fb-93fc-4ebd-b2d3-89ea38966e10,cnf,49,20.0,0.04781636199999184,True,9,1,UNSAT,20,Minisat220_DoneNormally_UNSAT,20,58
4a11887b-f8bc-4373-a96d-42a18922cd98,cnf,50,20.0,0.049655093000012585,True,9,1,UNSAT,20,Minisat220_DoneNormally_UNSAT,21,60
6c5d0a2e-35ae-4a84-b46e-71b58487f63f,cnf,51,20.0,0.048165652000022874,True,9,1,UNSAT,20,Minisat220_DoneNormally_UNSAT,23,58
8b80b2c3-0bee-4319-b5fd-4e3f806c647b,cnf,52,20.0,0.048510652000004484,True,9,1,UNSAT,20,Minisat220_DoneNormally_UNSAT,21,59
22fb6ab3-c1bb-43ad-ba4a-516af361f2c4,cnf,53,20.0,0.04876531200000045,True,9,1,UNSAT,20,Minisat220_DoneNormally_UNSAT,22,59
3e5d39d9-2581-4786-bd5e-297e223b81c0,cnf,54,20.0,0.04897939199997836,True,9,1,UNSAT,20,Minisat220_DoneNormally_UNSAT,22,59
7cd99e98-d54b-4616-8174-551479fd9df9,cnf,55,20.0,0.049172793000025194,True,9,1,UNSAT,20,Minisat220_DoneNormally_UNSAT,21,59
978f90b4-3fa4-4deb-91a5-6f68178c0cb1,cnf,56,20.0,0.048546702999999525,True,9,1,UNSAT,20,Minisat220_DoneNormally_UNSAT,22,59
0ca6c5f1-da98-4e29-a9f9-e2ae7e8dcb16,cnf,57,20.0,0.04846496200002548,True,9,1,UNSAT,20,Minisat220_DoneNormally_UNSAT,21,59
1c365559-3481-462c-bee3-a6cb8a653cfc,cnf,58,20.0,0.0493689520000089,True,9,1,UNSAT,20,Minisat220_DoneNormally_UNSAT,25,60
d80167fe-5b90-4cab-9a9e-750139013681,cnf,59,20.0,0.04872670199995355,True,9,1,UNSAT,20,Minisat220_DoneNormally_UNSAT,23,59
3a91be7b-a92c-4156-8b28-3f8f3d787bb3,cnf,60,20.0,0.04949670299998843,True,9,1,UNSAT,20,Minisat220_DoneNormally_UNSAT,20,60
cda73268-2714-4fba-83d7-638186dc4e31,cnf,61,20.0,0.05198987199997873,True,9,1,UNSAT,20,Minisat220_DoneNormally_UNSAT,23,62
c145a593-b11e-41b1-ac79-bdc30228b4b6,cnf,62,20.0,0.04839149199995063,True,9,1,UNSAT,20,Minisat220_DoneNormally_UNSAT,22,59
a8efc602-d9b7-4c4d-acd0-54f6abc47be3,cnf,63,20.0,0.049760391999996045,True,9,1,UNSAT,20,Minisat220_DoneNormally_UNSAT,22,60
36d20db4-895d-4f82-a536-ea8b8a5725b6,cnf,64,20.0,0.048628903000007995,True,9,1,UNSAT,20,Minisat220_DoneNormally_UNSAT,20,59
cc468b40-c9c6-48f8-a6e4-cca448399e71,cnf,65,20.0,0.049697573000003104,True,9,1,UNSAT,20,Minisat220_DoneNormally_UNSAT,20,60
23d4d6a7-6ebe-4e09-831f-f200dd25725d,cnf,66,20.0,0.048346251999987544,True,9,1,UNSAT,20,Minisat220_DoneNormally_UNSAT,19,58
cabd0ea6-a3a9-457e-973a-3242e8726ff9,cnf,67,20.0,0.048583141999984036,True,9,1,UNSAT,20,Minisat220_DoneNormally_UNSAT,23,59
a9ebeaac-8814-474e-a0f2-513870f7f752,cnf,68,20.0,0.04942383200000222,True,9,1,UNSAT,20,Minisat220_DoneNormally_UNSAT,23,60
b7d5d86e-2e8a-4a2b-98db-a150c913e7c8,cnf,69,20.0,0.04902142299999923,True,9,1,UNSAT,20,Minisat220_DoneNormally_UNSAT,19,59
432475f7-6e08-4d40-8155-725baf6c9300,cnf,70,20.0,0.048703332999991744,True,9,1,UNSAT,20,Minisat220_DoneNormally_UNSAT,20,59
8c8a2af1-2a8e-459d-bee0-469373a0a7f3,cnf,71,20.0,0.047927512000001116,True,9,1,UNSAT,20,Minisat220_DoneNormally_UNSAT,21,58
54092340-5226-4512-9ca8-e25cf8530a0e,cnf,72,20.0,0.049253232000012304,True,9,1,UNSAT,20,Minisat220_DoneNormally_UNSAT,23,59
9a8bde96-2d0b-432e-bb70-55ff5e1b79a6,cnf,73,20.0,0.049359132999995836,True,9,1,UNSAT,20,Minisat220_DoneNormally_UNSAT,23,60
5b183415-876c-46c5-bbac-be6ccb455b51,cnf,74,20.0,0.048239192000039566,True,9,1,UNSAT,20,Minisat220_DoneNormally_UNSAT,20,58
95e1249c-2479-4b4c-a4a1-4dac1dd38b81,cnf,75,20.0,0.04912108299998863,True,9,1,UNSAT,20,Minisat220_DoneNormally_UNSAT,22,59
eb3f7532-d5e4-4d88-8608-4c128b6ca310,cnf,76,20.0,0.04857331199997361,True,9,1,UNSAT,20,Minisat220_DoneNormally_UNSAT,23,59
8c40e6bb-c82f-48fb-9ad8-ad828461a4a8,cnf,77,20.0,0.04907755200002839,True,9,1,UNSAT,20,Minisat220_DoneNormally_UNSAT,20,59
06af26ae-4f32-464c-b00d-95a602b1d3e6,cnf,78,20.0,0.04918866299999536,True,9,1,UNSAT,20,Minisat220_DoneNormally_UNSAT,21,59
cff8a7d2-1cdb-4703-bdcd-e504653e3039,cnf,79,20.0,0.04879883199998858,True,9,1,UNSAT,20,Minisat220_DoneNormally_UNSAT,21,59
ecd029af-4ed1-49d6-907d-a59810085497,cnf,80,20.0,0.04879347299998926,True,9,1,UNSAT,20,Minisat220_DoneNormally_UNSAT,23,59
ab2a8438-d9c1-4aed-8679-aff03d576d07,cnf,81,20.0,0.048717291999992085,True,9,1,UNSAT,20,Minisat220_DoneNormally_UNSAT,22,59
51802474-c2b9-4b3f-a49e-eedad1d66dbc,cnf,82,20.0,0.05136375299997553,True,9,1,UNSAT,20,Minisat220_DoneNormally_UNSAT,17,62
98cbdc43-cf1c-4743-87aa-735fa0ea72a5,cnf,83,20.0,0.048630832000014834,True,9,1,UNSAT,20,Minisat220_DoneNormally_UNSAT,23,59
1cebe779-e095-4eea-bf8e-2f0297adacac,cnf,84,20.0,0.06398477299995875,True,9,1,UNSAT,20,Minisat220_DoneNormally_UNSAT,24,74
97befc9f-c47a-424c-92c4-f3b40220317e,cnf,85,20.0,0.04840329199998905,True,9,1,UNSAT,20,Minisat220_DoneNormally_UNSAT,21,59
73fcb430-5cc9-473b-81e2-d1a9912168d0,cnf,86,20.0,0.04786702200004811,True,9,1,UNSAT,20,Minisat220_DoneNormally_UNSAT,23,58
e73e5fa3-baad-47ed-8ddd-d33d098161ee,cnf,87,20.0,0.05018704200000457,True,9,1,UNSAT,20,Minisat220_DoneNormally_UNSAT,20,60
98f880ee-f60a-4a53-ab77-13051fd89945,cnf,88,20.0,0.05737610300002416,True,9,1,UNSAT,20,Minisat220_DoneNormally_UNSAT,23,68
a4c2e067-cdcf-4b96-8ef0-869bff0663f1,cnf,89,20.0,0.04909398299997747,True,9,1,UNSAT,20,Minisat220_DoneNormally_UNSAT,20,59
ad1c995f-1ccd-41cc-95b6-aef48c2ae886,cnf,90,20.0,0.04857746200002566,True,9,1,UNSAT,20,Minisat220_DoneNormally_UNSAT,22,59
dd26627f-19e9-470a-9eb0-ece6bdfc57e6,cnf,91,20.0,0.04884514200000467,True,9,1,UNSAT,20,Minisat220_DoneNormally_UNSAT,20,59
d30597c6-73fe-49bd-8f96-0d18308e8c71,cnf,92,20.0,0.04988273199995774,True,9,1,UNSAT,20,Minisat220_DoneNormally_UNSAT,22,60
c463e13e-029b-489d-b147-aea973f9c896,cnf,93,20.0,0.05076380299999528,True,9,1,UNSAT,20,Minisat220_DoneNormally_UNSAT,20,61
1c0544d6-d4a0-414a-9023-fe427c5e1542,cnf,94,20.0,0.05889829299997018,True,9,1,UNSAT,20,Minisat220_DoneNormally_UNSAT,19,69
7b99ca28-5732-4561-8087-92536be9b70b,cnf,95,20.0,0.049375612999995155,True,9,1,UNSAT,20,Minisat220_DoneNormally_UNSAT,22,60
46b4aa1b-e80a-4eab-a726-09b843d19a32,cnf,96,20.0,0.04884201300001223,True,9,1,UNSAT,20,Minisat220_DoneNormally_UNSAT,21,59
9c294888-45d4-4b14-b794-0c3bb86503d1,cnf,97,20.0,0.04909020200000214,True,9,1,UNSAT,20,Minisat220_DoneNormally_UNSAT,21,59
d6075dfc-6b8a-44b6-8c34-8582ded50fed,cnf,98,20.0,0.048795152000025155,True,9,1,UNSAT,20,Minisat220_DoneNormally_UNSAT,20,59
745094f2-a208-4e0b-98ef-2a6438a0ec5f,cnf,99,20.0,0.048506043000031696,True,9,1,UNSAT,20,Minisat220_DoneNormally_UNSAT,20,59
05c1b7b0-731a-48fb-a547-11e3fab5209e,cnf,100,20.0,0.04862738200000649,True,9,1,UNSAT,20,Minisat220_DoneNormally_UNSAT,20,59
a2d3f5fd-1ef1-4259-b708-2a1c641618ea,cnf,101,20.0,0.048996732000034626,True,9,1,UNSAT,20,Minisat220_DoneNormally_UNSAT,23,59
c2cf598d-d7df-42fe-990f-11a133b30458,cnf,102,20.0,0.04981991300002164,True,9,1,UNSAT,20,Minisat220_DoneNormally_UNSAT,18,60
ed3410e2-cab3-441f-886d-6b121035d8b5,cnf,103,20.0,0.048320493000005627,True,9,1,UNSAT,20,Minisat220_DoneNormally_UNSAT,21,59
2d848942-1e5a-42c6-ba00-385117cbcc35,cnf,104,20.0,0.04914828200003285,True,9,1,UNSAT,20,Minisat220_DoneNormally_UNSAT,21,60
e794aea2-fd4a-47b1-afde-317d5efb708c,cnf,105,20.0,0.048552162000021326,True,9,1,UNSAT,20,Minisat220_DoneNormally_UNSAT,22,59
a9148507-80f1-4bda-a080-6e0cea48a000,cnf,106,20.0,0.050197422999985974,True,9,1,UNSAT,20,Minisat220_DoneNormally_UNSAT,18,60
a6b37e09-2461-4bfb-992d-4c5bda3f120e,cnf,107,20.0,0.048141633000000184,True,9,1,UNSAT,20,Minisat220_DoneNormally_UNSAT,21,58
beba70fe-4ac7-4e05-883e-8534540c7656,cnf,108,20.0,0.04853038200002402,True,9,1,UNSAT,20,Minisat220_DoneNormally_UNSAT,22,59
c729e866-9c7e-436c-9b92-3143e75e4e8c,cnf,109,20.0,0.0493729820000226,True,9,1,UNSAT,20,Minisat220_DoneNormally_UNSAT,21,60
2ac61efe-67b2-44ef-b79e-b6c2fffe589c,cnf,110,20.0,0.04990663199998835,True,9,1,UNSAT,20,Minisat220_DoneNormally_UNSAT,21,60
aa4f89eb-350c-4228-8a07-e7404d64ea47,cnf,111,20.0,0.04897282299998551,True,9,1,UNSAT,20,Minisat220_DoneNormally_UNSAT,22,59
902d8046-67d2-4835-8096-a4ef05130a64,cnf,112,20.0,0.049499162000017805,True,9,1,UNSAT,20,Minisat220_DoneNormally_UNSAT,21,60
4242d53c-ceb4-46af-887c-2219c1709010,cnf,113,20.0,0.04913880300000528,True,9,1,UNSAT,20,Minisat220_DoneNormally_UNSAT,19,60
ebce52bb-82d4-4824-9c58-a82bd5ca64b6,cnf,114,20.0,0.04897673200002828,True,9,1,UNSAT,20,Minisat220_DoneNormally_UNSAT,22,59
38b8407d-2180-46b9-83dd-0289ee7db1e3,cnf,115,20.0,0.05147846300002357,True,9,1,UNSAT,20,Minisat220_DoneNormally_UNSAT,22,62
a525ae76-028f-4813-9c4e-d313905f1d70,cnf,116,20.0,0.049508322999997745,True,9,1,UNSAT,20,Minisat220_DoneNormally_UNSAT,20,60
b63a8e8a-2700-4326-a6e7-6a937836d1e4,cnf,117,20.0,0.0509098019999783,True,9,1,UNSAT,20,Minisat220_DoneNormally_UNSAT,19,61
f6c7024c-b414-4d22-81cf-d2e3ea21b9fa,cnf,118,20.0,0.04937412199996061,True,9,1,UNSAT,20,Minisat220_DoneNormally_UNSAT,19,60
422918bd-13c2-40bf-9056-05c2e19e0825,cnf,119,20.0,0.049713241999995716,True,9,1,UNSAT,20,Minisat220_DoneNormally_UNSAT,18,60
df2f4dcc-62a7-4d1a-aba2-a564772da508,cnf,120,20.0,0.04893562299997711,True,9,1,UNSAT,20,Minisat220_DoneNormally_UNSAT,24,59
5ca37b4d-88e0-4bb8-80cc-7a0f709512b6,cnf,121,20.0,0.04847596299998713,True,9,1,UNSAT,20,Minisat220_DoneNormally_UNSAT,20,59
e4d86ce6-2b3a-4e43-b636-d80053c4b2a9,cnf,122,20.0,0.048256241999979466,True,9,1,UNSAT,20,Minisat220_DoneNormally_UNSAT,22,59
d062e3c6-5828-4208-9b38-ceb8558a2744,cnf,123,20.0,0.049288971999999376,True,9,1,UNSAT,20,Minisat220_DoneNormally_UNSAT,22,60
4198a1b1-0979-4c64-b27a-8fa2141e1426,cnf,124,20.0,0.04928105200002619,True,9,1,UNSAT,20,Minisat220_DoneNormally_UNSAT,20,60
ab512fe5-dfff-4e89-9f33-874951d3f422,cnf,125,20.0,0.048842243000024155,True,9,1,UNSAT,20,Minisat220_DoneNormally_UNSAT,20,59
85f829b1-24d6-41f6-9d83-5510f458408f,cnf,126,20.0,0.04864550299998882,True,9,1,UNSAT,20,Minisat220_DoneNormally_UNSAT,17,59
d28f11b1-4539-45cb-b37a-f81adc6780f4,cnf,127,20.0,0.05010333199999195,True,9,1,UNSAT,20,Minisat220_DoneNormally_UNSAT,22,60
8916736a-23f8-42d8-9cab-d1c2a10a8356,cnf,1,20.0,0.048031443000013496,True,9,1,UNSAT,20,Minisat220_DoneNormally_UNSAT,18,58
2e0fe718-ab05-4271-9a81-ebd140f7f833,cnf,2,20.0,0.04857605299997658,True,9,1,UNSAT,20,Minisat220_DoneNormally_UNSAT,20,59
09573794-326f-4708-8962-40daf2ebb181,cnf,3,20.0,0.048067201999970166,True,9,1,UNSAT,20,Minisat220_DoneNormally_UNSAT,17,58
c6b2153e-051f-4f53-9f3c-363c5d337264,cnf,4,20.0,0.0509747330000323,True,9,1,UNSAT,20,Minisat220_DoneNormally_UNSAT,19,61
b2ebc9af-8872-4293-abec-d9ae1be94310,cnf,5,20.0,0.04902252300001919,True,9,1,UNSAT,20,Minisat220_DoneNormally_UNSAT,22,59
7d4dc20a-6572-42fe-907e-a6b93fd7d84d,cnf,6,20.0,0.04940973199995824,True,9,1,UNSAT,20,Minisat220_DoneNormally_UNSAT,20,59
e318572b-c6f1-4add-ad1b-dfb4eaddb7c2,cnf,7,20.0,0.04879819299998189,True,9,1,UNSAT,20,Minisat220_DoneNormally_UNSAT,19,59
7d153275-3a24-4880-9f71-a1b00d26c0a7,cnf,8,20.0,0.048440033000019866,True,9,1,UNSAT,20,Minisat220_DoneNormally_UNSAT,20,58
af43135a-5cd6-43c6-94c5-d4a10fa3a2fd,cnf,9,20.0,0.05757155200001307,True,9,1,UNSAT,20,Minisat220_DoneNormally_UNSAT,23,68
875e8b24-d7c4-45c7-a7a1-ab8789803a0a,cnf,10,20.0,0.04872947199999089,True,9,1,UNSAT,20,Minisat220_DoneNormally_UNSAT,22,59
8472bb04-3357-464f-a262-0c113879f3e3,cnf,11,20.0,0.04788791300001094,True,9,1,UNSAT,20,Minisat220_DoneNormally_UNSAT,18,58
deffda5a-3319-44b8-bc53-b44d7cea3354,cnf,12,20.0,0.04906995299995742,True,9,1,UNSAT,20,Minisat220_DoneNormally_UNSAT,18,59
34ce2efd-8936-443c-86fc-37462f6da5c8,cnf,13,20.0,0.06178642300000092,True,9,1,UNSAT,20,Minisat220_DoneNormally_UNSAT,18,72
ef05ddc5-e2b2-42d4-be73-d9355d96652e,cnf,14,20.0,0.04991723300003059,True,9,1,UNSAT,20,Minisat220_DoneNormally_UNSAT,20,60
e8bae1d1-a716-4c81-b5da-79ff9984b446,cnf,15,20.0,0.04763078299998824,True,9,1,UNSAT,20,Minisat220_DoneNormally_UNSAT,21,58
6f7c20e3-a6c8-468c-9161-c8bb036f6362,cnf,16,20.0,0.05157669300001544,True,9,1,UNSAT,20,Minisat220_DoneNormally_UNSAT,25,62
b8a13aac-fc51-4086-a952-cbb6bd78754c,cnf,17,20.0,0.048289201999978104,True,9,1,UNSAT,20,Minisat220_DoneNormally_UNSAT,20,58
9bbc3b40-5d46-4b8f-a122-81db9351b7b9,cnf,18,20.0,0.04842305199997554,True,9,1,UNSAT,20,Minisat220_DoneNormally_UNSAT,21,58
9f66cab6-8a84-41d1-836a-dd2fada4a1c9,cnf,19,20.0,0.04811965300001475,True,9,1,UNSAT,20,Minisat220_DoneNormally_UNSAT,17,58
7f094882-7222-45ef-82a9-aba7d6e3b00e,cnf,20,20.0,0.048460241999976006,True,9,1,UNSAT,20,Minisat220_DoneNormally_UNSAT,22,59
91af6bdc-2b6b-4f6a-b087-143f49355be8,cnf,21,20.0,0.05994969200003197,True,9,1,UNSAT,20,Minisat220_DoneNormally_UNSAT,21,70
c7e4aeb7-666d-4bbb-95f5-a9cab280583a,cnf,22,20.0,0.05834033200000022,True,9,1,UNSAT,20,Minisat220_DoneNormally_UNSAT,30,68
5cba6cc0-fe56-4bc8-8190-e8f56ae68485,cnf,23,20.0,0.048841372000026695,True,9,1,UNSAT,20,Minisat220_DoneNormally_UNSAT,21,59
4045d8ad-17e9-4afa-be6a-bda554ba10c3,cnf,24,20.0,0.049956022000003486,True,9,1,UNSAT,20,Minisat220_DoneNormally_UNSAT,23,60
bddedf8c-2907-4a85-b582-e11e680cf56f,cnf,25,20.0,0.04935959199997342,True,9,1,UNSAT,20,Minisat220_DoneNormally_UNSAT,20,59
ffe5edd2-068c-4839-bdb9-2a26dff90d0e,cnf,26,20.0,0.04759889300004261,True,9,1,UNSAT,20,Minisat220_DoneNormally_UNSAT,22,58
9c413e0b-d277-4d05-ae27-f72c175bfb52,cnf,27,20.0,0.05179548300003489,True,9,1,UNSAT,20,Minisat220_DoneNormally_UNSAT,24,62
8ae09506-f20d-4ecf-93d8-c24b0c97fc12,cnf,28,20.0,0.051833081999973274,True,9,1,UNSAT,20,Minisat220_DoneNormally_UNSAT,26,62
11f98aa1-75b4-4eb1-9ba4-c42ced8b8206,cnf,29,20.0,0.04823361199998999,True,9,1,UNSAT,20,Minisat220_DoneNormally_UNSAT,24,58
a019696e-6a99-484b-9e2a-5f5cfc6a3c58,cnf,30,20.0,0.048543933000019024,True,9,1,UNSAT,20,Minisat220_DoneNormally_UNSAT,22,59
2ff0cb5d-1adc-4d26-ae1f-06f6278cbdba,cnf,31,20.0,0.04911017299997411,True,9,1,UNSAT,20,Minisat220_DoneNormally_UNSAT,20,59
64b3556c-ce5e-439a-ba80-b0448d1f86cc,cnf,32,20.0,0.048933092000027045,True,9,1,UNSAT,20,Minisat220_DoneNormally_UNSAT,21,59
493455e6-5e20-42e6-9602-f150f63d9295,cnf,33,20.0,0.04995664199998373,True,9,1,UNSAT,20,Minisat220_DoneNormally_UNSAT,20,60
4b50634a-1803-457a-bdf6-a519686d16e6,cnf,34,20.0,0.05793745300002229,True,9,1,UNSAT,20,Minisat220_DoneNormally_UNSAT,24,68
6add482d-ba04-444f-9b2f-e4219543df7d,cnf,35,20.0,0.04951461199999585,True,9,1,UNSAT,20,Minisat220_DoneNormally_UNSAT,19,60
d739c7f9-34c6-4b24-aaaa-fc5a806cdc42,cnf,36,20.0,0.06176516300001822,True,9,1,UNSAT,20,Minisat220_DoneNormally_UNSAT,25,72
e951f665-346c-4988-868b-1c9837e9f098,cnf,37,20.0,0.04791950200001338,True,9,1,UNSAT,20,Minisat220_DoneNormally_UNSAT,21,58
ab7f8b4a-0dd6-45c9-95cb-9900d988c781,cnf,38,20.0,0.049072602000023835,True,9,1,UNSAT,20,Minisat220_DoneNormally_UNSAT,22,59
828c4882-9dac-413d-9aad-2c369173f6d6,cnf,39,20.0,0.048224572999970405,True,9,1,UNSAT,20,Minisat220_DoneNormally_UNSAT,22,58
530af8d9-2f32-4483-a723-03a13efb86ee,cnf,40,20.0,0.04834965199995622,True,9,1,UNSAT,20,Minisat220_DoneNormally_UNSAT,19,58
c74d185f-0224-4b4d-9571-b8b18014f515,cnf,41,20.0,0.04801230199996098,True,9,1,UNSAT,20,Minisat220_DoneNormally_UNSAT,22,58
5060c8c5-6372-4152-81d3-0d348e353ba1,cnf,42,20.0,0.05444527200000948,True,9,1,UNSAT,20,Minisat220_DoneNormally_UNSAT,20,65
d26f6fac-a5e9-4b0e-aba8-bbaf119d37f0,cnf,43,20.0,0.04832655299998123,True,9,1,UNSAT,20,Minisat220_DoneNormally_UNSAT,23,58
a5d88773-75a0-47c2-832a-b96387893256,cnf,44,20.0,0.05079824200004168,True,9,1,UNSAT,20,Minisat220_DoneNormally_UNSAT,24,61
65ed89ea-8fa3-473a-95d0-c6e7adc7ddad,cnf,45,20.0,0.04847642200002156,True,9,1,UNSAT,20,Minisat220_DoneNormally_UNSAT,20,59
0fdf9a64-cc8d-4b9a-b595-f202cbb7f54a,cnf,46,20.0,0.04965128300000288,True,9,1,UNSAT,20,Minisat220_DoneNormally_UNSAT,21,60
dbcb05f5-c6b6-4886-adc5-f850017db693,cnf,47,20.0,0.050210231999983534,True,9,1,UNSAT,20,Minisat220_DoneNormally_UNSAT,23,60
bb8e5c4b-d8e3-417c-b236-842fa7594a6a,cnf,48,20.0,0.05189172199999348,True,9,1,UNSAT,20,Minisat220_DoneNormally_UNSAT,25,62
a952a440-4c90-4d5a-a2be-ae4b8f993d1d,cnf,49,20.0,0.04796954200003256,True,9,1,UNSAT,20,Minisat220_DoneNormally_UNSAT,20,58
62c3badf-9140-4d22-b94e-27ec18953999,cnf,50,20.0,0.054821922999963135,True,9,1,UNSAT,20,Minisat220_DoneNormally_UNSAT,22,65
aa9bed15-add7-4daf-b4de-77b44b7964c8,cnf,51,20.0,0.048209422000013546,True,9,1,UNSAT,20,Minisat220_DoneNormally_UNSAT,24,58
6b41461c-349e-4266-8485-3d6088b3b62a,cnf,52,20.0,0.048844552000048225,True,9,1,UNSAT,20,Minisat220_DoneNormally_UNSAT,24,59
dc29f330-6e56-47ea-ab3f-5cb6631f4780,cnf,53,20.0,0.04959256199998663,True,9,1,UNSAT,20,Minisat220_DoneNormally_UNSAT,25,60
927d3cd4-1f08-4b30-8728-c3370aa2ddba,cnf,54,20.0,0.04827464200002396,True,9,1,UNSAT,20,Minisat220_DoneNormally_UNSAT,21,58
ba2ee268-5408-47c9-89af-f22659263a8c,cnf,55,20.0,0.04871446299995341,True,9,1,UNSAT,20,Minisat220_DoneNormally_UNSAT,20,59
bcefa3a3-2f23-452c-bf95-94b5824113d4,cnf,56,20.0,0.048311183000009805,True,9,1,UNSAT,20,Minisat220_DoneNormally_UNSAT,19,59
0ffd88ab-b62b-4d67-832a-088c562e8882,cnf,57,20.0,0.04801779199999601,True,9,1,UNSAT,20,Minisat220_DoneNormally_UNSAT,22,58
aa75a96a-741a-42e9-9ee8-b4377f47e06c,cnf,58,20.0,0.04860495200000514,True,9,1,UNSAT,20,Minisat220_DoneNormally_UNSAT,22,59
e51d26eb-0271-48da-9cb5-59463ed270fe,cnf,59,20.0,0.048692732000006345,True,9,1,UNSAT,20,Minisat220_DoneNormally_UNSAT,23,59
69d8feda-fa54-415b-b06e-46ffa2ea69e5,cnf,60,20.0,0.04882578299998386,True,9,1,UNSAT,20,Minisat220_DoneNormally_UNSAT,19,59
3533a54c-6b05-468f-8df6-aed3b50ba820,cnf,61,20.0,0.04954798200003552,True,9,1,UNSAT,20,Minisat220_DoneNormally_UNSAT,22,60
455c7160-1217-4cdc-99b1-2a19fd0a8203,cnf,62,20.0,0.04854892200000904,True,9,1,UNSAT,20,Minisat220_DoneNormally_UNSAT,21,59
63976fdd-4dbd-4e1f-9ed9-8f0a751cf0e3,cnf,63,20.0,0.04962858200002529,True,9,1,UNSAT,20,Minisat220_DoneNormally_UNSAT,20,60
8644217c-48a3-4bd7-ac29-38fe42fe0dec,cnf,64,20.0,0.04887340300001597,True,9,1,UNSAT,20,Minisat220_DoneNormally_UNSAT,17,59
f137b2d2-b73d-423b-b6a3-1529281817ed,cnf,65,20.0,0.0500119330000075,True,9,1,UNSAT,20,Minisat220_DoneNormally_UNSAT,22,60
f7753f32-f803-41c4-ab0c-34e588070bf6,cnf,66,20.0,0.049379031999990275,True,9,1,UNSAT,20,Minisat220_DoneNormally_UNSAT,19,60
e5bbe606-e6e9-4492-94eb-47338b30e81e,cnf,67,20.0,0.0487088219999805,True,9,1,UNSAT,20,Minisat220_DoneNormally_UNSAT,22,59
607c4364-9992-45f5-98af-5403c28f8cf9,cnf,68,20.0,0.0491488419999655,True,9,1,UNSAT,20,Minisat220_DoneNormally_UNSAT,21,59
636a9fa3-6820-49af-a24c-8518337bf20b,cnf,69,20.0,0.04856550300002027,True,9,1,UNSAT,20,Minisat220_DoneNormally_UNSAT,21,59
d3556195-e5ea-49a3-9f5e-6add598d8622,cnf,70,20.0,0.04839902300000176,True,9,1,UNSAT,20,Minisat220_DoneNormally_UNSAT,21,59
21319ae1-8350-4aac-9c60-c1f631e99e81,cnf,71,20.0,0.047976841999968656,True,9,1,UNSAT,20,Minisat220_DoneNormally_UNSAT,22,58
be2e9cac-8f11-46b4-81c5-06a097b042e6,cnf,72,20.0,0.049657502000002296,True,9,1,UNSAT,20,Minisat220_DoneNormally_UNSAT,20,60
414c3ab0-b5a2-4c4f-94e6-e9c846a780df,cnf,73,20.0,0.049193892000005235,True,9,1,UNSAT,20,Minisat220_DoneNormally_UNSAT,19,59
0c394b73-ffaa-4223-b6e8-4f6cf059c444,cnf,74,20.0,0.048287282000046616,True,9,1,UNSAT,20,Minisat220_DoneNormally_UNSAT,20,59
e134d687-7186-4637-b9b7-aeb4ce27f552,cnf,75,20.0,0.04876049299997476,True,9,1,UNSAT,20,Minisat220_DoneNormally_UNSAT,22,59
e5b0bd92-ee27-4a14-97fc-3c7cfc7ab775,cnf,76,20.0,0.04837503200002402,True,9,1,UNSAT,20,Minisat220_DoneNormally_UNSAT,17,59
517a7c65-d1e0-4494-a408-f97efc31fb01,cnf,77,20.0,0.04854313200002025,True,9,1,UNSAT,20,Minisat220_DoneNormally_UNSAT,19,59
2a5398e7-a982-4fed-aff4-3bb6ebc184ca,cnf,78,20.0,0.04928802300003099,True,9,1,UNSAT,20,Minisat220_DoneNormally_UNSAT,19,60
12f1c77e-ce1c-4235-a4ec-33201fc4ad1a,cnf,79,20.0,0.0482546819999925,True,9,1,UNSAT,20,Minisat220_DoneNormally_UNSAT,19,59
66b8b5ce-17f9-43a1-b439-388c910a4815,cnf,80,20.0,0.04878927199996497,True,9,1,UNSAT,20,Minisat220_DoneNormally_UNSAT,24,59
a964ab2b-cb3a-4b10-933d-18b976668675,cnf,81,20.0,0.04861474200004068,True,9,1,UNSAT,20,Minisat220_DoneNormally_UNSAT,21,59
98d20b43-245c-4098-8e28-a9d76e107c24,cnf,82,20.0,0.051478753000026245,True,9,1,UNSAT,20,Minisat220_DoneNormally_UNSAT,20,62
62b1126b-1dfe-4ed0-b3a8-6f19fb3a4d89,cnf,83,20.0,0.04871862199996713,True,9,1,UNSAT,20,Minisat220_DoneNormally_UNSAT,24,59
9cce982d-feeb-440d-99c3-9f9958c076de,cnf,84,20.0,0.054305363000025864,True,9,1,UNSAT,20,Minisat220_DoneNormally_UNSAT,29,65
915ca35d-c6fd-4ed5-9c58-94b57f1b49f2,cnf,85,20.0,0.04888927199999671,True,9,1,UNSAT,20,Minisat220_DoneNormally_UNSAT,20,59
de7fb38e-ceac-4f5d-b03c-f43bd104ac9e,cnf,86,20.0,0.04899935200000982,True,9,1,UNSAT,20,Minisat220_DoneNormally_UNSAT,22,59
68afff74-242a-4161-9f51-209661584564,cnf,87,20.0,0.049715033000040876,True,9,1,UNSAT,20,Minisat220_DoneNormally_UNSAT,19,60
87a5e3a4-fa41-4900-9d50-5077d8ec62eb,cnf,88,20.0,0.049085743000034654,True,9,1,UNSAT,20,Minisat220_DoneNormally_UNSAT,20,59
18225688-b6fd-4e4f-8ad6-ebed5545cbe0,cnf,89,20.0,0.04967474299996866,True,9,1,UNSAT,20,Minisat220_DoneNormally_UNSAT,20,60
87597805-ef99-4178-93b6-e55f727f20d1,cnf,90,20.0,0.049546272000043245,True,9,1,UNSAT,20,Minisat220_DoneNormally_UNSAT,20,60
b81bddb8-8945-4293-b290-93d4359488a7,cnf,91,20.0,0.048488472000030924,True,9,1,UNSAT,20,Minisat220_DoneNormally_UNSAT,22,59
d0183aad-fa9f-44e0-969d-2586de128089,cnf,92,20.0,0.0594140019999827,True,9,1,UNSAT,20,Minisat220_DoneNormally_UNSAT,18,70
0b69c897-0e4c-4f11-9cf5-96a5ddcdeffb,cnf,93,20.0,0.051193193000017345,True,9,1,UNSAT,20,Minisat220_DoneNormally_UNSAT,21,61
12743967-da63-4830-9397-6b150f285c55,cnf,94,20.0,0.061633042999972076,True,9,1,UNSAT,20,Minisat220_DoneNormally_UNSAT,18,72
05d2a1dc-b85b-4f88-b12d-a03c03aaf029,cnf,95,20.0,0.04947723300000462,True,9,1,UNSAT,20,Minisat220_DoneNormally_UNSAT,23,60
f392fbe7-6621-4071-96e0-5ca73b90ac11,cnf,96,20.0,0.055786463000004005,True,9,1,UNSAT,20,Minisat220_DoneNormally_UNSAT,25,66
21587b03-7729-48ec-9fcd-f5746b77b6fb,cnf,97,20.0,0.04943691199997602,True,9,1,UNSAT,20,Minisat220_DoneNormally_UNSAT,22,60
cad76d71-5d64-4903-a6d4-d95318b27e3e,cnf,98,20.0,0.04870109199998751,True,9,1,UNSAT,20,Minisat220_DoneNormally_UNSAT,23,59
d7ee0cf4-8361-45ae-8414-cc074ce19415,cnf,99,20.0,0.04904230300002155,True,9,1,UNSAT,20,Minisat220_DoneNormally_UNSAT,23,59
3dc7975a-78a8-46d6-ab6d-02c7aadc1036,cnf,100,20.0,0.04892757300001449,True,9,1,UNSAT,20,Minisat220_DoneNormally_UNSAT,20,59
a51ca39b-143b-4186-b4f9-0b46daa6e027,cnf,101,20.0,0.04869021199999679,True,9,1,UNSAT,20,Minisat220_DoneNormally_UNSAT,17,59
60a00b2b-146a-43e2-9c82-2df316c36c58,cnf,102,20.0,0.04968775300000061,True,9,1,UNSAT,20,Minisat220_DoneNormally_UNSAT,19,60
abe68534-ac06-4966-bb5b-38f7b8547abe,cnf,103,20.0,0.048266212000044106,True,9,1,UNSAT,20,Minisat220_DoneNormally_UNSAT,20,58
5ab01405-cd48-4b25-9ea6-ce79c94113ba,cnf,104,20.0,0.04978625199998987,True,9,1,UNSAT,20,Minisat220_DoneNormally_UNSAT,20,60
9c46075d-a62a-45f6-867c-12d95b5d7a99,cnf,105,20.0,0.04867167200001177,True,9,1,UNSAT,20,Minisat220_DoneNormally_UNSAT,18,59
b500cef7-b4f6-47e5-bcc8-056c2d0a8aee,cnf,106,20.0,0.049924751999981254,True,9,1,UNSAT,20,Minisat220_DoneNormally_UNSAT,22,60
e1daeefd-ff7e-4bc9-b1a8-191333f1209c,cnf,107,20.0,0.049044753000032415,True,9,1,UNSAT,20,Minisat220_DoneNormally_UNSAT,21,59
95f401fa-dd17-4f49-8aa1-0dbafa3617db,cnf,108,20.0,0.04906426200000169,True,9,1,UNSAT,20,Minisat220_DoneNormally_UNSAT,22,59
bf8ae609-6da6-45a8-b284-2e03ce8b0daf,cnf,109,20.0,0.04890938199997663,True,9,1,UNSAT,20,Minisat220_DoneNormally_UNSAT,19,59
ae815ef8-1177-4760-b813-b2acd6a9e44f,cnf,110,20.0,0.05280806199999688,True,9,1,UNSAT,20,Minisat220_DoneNormally_UNSAT,26,63
1dacef09-3549-44e8-bacc-359ddc4cb9b7,cnf,111,20.0,0.048918383000000176,True,9,1,UNSAT,20,Minisat220_DoneNormally_UNSAT,23,59
9daefcbf-e9cd-4a6b-94ec-619dfae8f38e,cnf,112,20.0,0.04879251199997725,True,9,1,UNSAT,20,Minisat220_DoneNormally_UNSAT,24,59
7fb85f51-d330-49e1-8909-a536558bc247,cnf,113,20.0,0.04935488300003499,True,9,1,UNSAT,20,Minisat220_DoneNormally_UNSAT,20,60
853ccc3d-5260-4c96-b916-ba31239fdcc8,cnf,114,20.0,0.04950751199999104,True,9,1,UNSAT,20,Minisat220_DoneNormally_UNSAT,21,60
1a3b9fd6-e81e-49bd-ae4a-12d2c9e50fca,cnf,115,20.0,0.04924869299998136,True,9,1,UNSAT,20,Minisat220_DoneNormally_UNSAT,19,60
a03e76f2-1449-4b78-854a-a6679a047335,cnf,116,20.0,0.050132593000000725,True,9,1,UNSAT,20,Minisat220_DoneNormally_UNSAT,19,60
24e3b442-a1b4-4e55-a68c-bbedd305e98d,cnf,117,20.0,0.04909672200000159,True,9,1,UNSAT,20,Minisat220_DoneNormally_UNSAT,20,60
5cb65dbc-ce72-4a41-adf5-c222ba5505a7,cnf,118,20.0,0.04971116200005099,True,9,1,UNSAT,20,Minisat220_DoneNormally_UNSAT,21,60
242ad2e3-d189-43d9-bafe-5ad5cd859cb2,cnf,119,20.0,0.049690042000008816,True,9,1,UNSAT,20,Minisat220_DoneNormally_UNSAT,21,60
db8472f2-219c-497d-b6d0-8532a3afe802,cnf,120,20.0,0.04884290299997929,True,9,1,UNSAT,20,Minisat220_DoneNormally_UNSAT,20,59
7aa7d034-3d87-4ad5-877c-7703ebea4217,cnf,121,20.0,0.0484977930000241,True,9,1,UNSAT,20,Minisat220_DoneNormally_UNSAT,19,59
f031ec72-1aec-48ad-8cb4-8eedbacfc0c7,cnf,122,20.0,0.0486952520000159,True,9,1,UNSAT,20,Minisat220_DoneNormally_UNSAT,19,59
3a727567-805e-4f7b-ad27-a00c56f646d7,cnf,123,20.0,0.04913606200000231,True,9,1,UNSAT,20,Minisat220_DoneNormally_UNSAT,20,60
141100f0-c1f7-438a-9c2e-dfd0c6f9fb06,cnf,124,20.0,0.04887492199998178,True,9,1,UNSAT,20,Minisat220_DoneNormally_UNSAT,19,59
8669ff1a-13c0-4151-b10c-3fb0fee77ac2,cnf,125,20.0,0.04813536199998225,True,9,1,UNSAT,20,Minisat220_DoneNormally_UNSAT,17,58
44172545-5834-4adc-bfe1-7859d25e172f,cnf,126,20.0,0.04877939300001799,True,9,1,UNSAT,20,Minisat220_DoneNormally_UNSAT,17,59
c043255d-9c4b-4157-85f7-ab1470b67337,cnf,127,20.0,0.05025010200000679,True,9,1,UNSAT,20,Minisat220_DoneNormally_UNSAT,19,61
8afadb03-c5b1-41c1-9bcd-935b82c093db,cnf,1,20.0,0.04919341300001179,True,9,1,UNSAT,20,Minisat220_DoneNormally_UNSAT,22,59
6df05140-5a98-42b6-a203-75c6a8af61eb,cnf,2,20.0,0.0483063720000132,True,9,1,UNSAT,20,Minisat220_DoneNormally_UNSAT,23,58
ec887413-d459-4401-8ee7-09b2cb7c4a08,cnf,3,20.0,0.048294112999997196,True,9,1,UNSAT,20,Minisat220_DoneNormally_UNSAT,18,58
add57e07-71f8-4a1d-a045-886f68cdf242,cnf,4,20.0,0.0496914830000037,True,9,1,UNSAT,20,Minisat220_DoneNormally_UNSAT,23,60
5bb8946d-992b-41bb-9186-437e1c9de601,cnf,5,20.0,0.048792113000047266,True,9,1,UNSAT,20,Minisat220_DoneNormally_UNSAT,19,59
9e77f99d-fe3c-4880-b2b9-ff3b5c152edb,cnf,6,20.0,0.05006819199996926,True,9,1,UNSAT,20,Minisat220_DoneNormally_UNSAT,20,60
3f33fb69-9aa2-4a40-949e-a8aea878097c,cnf,7,20.0,0.048759703000030186,True,9,1,UNSAT,20,Minisat220_DoneNormally_UNSAT,23,59
66e088e8-353c-4eba-a9c7-77f47e7fbee2,cnf,8,20.0,0.048803082999995695,True,9,1,UNSAT,20,Minisat220_DoneNormally_UNSAT,23,59
19c4b6d4-8c5c-43d8-8314-dd3d5e48e05a,cnf,9,20.0,0.04817211199997473,True,9,1,UNSAT,20,Minisat220_DoneNormally_UNSAT,20,58
e78e0468-d53d-4a93-ac81-3196a9b3fbee,cnf,10,20.0,0.04869107199999689,True,9,1,UNSAT,20,Minisat220_DoneNormally_UNSAT,21,59
9332b0a3-b6bb-4ac3-873c-fbfe0492268f,cnf,11,20.0,0.04826927300001671,True,9,1,UNSAT,20,Minisat220_DoneNormally_UNSAT,19,58
95820682-82a4-4d3b-95c1-8a9a23ecfd49,cnf,12,20.0,0.04998200300002509,True,9,1,UNSAT,20,Minisat220_DoneNormally_UNSAT,21,60
87938245-3e29-4228-b0c5-e8ef5c061f10,cnf,13,20.0,0.058397162000005665,True,9,1,UNSAT,20,Minisat220_DoneNormally_UNSAT,19,68
c96aae83-69f5-4843-b9d7-85906a6a6d43,cnf,14,20.0,0.04954844300004879,True,9,1,UNSAT,20,Minisat220_DoneNormally_UNSAT,19,60
d823d2f2-134f-4a8e-87a4-7a10e3ea3f19,cnf,15,20.0,0.048003742999981114,True,9,1,UNSAT,20,Minisat220_DoneNormally_UNSAT,18,58
b3e2d77f-8b79-43db-8ddf-bf3303616876,cnf,16,20.0,0.048136271999965174,True,9,1,UNSAT,20,Minisat220_DoneNormally_UNSAT,22,58
6de17699-d3be-4c43-bdf6-663eca231470,cnf,17,20.0,0.047476351999989674,True,9,1,UNSAT,20,Minisat220_DoneNormally_UNSAT,20,57
b27312b0-66ab-4a00-b598-ef0a758a0b85,cnf,18,20.0,0.04830996200001891,True,9,1,UNSAT,20,Minisat220_DoneNormally_UNSAT,20,58
c5495c16-9724-410a-8086-4b6e39991e1f,cnf,19,20.0,0.04872765300001447,True,9,1,UNSAT,20,Minisat220_DoneNormally_UNSAT,20,59
818d24fb-6d4b-4469-b422-d685f6144d88,cnf,20,20.0,0.04832133200000044,True,9,1,UNSAT,20,Minisat220_DoneNormally_UNSAT,20,58
4d77c870-2966-4b1c-94ef-37766e34bc93,cnf,21,20.0,0.049452021999968565,True,9,1,UNSAT,20,Minisat220_DoneNormally_UNSAT,25,60
6b64991d-6ef2-45c7-b1ea-a094f66cf34b,cnf,22,20.0,0.051646422000033,True,9,1,UNSAT,20,Minisat220_DoneNormally_UNSAT,25,62
59475e88-bc42-4c3d-b465-be6d386e20fa,cnf,23,20.0,0.049192483000013,True,9,1,UNSAT,20,Minisat220_DoneNormally_UNSAT,21,59
b2a4c05e-c5cb-449a-aeea-e8b91872e45e,cnf,24,20.0,0.05037860199996658,True,9,1,UNSAT,20,Minisat220_DoneNormally_UNSAT,21,60
21eb47d1-2af0-4968-ac79-d6ea44f8fffd,cnf,25,20.0,0.049334632000011425,True,9,1,UNSAT,20,Minisat220_DoneNormally_UNSAT,22,59
32c304a6-4540-47d6-ac3d-6607e7b99af0,cnf,26,20.0,0.047903421999990314,True,9,1,UNSAT,20,Minisat220_DoneNormally_UNSAT,22,58
3cc51c76-e894-43a2-967d-59a3e621415d,cnf,27,20.0,0.04794794299999694,True,9,1,UNSAT,20,Minisat220_DoneNormally_UNSAT,20,58
b994edb0-98ee-47b4-b544-f68eca7cd8f5,cnf,28,20.0,0.04887083200003417,True,9,1,UNSAT,20,Minisat220_DoneNormally_UNSAT,20,59
acf6f0c4-5eb3-4cda-9d97-9d1929967df8,cnf,29,20.0,0.048204201999965335,True,9,1,UNSAT,20,Minisat220_DoneNormally_UNSAT,19,58
97596678-49c0-4056-abb5-7481b5e3163f,cnf,30,20.0,0.04863687300002084,True,9,1,UNSAT,20,Minisat220_DoneNormally_UNSAT,22,59
0f9557de-9398-461e-9162-9c1cf27c89b5,cnf,31,20.0,0.04941234300002861,True,9,1,UNSAT,20,Minisat220_DoneNormally_UNSAT,21,59
21312e8a-0475-4869-b872-c5c3690239e7,cnf,32,20.0,0.048581602000012936,True,9,1,UNSAT,20,Minisat220_DoneNormally_UNSAT,21,59
54f4f13b-2646-4240-bfb4-3f3045831434,cnf,33,20.0,0.04903938199998947,True,9,1,UNSAT,20,Minisat220_DoneNormally_UNSAT,22,59
2132907d-34ba-4a2f-b396-7b8c792d0449,cnf,34,20.0,0.049656373000004805,True,9,1,UNSAT,20,Minisat220_DoneNormally_UNSAT,18,60
e3d728c8-13b1-491d-9300-a74ce2123025,cnf,35,20.0,0.05024032199997919,True,9,1,UNSAT,20,Minisat220_DoneNormally_UNSAT,19,60
345b1582-30a3-448e-84f2-3b47ceca85db,cnf,36,20.0,0.04874926200000118,True,9,1,UNSAT,20,Minisat220_DoneNormally_UNSAT,22,59
53928207-0518-4559-9abb-661fd1bdcebf,cnf,37,20.0,0.04855120199999874,True,9,1,UNSAT,20,Minisat220_DoneNormally_UNSAT,18,59
79338575-fee9-4cb6-a17f-481b6360633a,cnf,38,20.0,0.04830222200001799,True,9,1,UNSAT,20,Minisat220_DoneNormally_UNSAT,23,58
790906cf-84f3-4581-91ae-34041823d109,cnf,39,20.0,0.048486621999984436,True,9,1,UNSAT,20,Minisat220_DoneNormally_UNSAT,22,59
0a2c520f-e21f-4370-9fdc-54c23915a341,cnf,40,20.0,0.048432572000024265,True,9,1,UNSAT,20,Minisat220_DoneNormally_UNSAT,22,59
f3195928-17cf-4e93-b1a0-89d1e1c3453d,cnf,41,20.0,0.04802264200003492,True,9,1,UNSAT,20,Minisat220_DoneNormally_UNSAT,19,58
ed2a98b2-01be-4813-806b-3075a768cda1,cnf,42,20.0,0.04977174200001855,True,9,1,UNSAT,20,Minisat220_DoneNormally_UNSAT,22,60
4fd1ee4b-61f7-45d0-afea-85747fa5e1e0,cnf,43,20.0,0.048484763000033126,True,9,1,UNSAT,20,Minisat220_DoneNormally_UNSAT,21,59
c6fb76d5-6cb4-4c4a-9174-d07b3f04dd26,cnf,44,20.0,0.04806856200002585,True,9,1,UNSAT,20,Minisat220_DoneNormally_UNSAT,17,58
027f05eb-c8b5-440d-9374-d9941e9567d8,cnf,45,20.0,0.04781767199995102,True,9,1,UNSAT,20,Minisat220_DoneNormally_UNSAT,21,58
54a4aa11-0429-41b5-b560-922b61787499,cnf,46,20.0,0.048466861999997946,True,9,1,UNSAT,20,Minisat220_DoneNormally_UNSAT,20,59
e657ad4d-aeaf-4401-8b72-80fe30096aa9,cnf,47,20.0,0.051647991999971055,True,9,1,UNSAT,20,Minisat220_DoneNormally_UNSAT,24,62
cc0415e8-b38a-4637-a116-c2a8c7520768,cnf,48,20.0,0.049764821999986,True,9,1,UNSAT,20,Minisat220_DoneNormally_UNSAT,23,60
deb20fe8-0b17-44fc-844c-1217410f7f40,cnf,49,20.0,0.04757871199996089,True,9,1,UNSAT,20,Minisat220_DoneNormally_UNSAT,20,58
d2d33a24-2bd7-4a0a-a169-0cbb910811a8,cnf,50,20.0,0.04903304300000855,True,9,1,UNSAT,20,Minisat220_DoneNormally_UNSAT,19,59
33528385-484f-495d-bca2-d9f799ced152,cnf,51,20.0,0.04761214199999131,True,9,1,UNSAT,20,Minisat220_DoneNormally_UNSAT,22,58
63ea67f0-d466-4f69-8c9e-628b11c81d24,cnf,52,20.0,0.048404912000023614,True,9,1,UNSAT,20,Minisat220_DoneNormally_UNSAT,22,59
e12bdb1d-2593-4ec7-a465-075cf12f221c,cnf,53,20.0,0.04828509200001463,True,9,1,UNSAT,20,Minisat220_DoneNormally_UNSAT,19,58
a7e5734b-71a7-4c7c-bd6c-3360a9eee318,cnf,54,20.0,0.04901421199997458,True,9,1,UNSAT,20,Minisat220_DoneNormally_UNSAT,22,59
099e1c19-8c73-49c1-9ff1-ec2cd71fbdd7,cnf,55,20.0,0.04968219200003432,True,9,1,UNSAT,20,Minisat220_DoneNormally_UNSAT,19,60
ce346fda-4699-4e63-839e-33220c374538,cnf,56,20.0,0.048243621999972675,True,9,1,UNSAT,20,Minisat220_DoneNormally_UNSAT,18,58
dab9ed10-0f1f-44dd-94e9-48bc22444c51,cnf,57,20.0,0.04835753200001136,True,9,1,UNSAT,20,Minisat220_DoneNormally_UNSAT,19,58
38b1b845-6ebd-4ad2-92bd-d168f9530497,cnf,58,20.0,0.04938788200001909,True,9,1,UNSAT,20,Minisat220_DoneNormally_UNSAT,22,60
ca3f0de3-b243-476d-82f1-8aaaa54262e3,cnf,59,20.0,0.04862866199999871,True,9,1,UNSAT,20,Minisat220_DoneNormally_UNSAT,23,59
062ce26a-cd97-4908-9570-c2a3c1edd259,cnf,60,20.0,0.04863050200003727,True,9,1,UNSAT,20,Minisat220_DoneNormally_UNSAT,17,59
a0181fa6-1d4d-41cb-897c-bab2a90c0b82,cnf,61,20.0,0.04927611299996215,True,9,1,UNSAT,20,Minisat220_DoneNormally_UNSAT,20,59
735327cc-c041-4168-b4e5-56014584cd8a,cnf,62,20.0,0.04968049199999314,True,9,1,UNSAT,20,Minisat220_DoneNormally_UNSAT,21,60
2d7aa7a4-e20c-4f24-9ff2-329afcaa71de,cnf,63,20.0,0.04956683199998224,True,9,1,UNSAT,20,Minisat220_DoneNormally_UNSAT,21,60
cfe95ad5-3863-416c-bf72-3843ba16a776,cnf,64,20.0,0.0485056429999986,True,9,1,UNSAT,20,Minisat220_DoneNormally_UNSAT,21,59
1054db98-a861-4d0f-b659-23bfda94f056,cnf,65,20.0,0.04959879200004025,True,9,1,UNSAT,20,Minisat220_DoneNormally_UNSAT,22,60
fbc222c1-5068-4d03-8841-5203f3fa3b15,cnf,66,20.0,0.049371042000018406,True,9,1,UNSAT,20,Minisat220_DoneNormally_UNSAT,21,60
b8be22e2-bdfc-4830-ad81-1090e19213f4,cnf,67,20.0,0.048772562000010566,True,9,1,UNSAT,20,Minisat220_DoneNormally_UNSAT,20,59
556da624-f895-42c4-89ac-aa3d6e87d285,cnf,68,20.0,0.049322361999998066,True,9,1,UNSAT,20,Minisat220_DoneNormally_UNSAT,21,59
9cde94d5-49db-4215-a0bb-59db2a5d664e,cnf,69,20.0,0.04938651200001232,True,9,1,UNSAT,20,Minisat220_DoneNormally_UNSAT,23,60
bbdbab6b-73d3-457d-ae2e-b994ae3e8640,cnf,70,20.0,0.04879337300002362,True,9,1,UNSAT,20,Minisat220_DoneNormally_UNSAT,23,59
d5be9403-049f-4572-a806-642e0c1b721e,cnf,71,20.0,0.04799962200002028,True,9,1,UNSAT,20,Minisat220_DoneNormally_UNSAT,22,58
f30bf71c-219b-48fd-a999-e773fe1deb14,cnf,72,20.0,0.04907284199998685,True,9,1,UNSAT,20,Minisat220_DoneNormally_UNSAT,24,59
10d7d926-73ae-47c7-a100-18aad3b50f9a,cnf,73,20.0,0.049299722000000656,True,9,1,UNSAT,20,Minisat220_DoneNormally_UNSAT,19,59
41609730-3325-44e4-90e1-42426ae11531,cnf,74,20.0,0.04814893299999312,True,9,1,UNSAT,20,Minisat220_DoneNormally_UNSAT,21,58
d0a03753-e16b-420d-a0ee-663e741f94ff,cnf,75,20.0,0.04887458199999628,True,9,1,UNSAT,20,Minisat220_DoneNormally_UNSAT,20,59
62e05f49-b249-4d35-be9c-dfc8cf501706,cnf,76,20.0,0.04903981299997895,True,9,1,UNSAT,20,Minisat220_DoneNormally_UNSAT,21,59
62418fa2-0548-4ba0-adaa-c53938d60a71,cnf,77,20.0,0.04922483199999306,True,9,1,UNSAT,20,Minisat220_DoneNormally_UNSAT,21,59
d50b8eb4-7ab3-40f7-9755-a2ba3dd90311,cnf,78,20.0,0.049630623000041396,True,9,1,UNSAT,20,Minisat220_DoneNormally_UNSAT,21,60
957156c4-01e2-4bd6-87ff-189c50935110,cnf,79,20.0,0.04816994300000488,True,9,1,UNSAT,20,Minisat220_DoneNormally_UNSAT,21,58
9e42f2c6-fa5d-4da7-a194-29583fb97f99,cnf,80,20.0,0.048537882000005084,True,9,1,UNSAT,20,Minisat220_DoneNormally_UNSAT,17,59
8d98e876-984f-4141-be4e-85070fb2bf2c,cnf,81,20.0,0.04864816200000632,True,9,1,UNSAT,20,Minisat220_DoneNormally_UNSAT,22,59
eac2edb9-485d-4c1c-adcf-00222b4143d1,cnf,82,20.0,0.04856317200000149,True,9,1,UNSAT,20,Minisat220_DoneNormally_UNSAT,17,59
cf242116-e4ca-4216-bbea-993227cc5105,cnf,83,20.0,0.048289043000011134,True,9,1,UNSAT,20,Minisat220_DoneNormally_UNSAT,21,58
f3cebce7-a7ee-4c70-9b19-4ae5eb19ad6f,cnf,84,20.0,0.0583444620000364,True,9,1,UNSAT,20,Minisat220_DoneNormally_UNSAT,22,69
6b88f63f-0758-4bac-8e68-fd0b6b3f96b4,cnf,85,20.0,0.04827038299998776,True,9,1,UNSAT,20,Minisat220_DoneNormally_UNSAT,19,58
b8c166bc-3e03-42d6-9615-e4ae4d335722,cnf,86,20.0,0.047722161999956825,True,9,1,UNSAT,20,Minisat220_DoneNormally_UNSAT,21,58
4ab4db8c-4a9a-42e6-9ab3-4da136375299,cnf,87,20.0,0.049779312999987724,True,9,1,UNSAT,20,Minisat220_DoneNormally_UNSAT,19,60
2239a02a-7681-4a9e-866b-8d7b8e1311cb,cnf,88,20.0,0.04869133199997577,True,9,1,UNSAT,20,Minisat220_DoneNormally_UNSAT,21,59
5e92afb8-3403-4a25-a3aa-ddc1dbfdbd71,cnf,89,20.0,0.04887036200000239,True,9,1,UNSAT,20,Minisat220_DoneNormally_UNSAT,19,59
5bd1572d-9211-41b7-8f58-337cb2bf03ee,cnf,90,20.0,0.0492780320000179,True,9,1,UNSAT,20,Minisat220_DoneNormally_UNSAT,21,60
5b9e3437-f1fe-496f-be51-6cc5f1e45217,cnf,91,20.0,0.04856675199999927,True,9,1,UNSAT,20,Minisat220_DoneNormally_UNSAT,22,59
d5dee72a-b6ae-49e0-8a44-d1150bb61365,cnf,92,20.0,0.049477423000041654,True,9,1,UNSAT,20,Minisat220_DoneNormally_UNSAT,21,60
d70fbe25-3c45-401a-9250-9763cf2730c0,cnf,93,20.0,0.04784902199997987,True,9,1,UNSAT,20,Minisat220_DoneNormally_UNSAT,20,58
65e3170e-aa9f-4ccf-902f-55a0b8fbd5d4,cnf,94,20.0,0.06788269300000138,True,9,1,UNSAT,20,Minisat220_DoneNormally_UNSAT,27,78
80716e0d-cc4f-434a-8cb5-ac2b829e34b1,cnf,95,20.0,0.04857414200000676,True,9,1,UNSAT,20,Minisat220_DoneNormally_UNSAT,23,59
217af4f1-c7ce-4ce0-8c93-40b82de1685b,cnf,96,20.0,0.0487556219999874,True,9,1,UNSAT,20,Minisat220_DoneNormally_UNSAT,20,59
2b27fdbd-4279-401f-8148-9af04547c68c,cnf,97,20.0,0.04906992200000104,True,9,1,UNSAT,20,Minisat220_DoneNormally_UNSAT,20,59
b3a1bb41-2078-4f41-82d3-261d620c1c4d,cnf,98,20.0,0.048347422999995615,True,9,1,UNSAT,20,Minisat220_DoneNormally_UNSAT,24,59
9e00f0e0-6594-49d9-8aa6-81a8319f1b53,cnf,99,20.0,0.04822636300002614,True,9,1,UNSAT,20,Minisat220_DoneNormally_UNSAT,18,59
c11dcfc0-98e6-418f-93b5-73532e78f4c8,cnf,100,20.0,0.049111732000028496,True,9,1,UNSAT,20,Minisat220_DoneNormally_UNSAT,20,60
640ab4e1-0be7-4b08-a3b8-192789c39872,cnf,101,20.0,0.04851398200003132,True,9,1,UNSAT,20,Minisat220_DoneNormally_UNSAT,20,59
2ef04641-2580-40da-8407-b625beb272e2,cnf,102,20.0,0.049043601999983366,True,9,1,UNSAT,20,Minisat220_DoneNormally_UNSAT,18,59
42b2e2fb-9301-43d3-b18a-98e4c80735a4,cnf,103,20.0,0.04797411299995247,True,9,1,UNSAT,20,Minisat220_DoneNormally_UNSAT,22,58
936029b4-36bf-4694-8632-d3181cf30585,cnf,104,20.0,0.0479740119999974,True,9,1,UNSAT,20,Minisat220_DoneNormally_UNSAT,23,58
8019632d-0413-4f4b-93da-7184243f7995,cnf,105,20.0,0.04830371200000627,True,9,1,UNSAT,20,Minisat220_DoneNormally_UNSAT,18,59
395613bb-ef56-44fe-9d69-8c9bfeaf0c96,cnf,106,20.0,0.049457201999985045,True,9,1,UNSAT,20,Minisat220_DoneNormally_UNSAT,20,60
06d509ba-4b99-4465-b29d-ee4e1c74ef0c,cnf,107,20.0,0.0494656430000191,True,9,1,UNSAT,20,Minisat220_DoneNormally_UNSAT,19,60
a94bcf15-fff5-4bbb-9901-95d669fc447b,cnf,108,20.0,0.04860558199999332,True,9,1,UNSAT,20,Minisat220_DoneNormally_UNSAT,19,59
47c610fa-5494-447d-9396-32e5fcc123c7,cnf,109,20.0,0.04854548200000863,True,9,1,UNSAT,20,Minisat220_DoneNormally_UNSAT,22,59
459fa816-089f-42c0-ba93-31773633c2bd,cnf,110,20.0,0.04918377199999213,True,9,1,UNSAT,20,Minisat220_DoneNormally_UNSAT,21,60
1c983873-58e9-4724-b100-81ef3337c62f,cnf,111,20.0,0.048933632999990095,True,9,1,UNSAT,20,Minisat220_DoneNormally_UNSAT,19,59
e76e4009-e7c2-4384-8842-457fde81b119,cnf,112,20.0,0.05912540200000649,True,9,1,UNSAT,20,Minisat220_DoneNormally_UNSAT,24,69
14d92d72-36e4-4b1a-b1d5-b943169b6568,cnf,113,20.0,0.04871615299998666,True,9,1,UNSAT,20,Minisat220_DoneNormally_UNSAT,17,59
3735b4ca-46cd-4915-a6cc-4f2b2439e79e,cnf,114,20.0,0.04882798200003435,True,9,1,UNSAT,20,Minisat220_DoneNormally_UNSAT,22,59
6b090673-1535-4ae5-b067-bafe674e1ea5,cnf,115,20.0,0.04912966300003063,True,9,1,UNSAT,20,Minisat220_DoneNormally_UNSAT,21,59
6982badc-dd9b-4e85-a4b7-ea0999c812bc,cnf,116,20.0,0.04859472199996162,True,9,1,UNSAT,20,Minisat220_DoneNormally_UNSAT,23,59
ccd667d6-0cce-4885-b0e1-95c07a24174d,cnf,117,20.0,0.04854339199999913,True,9,1,UNSAT,20,Minisat220_DoneNormally_UNSAT,20,59
aa8eb5ce-aa7a-4435-9345-6743b3625654,cnf,118,20.0,0.048955321999983425,True,9,1,UNSAT,20,Minisat220_DoneNormally_UNSAT,18,59
a69526d4-eaa4-47ae-bb51-11d67e04643b,cnf,119,20.0,0.04915451300001905,True,9,1,UNSAT,20,Minisat220_DoneNormally_UNSAT,19,60
81b4dfdd-d059-4758-9aac-3fadec9a21ac,cnf,120,20.0,0.048958553000034044,True,9,1,UNSAT,20,Minisat220_DoneNormally_UNSAT,21,59
3dea3727-b75e-4dfb-a044-12bd34ef34ea,cnf,121,20.0,0.048957352000002174,True,9,1,UNSAT,20,Minisat220_DoneNormally_UNSAT,20,59
5f91025a-868d-4293-b576-3c48e4c35e26,cnf,122,20.0,0.05279986199997211,True,9,1,UNSAT,20,Minisat220_DoneNormally_UNSAT,22,63
d4130513-d48e-4ce7-9f97-74c293004b0d,cnf,123,20.0,0.048910922999994,True,9,1,UNSAT,20,Minisat220_DoneNormally_UNSAT,21,59
de3d6de9-e966-4511-b1a1-8360271b7c5e,cnf,124,20.0,0.04868449299999611,True,9,1,UNSAT,20,Minisat220_DoneNormally_UNSAT,21,59
32f2d3db-7140-4d12-82f1-abea33c1c8fe,cnf,125,20.0,0.05160321200003182,True,9,1,UNSAT,20,Minisat220_DoneNormally_UNSAT,24,62
31bbeeb4-1352-4bcc-bdcf-7cf2316c6a98,cnf,126,20.0,0.04825047200000654,True,9,1,UNSAT,20,Minisat220_DoneNormally_UNSAT,20,59
5fa7a24c-14d1-4bd7-bffa-b8ac07394f81,cnf,127,20.0,0.0494698720000315,True,9,1,UNSAT,20,Minisat220_DoneNormally_UNSAT,21,60
fc82bad0-3061-4889-a2f1-cd44d12a9fa2,cnf,1,20.0,0.04899118299999827,True,9,1,UNSAT,20,Minisat220_DoneNormally_UNSAT,20,59
fc0c49e4-e1e8-43cb-b57a-1b2be03879c3,cnf,2,20.0,0.04845181299998558,True,9,1,UNSAT,20,Minisat220_DoneNormally_UNSAT,20,59
000e78b3-cde2-48d7-a973-1cb3957c7f50,cnf,3,20.0,0.04731410300001926,True,9,1,UNSAT,20,Minisat220_DoneNormally_UNSAT,22,57
fa9f9021-2250-452f-8422-fa209098c506,cnf,4,20.0,0.04806452200000422,True,9,1,UNSAT,20,Minisat220_DoneNormally_UNSAT,19,58
f1c5e13b-d6d5-4371-8ab0-5108a07f8fa6,cnf,5,20.0,0.04909482300001855,True,9,1,UNSAT,20,Minisat220_DoneNormally_UNSAT,18,59
0b7f6a15-4b76-4c1c-9b6c-760fd09f5177,cnf,6,20.0,0.0478113720000124,True,9,1,UNSAT,20,Minisat220_DoneNormally_UNSAT,21,58
b1794c52-b8d0-4176-9517-7c7e6e301dea,cnf,7,20.0,0.04820986200002153,True,9,1,UNSAT,20,Minisat220_DoneNormally_UNSAT,21,58
02465d34-dfc9-4196-b623-4f243e033b59,cnf,8,20.0,0.05053407299999435,True,9,1,UNSAT,20,Minisat220_DoneNormally_UNSAT,24,61
03bb0f9b-4166-4c05-8680-44cdce5a9299,cnf,9,20.0,0.047870171999989,True,9,1,UNSAT,20,Minisat220_DoneNormally_UNSAT,22,58
1899a08e-8ee2-4876-b583-fb1f0a1ca1bf,cnf,10,20.0,0.04849827199996071,True,9,1,UNSAT,20,Minisat220_DoneNormally_UNSAT,18,59
7d4c4e63-fd30-4750-ae1e-cd580d54dead,cnf,11,20.0,0.048421791999999186,True,9,1,UNSAT,20,Minisat220_DoneNormally_UNSAT,23,58
00a50014-9e0b-4e5a-92a0-5a070c826de1,cnf,12,20.0,0.050852731999952994,True,9,1,UNSAT,20,Minisat220_DoneNormally_UNSAT,21,61
eeca68a2-3cb8-484c-9deb-277b6a6adc43,cnf,13,20.0,0.058682072999999946,True,9,1,UNSAT,20,Minisat220_DoneNormally_UNSAT,21,69
5c7629aa-8a0d-478e-9272-ab03a16c6620,cnf,14,20.0,0.04849308199999314,True,9,1,UNSAT,20,Minisat220_DoneNormally_UNSAT,19,59
1559e46c-25f4-4ea8-b025-dfa65a0817c8,cnf,15,20.0,0.04784961199999316,True,9,1,UNSAT,20,Minisat220_DoneNormally_UNSAT,18,58
bfac92c9-d0e1-4a41-8f2e-6a36cbf6ff62,cnf,16,20.0,0.04817469199997504,True,9,1,UNSAT,20,Minisat220_DoneNormally_UNSAT,16,58
0452055c-7b1d-47cf-a010-ef8e64fa2134,cnf,17,20.0,0.04778814299999112,True,9,1,UNSAT,20,Minisat220_DoneNormally_UNSAT,21,58
54723257-06e6-4a30-8ffe-e3acba85f889,cnf,18,20.0,0.04903306200003499,True,9,1,UNSAT,20,Minisat220_DoneNormally_UNSAT,20,59
1e13ce15-6973-4b70-a27c-9b6858d5711f,cnf,19,20.0,0.04853561200002332,True,9,1,UNSAT,20,Minisat220_DoneNormally_UNSAT,20,59
c71281a8-26bb-430d-b9e5-253a448b0ea3,cnf,20,20.0,0.048356232000003274,True,9,1,UNSAT,20,Minisat220_DoneNormally_UNSAT,21,58
cf5f0a95-2538-4655-a04c-f3e8b04e69b9,cnf,21,20.0,0.05888429300000553,True,9,1,UNSAT,20,Minisat220_DoneNormally_UNSAT,24,69
6db61852-9f6f-40dc-833e-6db4bac5567d,cnf,22,20.0,0.05791869300003327,True,9,1,UNSAT,20,Minisat220_DoneNormally_UNSAT,22,68
992254af-a5c4-4aa0-b95e-aff897bb7b3a,cnf,23,20.0,0.04898432300001332,True,9,1,UNSAT,20,Minisat220_DoneNormally_UNSAT,21,59
f2a320e6-afdf-44cc-9c19-56f584ec1014,cnf,24,20.0,0.048443711999993866,True,9,1,UNSAT,20,Minisat220_DoneNormally_UNSAT,22,59
5d509284-8c5d-4bda-a6e9-ab44e313bec9,cnf,25,20.0,0.049581751999994594,True,9,1,UNSAT,20,Minisat220_DoneNormally_UNSAT,22,60
b288e6b1-9177-484a-95de-9d2a0148f5d7,cnf,26,20.0,0.04797102300000233,True,9,1,UNSAT,20,Minisat220_DoneNormally_UNSAT,19,58
be0f9685-14ed-4488-85bc-55d68ade2641,cnf,27,20.0,0.04844635299997435,True,9,1,UNSAT,20,Minisat220_DoneNormally_UNSAT,20,59
b143d2ee-a775-4081-9fdb-9db979fd50dc,cnf,28,20.0,0.048280652000016744,True,9,1,UNSAT,20,Minisat220_DoneNormally_UNSAT,24,58
f51309a4-02c3-4a35-bff8-a1360f258c0f,cnf,29,20.0,0.0482860529999698,True,9,1,UNSAT,20,Minisat220_DoneNormally_UNSAT,19,58
d0785ed5-bc5c-4939-b106-b5199341cf34,cnf,30,20.0,0.04865162300001202,True,9,1,UNSAT,20,Minisat220_DoneNormally_UNSAT,24,59
83ca552b-b211-42a8-8683-09eb5bb3f214,cnf,31,20.0,0.04792722299998786,True,9,1,UNSAT,20,Minisat220_DoneNormally_UNSAT,18,58
e25fdbf0-8206-4dde-a7b6-2f7b6edb54db,cnf,32,20.0,0.048283112000035544,True,9,1,UNSAT,20,Minisat220_DoneNormally_UNSAT,19,58
f8265382-2f6e-4b94-9769-1c7773e57061,cnf,33,20.0,0.049182631999997284,True,9,1,UNSAT,20,Minisat220_DoneNormally_UNSAT,22,59
14f5355f-c4bb-4d5d-92f3-164b1b22d08a,cnf,34,20.0,0.04874856200001432,True,9,1,UNSAT,20,Minisat220_DoneNormally_UNSAT,22,59
669ec7d8-d22e-404a-b8c3-eaca45ab566d,cnf,35,20.0,0.048677272000020366,True,9,1,UNSAT,20,Minisat220_DoneNormally_UNSAT,19,59
4b017f42-a9d3-4ecc-b96a-306abeefb792,cnf,36,20.0,0.06182418299999881,True,9,1,UNSAT,20,Minisat220_DoneNormally_UNSAT,25,72
adbd10a3-1a0c-4ab8-8d71-ed402cbb75b7,cnf,37,20.0,0.04847319199996036,True,9,1,UNSAT,20,Minisat220_DoneNormally_UNSAT,22,59
ac4683fa-94a1-42cb-a428-4b341e0ceebc,cnf,38,20.0,0.04909027200000082,True,9,1,UNSAT,20,Minisat220_DoneNormally_UNSAT,16,59
ec8ce8df-0734-4277-bd4c-edc788897847,cnf,39,20.0,0.04996330199998056,True,9,1,UNSAT,20,Minisat220_DoneNormally_UNSAT,23,60
7fc8a639-cb24-4a74-ab22-5ad86d948361,cnf,40,20.0,0.04825702200002979,True,9,1,UNSAT,20,Minisat220_DoneNormally_UNSAT,24,58
5cc70a41-3fff-4e89-97b4-32fa7c6f9cab,cnf,41,20.0,0.047965782000005674,True,9,1,UNSAT,20,Minisat220_DoneNormally_UNSAT,22,58
3630efa7-9324-4f24-bd26-6982ec752b3c,cnf,42,20.0,0.04900936199999251,True,9,1,UNSAT,20,Minisat220_DoneNormally_UNSAT,21,59
adb0b73c-998f-449d-a7e5-237a956e0b9f,cnf,43,20.0,0.048981481999987864,True,9,1,UNSAT,20,Minisat220_DoneNormally_UNSAT,21,59
b2008b72-c183-476b-9a4f-74be4bdcdbea,cnf,44,20.0,0.04833804199995484,True,9,1,UNSAT,20,Minisat220_DoneNormally_UNSAT,22,58
7802466a-f72c-4f68-b870-c38c8e82f2ab,cnf,45,20.0,0.04878438299999743,True,9,1,UNSAT,20,Minisat220_DoneNormally_UNSAT,18,59
25f812be-80ff-4188-8766-562c1d3b57ee,cnf,46,20.0,0.0491420419999713,True,9,1,UNSAT,20,Minisat220_DoneNormally_UNSAT,22,59
17ad0b2e-abf3-48f5-a7d2-1ed93ac6d768,cnf,47,20.0,0.05031017200002452,True,9,1,UNSAT,20,Minisat220_DoneNormally_UNSAT,24,61
509de6ae-3a50-43e5-8dd0-ae3ec849fa53,cnf,48,20.0,0.04912228199998481,True,9,1,UNSAT,20,Minisat220_DoneNormally_UNSAT,20,59
a413fbae-c4c1-4da3-9d0d-0aad7a3f1a36,cnf,49,20.0,0.04812935299997889,True,9,1,UNSAT,20,Minisat220_DoneNormally_UNSAT,19,58
40bd6f39-d23f-422f-9313-0d597edbc8f9,cnf,50,20.0,0.049106431999973665,True,9,1,UNSAT,20,Minisat220_DoneNormally_UNSAT,20,59
90caad54-5011-412b-a86d-7c1862a0a678,cnf,51,20.0,0.07920331399998304,False,9,1,UNSAT,20,Minisat220_DoneNormally_UNSAT,43,100
c57ead53-2800-4c5c-a4f0-7068ca8202bd,cnf,52,20.0,0.04788128199999164,True,9,1,UNSAT,20,Minisat220_DoneNormally_UNSAT,22,58
15879294-75b9-466e-9e94-988b203192c8,cnf,53,20.0,0.04823086300001478,True,9,1,UNSAT,20,Minisat220_DoneNormally_UNSAT,19,58
5055588a-709e-4fdd-9788-d3f3d242138d,cnf,54,20.0,0.04784163199997238,True,9,1,UNSAT,20,Minisat220_DoneNormally_UNSAT,20,58
3f257956-eb64-40e4-a844-66454e091c9f,cnf,55,20.0,0.049139042000035715,True,9,1,UNSAT,20,Minisat220_DoneNormally_UNSAT,20,59
3ccd5e59-f76b-46cb-839b-0b4ca089a6f7,cnf,56,20.0,0.04803531199996769,True,9,1,UNSAT,20,Minisat220_DoneNormally_UNSAT,22,58
3ee2ba94-6b75-4306-b613-10d29932e196,cnf,57,20.0,0.05228225299998712,True,9,1,UNSAT,20,Minisat220_DoneNormally_UNSAT,20,62
45557b50-38ac-4956-806e-a7d11a74891b,cnf,58,20.0,0.05075488300002462,True,9,1,UNSAT,20,Minisat220_DoneNormally_UNSAT,21,61
4a486e96-782e-4155-97e0-b3cff7bda1e2,cnf,59,20.0,0.04864415200000849,True,9,1,UNSAT,20,Minisat220_DoneNormally_UNSAT,21,59
37979ea4-adeb-4fcb-b332-4aba442a686c,cnf,60,20.0,0.048493681999957516,True,9,1,UNSAT,20,Minisat220_DoneNormally_UNSAT,19,59
a2dcb0b9-a151-4c29-99fe-345011366bf9,cnf,61,20.0,0.05977817299998378,True,9,1,UNSAT,20,Minisat220_DoneNormally_UNSAT,21,70
dd5ee2ea-5f06-43cf-83fd-d5dcb9f720d3,cnf,62,20.0,0.049598192000019026,True,9,1,UNSAT,20,Minisat220_DoneNormally_UNSAT,21,60
482adb31-6556-41a8-b72a-24d95679b700,cnf,63,20.0,0.049337231999970754,True,9,1,UNSAT,20,Minisat220_DoneNormally_UNSAT,19,59
6dcdd9cb-e04b-4772-b090-7e1c2e0fafd4,cnf,64,20.0,0.04852136299996346,True,9,1,UNSAT,20,Minisat220_DoneNormally_UNSAT,23,59
2bfb99c3-f26d-45ac-a11c-4d6e4b8e03ed,cnf,65,20.0,0.05004300199999534,True,9,1,UNSAT,20,Minisat220_DoneNormally_UNSAT,20,60
4ce7fe99-2d98-4920-b672-ab34bb9d4111,cnf,66,20.0,0.04972727199998417,True,9,1,UNSAT,20,Minisat220_DoneNormally_UNSAT,21,60
7f6dae6e-00c2-45a3-85fe-fec980cf4c33,cnf,67,20.0,0.04888761199998726,True,9,1,UNSAT,20,Minisat220_DoneNormally_UNSAT,19,59
49479c4a-fb2c-4741-aed7-8a9538312184,cnf,68,20.0,0.04933344199997691,True,9,1,UNSAT,20,Minisat220_DoneNormally_UNSAT,21,60
edfb4a4e-db67-4d48-995d-16422cdb38ac,cnf,69,20.0,0.05032206200002065,True,9,1,UNSAT,20,Minisat220_DoneNormally_UNSAT,22,61
eeb11f17-486c-4be6-ab82-b688e5460908,cnf,70,20.0,0.048359993000019585,True,9,1,UNSAT,20,Minisat220_DoneNormally_UNSAT,23,59
a865c99a-6b00-4115-ab92-500cf1c37c8d,cnf,71,20.0,0.048148452000020825,True,9,1,UNSAT,20,Minisat220_DoneNormally_UNSAT,24,58
e892bfb6-7c7e-4550-b4c5-3a902c0f07d3,cnf,72,20.0,0.04945269300003474,True,9,1,UNSAT,20,Minisat220_DoneNormally_UNSAT,20,60
f1fc7a87-e256-4b34-854e-ba378956c2d3,cnf,73,20.0,0.04924700200001553,True,9,1,UNSAT,20,Minisat220_DoneNormally_UNSAT,22,59
63f04c32-1bc9-4756-a491-b9790b569ff9,cnf,74,20.0,0.048575852999988456,True,9,1,UNSAT,20,Minisat220_DoneNormally_UNSAT,23,59
707d996d-250a-4c58-b425-c0bcf74ee5ba,cnf,75,20.0,0.048930761999997685,True,9,1,UNSAT,20,Minisat220_DoneNormally_UNSAT,20,59
19b7d7d1-db46-4ff4-a7bf-dd354180a25d,cnf,76,20.0,0.04777187300004471,True,9,1,UNSAT,20,Minisat220_DoneNormally_UNSAT,23,58
12711fa1-c458-472a-a6e5-90e53f4b9751,cnf,77,20.0,0.049706942000000254,True,9,1,UNSAT,20,Minisat220_DoneNormally_UNSAT,19,60
7b6695ce-7fcc-407b-8f96-425e44f49b90,cnf,78,20.0,0.049618012999985694,True,9,1,UNSAT,20,Minisat220_DoneNormally_UNSAT,20,60
fb47034c-a245-4703-b624-0b5655b377e3,cnf,79,20.0,0.048785792999979094,True,9,1,UNSAT,20,Minisat220_DoneNormally_UNSAT,21,59
285f632d-f382-44dc-9e97-57b9d4a18c75,cnf,80,20.0,0.04992745200001991,True,9,1,UNSAT,20,Minisat220_DoneNormally_UNSAT,21,60
0d6472cc-7184-4858-8418-692467052c19,cnf,81,20.0,0.04871590200002629,True,9,1,UNSAT,20,Minisat220_DoneNormally_UNSAT,21,59
ea81df43-bebc-4d54-a9cd-6c7f27652a9e,cnf,82,20.0,0.04834552199997688,True,9,1,UNSAT,20,Minisat220_DoneNormally_UNSAT,20,59
8f5dbdc0-c307-4295-a4a7-419a48cb2303,cnf,83,20.0,0.04808686299998044,True,9,1,UNSAT,20,Minisat220_DoneNormally_UNSAT,22,58
8376d675-8b73-4318-bc0a-7adec2c730a8,cnf,84,20.0,0.055848362999995516,True,9,1,UNSAT,20,Minisat220_DoneNormally_UNSAT,23,66
e10df129-1bfb-402d-896f-89576580826e,cnf,85,20.0,0.04851363300002731,True,9,1,UNSAT,20,Minisat220_DoneNormally_UNSAT,19,59
a08d4325-b986-467d-acde-72ddf5ecbfba,cnf,86,20.0,0.04845597199999929,True,9,1,UNSAT,20,Minisat220_DoneNormally_UNSAT,19,59
185345b0-01c9-4aa0-97b6-b4be9854a4c6,cnf,87,20.0,0.04997157299999344,True,9,1,UNSAT,20,Minisat220_DoneNormally_UNSAT,23,60
eefa29b9-2330-4a42-81bf-e4eaa8ba9716,cnf,88,20.0,0.04896023200001309,True,9,1,UNSAT,20,Minisat220_DoneNormally_UNSAT,18,59
2a386a72-82ec-4b29-9623-10e35e30051a,cnf,89,20.0,0.04840106200003902,True,9,1,UNSAT,20,Minisat220_DoneNormally_UNSAT,22,59
f0cc2d20-9e82-4fb6-843a-5159be528c0f,cnf,90,20.0,0.0480929020000076,True,9,1,UNSAT,20,Minisat220_DoneNormally_UNSAT,20,58
61d0563d-7f8e-48da-a2f0-73e6a3f646a7,cnf,91,20.0,0.04894791200001691,True,9,1,UNSAT,20,Minisat220_DoneNormally_UNSAT,22,59
5524a1c6-53ba-4158-96d0-67060e9edf52,cnf,92,20.0,0.053759232999993856,True,9,1,UNSAT,20,Minisat220_DoneNormally_UNSAT,20,64
d5cae810-bd4d-4202-89fa-0f2a6580c919,cnf,93,20.0,0.04818436200002907,True,9,1,UNSAT,20,Minisat220_DoneNormally_UNSAT,19,58
55e4427a-93d8-4372-ac7b-b0a7049f805e,cnf,94,20.0,0.05881001299997024,True,9,1,UNSAT,20,Minisat220_DoneNormally_UNSAT,23,69
57a7ab19-5f6e-4a46-bf1e-da9a21e44ec3,cnf,95,20.0,0.05231447199997774,True,9,1,UNSAT,20,Minisat220_DoneNormally_UNSAT,24,63
eb3fd8ba-ef67-4821-ae71-6a4a86e6527c,cnf,96,20.0,0.04877669199998991,True,9,1,UNSAT,20,Minisat220_DoneNormally_UNSAT,20,59
03326b8b-2289-4d3d-b8b9-d1982e247af7,cnf,97,20.0,0.04986143200000015,True,9,1,UNSAT,20,Minisat220_DoneNormally_UNSAT,20,60
f5f65267-11c1-4ff2-8f53-7479e5af3402,cnf,98,20.0,0.04866455199999109,True,9,1,UNSAT,20,Minisat220_DoneNormally_UNSAT,18,59
01135491-0dfa-46a5-a47d-95618bc6c84e,cnf,99,20.0,0.04822235299997146,True,9,1,UNSAT,20,Minisat220_DoneNormally_UNSAT,18,59
61b6c9c2-a73f-4f7d-ae7d-e62b14b034cf,cnf,100,20.0,0.04876065199999857,True,9,1,UNSAT,20,Minisat220_DoneNormally_UNSAT,21,59
593cbf34-798b-4f78-bf86-03bfee876398,cnf,101,20.0,0.05024656200004074,True,9,1,UNSAT,20,Minisat220_DoneNormally_UNSAT,21,61
baead925-22c5-4776-9962-2672a54fba5e,cnf,102,20.0,0.04956946300001164,True,9,1,UNSAT,20,Minisat220_DoneNormally_UNSAT,20,60
aa6de23b-bfa3-4cfc-bdc6-58234cf23a01,cnf,103,20.0,0.048325793000003614,True,9,1,UNSAT,20,Minisat220_DoneNormally_UNSAT,22,59
c16f3025-af52-4376-aa61-d65865af7103,cnf,104,20.0,0.049044442000024446,True,9,1,UNSAT,20,Minisat220_DoneNormally_UNSAT,20,59
d4fc81e9-bc2f-40ba-a7bf-ca5bbe4024b3,cnf,105,20.0,0.04880831200000557,True,9,1,UNSAT,20,Minisat220_DoneNormally_UNSAT,20,59
d1492485-8ed3-481f-95c9-b81e2285215e,cnf,106,20.0,0.049722813000016686,True,9,1,UNSAT,20,Minisat220_DoneNormally_UNSAT,18,60
5cad3617-3f01-4416-8290-ec09786fae3f,cnf,107,20.0,0.04947689300001912,True,9,1,UNSAT,20,Minisat220_DoneNormally_UNSAT,20,60
b089dd7c-0a4b-493a-a867-1bdd5cac2bba,cnf,108,20.0,0.05302528199996459,True,9,1,UNSAT,20,Minisat220_DoneNormally_UNSAT,24,63
d39400c7-ec48-41ad-bebe-e3d1533094bd,cnf,109,20.0,0.050119021999989855,True,9,1,UNSAT,20,Minisat220_DoneNormally_UNSAT,19,60
6de50cbb-dcb3-4bd4-808e-d2c0245ec134,cnf,110,20.0,0.049395993000018734,True,9,1,UNSAT,20,Minisat220_DoneNormally_UNSAT,22,60
6716479b-e655-45b7-9fd1-a45b331dc2db,cnf,111,20.0,0.04856176300000925,True,9,1,UNSAT,20,Minisat220_DoneNormally_UNSAT,21,59
a8741006-2cb2-4cfb-9b50-761ad77569c2,cnf,112,20.0,0.04966760200005638,True,9,1,UNSAT,20,Minisat220_DoneNormally_UNSAT,23,60
1c133dd5-de69-40f0-9cf2-753b126bce50,cnf,113,20.0,0.05004573299999038,True,9,1,UNSAT,20,Minisat220_DoneNormally_UNSAT,21,60
d9185ca8-f5f6-48b3-ad3a-a572b762b635,cnf,114,20.0,0.05051670200003855,True,9,1,UNSAT,20,Minisat220_DoneNormally_UNSAT,23,61
e35f17f3-be6c-431a-af03-923a50b60709,cnf,115,20.0,0.049060053000005155,True,9,1,UNSAT,20,Minisat220_DoneNormally_UNSAT,18,59
6e4ba4f3-d326-4e23-90d0-490326593d93,cnf,116,20.0,0.049297471999977915,True,9,1,UNSAT,20,Minisat220_DoneNormally_UNSAT,21,60
73a135ad-e15f-4089-95e9-488c13afa27e,cnf,117,20.0,0.05339521199999808,True,9,1,UNSAT,20,Minisat220_DoneNormally_UNSAT,24,64
67b2ee5f-92cb-4c0d-ac03-b4278bbc1f1b,cnf,118,20.0,0.04902223200002709,True,9,1,UNSAT,20,Minisat220_DoneNormally_UNSAT,23,59
c4d97964-dc4c-4202-ae1c-ce6854f5e1ea,cnf,119,20.0,0.04853988299998946,True,9,1,UNSAT,20,Minisat220_DoneNormally_UNSAT,19,59
d176d4b6-9bc0-4574-bfe9-a4cc9ebbe9a5,cnf,120,20.0,0.04885282299994742,True,9,1,UNSAT,20,Minisat220_DoneNormally_UNSAT,20,59
53365a07-4b22-4d59-8e30-706ee529b592,cnf,121,20.0,0.04802839199999198,True,9,1,UNSAT,20,Minisat220_DoneNormally_UNSAT,21,58
7782b116-1d57-4d9a-b39a-ffc55b9fb0f3,cnf,122,20.0,0.05368603199997324,True,9,1,UNSAT,20,Minisat220_DoneNormally_UNSAT,19,64
b538a765-e73b-4844-9c0b-630de1579c48,cnf,123,20.0,0.04920735199999626,True,9,1,UNSAT,20,Minisat220_DoneNormally_UNSAT,18,60
ba2da2b2-6637-40ae-8f73-b1b704b0d635,cnf,124,20.0,0.04894172299998445,True,9,1,UNSAT,20,Minisat220_DoneNormally_UNSAT,21,59
d06a8296-9c57-4e4a-821c-5f1ea1e8006a,cnf,125,20.0,0.05254514199998539,True,9,1,UNSAT,20,Minisat220_DoneNormally_UNSAT,27,63
1f8d29c4-0b26-4186-a679-14e5ac7b2796,cnf,126,20.0,0.04877092200001698,True,9,1,UNSAT,20,Minisat220_DoneNormally_UNSAT,21,59
2614fe46-8a8f-4a1d-909a-45fc410b5d6c,cnf,127,20.0,0.049620551999964846,True,9,1,UNSAT,20,Minisat220_DoneNormally_UNSAT,23,60
e8638003-3a1a-4bc8-a706-c9c4e8d7e951,cnf,1,20.0,0.04843836300000248,True,9,1,UNSAT,20,Minisat220_DoneNormally_UNSAT,20,58
bd613d39-6ff0-4434-89c6-522850984852,cnf,2,20.0,0.0487072519999856,True,9,1,UNSAT,20,Minisat220_DoneNormally_UNSAT,22,59
49b4602c-58c5-478d-9e65-d3672581a06e,cnf,3,20.0,0.04749806299997772,True,9,1,UNSAT,20,Minisat220_DoneNormally_UNSAT,21,58
8ea0f6d3-80ee-43c3-a1d1-fefd73dd32fb,cnf,4,20.0,0.04853387200000725,True,9,1,UNSAT,20,Minisat220_DoneNormally_UNSAT,22,59
2add64d4-34a9-4682-8310-73bbbe1f8ea9,cnf,5,20.0,0.04850866300000689,True,9,1,UNSAT,20,Minisat220_DoneNormally_UNSAT,20,59
65aab9c6-3111-4a3c-916d-3b82097e4785,cnf,6,20.0,0.049644922000027236,True,9,1,UNSAT,20,Minisat220_DoneNormally_UNSAT,20,60
61f18a69-2c36-4fd1-ab1f-ccad5365e14c,cnf,7,20.0,0.048099611999987246,True,9,1,UNSAT,20,Minisat220_DoneNormally_UNSAT,23,58
ae2f134a-4400-4b38-b2a5-c5934c7a9849,cnf,8,20.0,0.04780999199999769,True,9,1,UNSAT,20,Minisat220_DoneNormally_UNSAT,20,58
a25dbfd5-3c98-42c6-93bc-1be4db60e79c,cnf,9,20.0,0.04865498200001639,True,9,1,UNSAT,20,Minisat220_DoneNormally_UNSAT,18,59
b3169be7-da31-4320-b75d-7b1aacbc3f6a,cnf,10,20.0,0.04862228199999663,True,9,1,UNSAT,20,Minisat220_DoneNormally_UNSAT,19,59
31201d0a-26df-4261-9b0f-0abb46b6d172,cnf,11,20.0,0.048399491999987276,True,9,1,UNSAT,20,Minisat220_DoneNormally_UNSAT,19,58
446a00c6-7eaa-43a8-b042-4472228bcc6d,cnf,12,20.0,0.04843136199997389,True,9,1,UNSAT,20,Minisat220_DoneNormally_UNSAT,20,58
5405d6ff-8a77-475e-bbe7-6eef5cf26977,cnf,13,20.0,0.053661772999987534,True,9,1,UNSAT,20,Minisat220_DoneNormally_UNSAT,21,64
f7532ba3-182b-4737-a2ba-04be8bfc47ca,cnf,14,20.0,0.048735252000028595,True,9,1,UNSAT,20,Minisat220_DoneNormally_UNSAT,21,59
2d7a5e55-cd51-4202-9969-62eb08d8d463,cnf,15,20.0,0.04800003299999389,True,9,1,UNSAT,20,Minisat220_DoneNormally_UNSAT,22,58
f042aa95-62fa-40f0-abc8-4bdb22a85f4f,cnf,16,20.0,0.04868028199996388,True,9,1,UNSAT,20,Minisat220_DoneNormally_UNSAT,18,59
4f41a66e-1b0f-408b-aa0e-ecb6854fb6d0,cnf,17,20.0,0.04849616299998161,True,9,1,UNSAT,20,Minisat220_DoneNormally_UNSAT,22,59
e603aa1f-40c3-4892-b636-6cede1637470,cnf,18,20.0,0.04841327200000478,True,9,1,UNSAT,20,Minisat220_DoneNormally_UNSAT,20,59
4c9009d1-d4c4-46d8-ab65-4a39b4beb12f,cnf,19,20.0,0.04865250199998172,True,9,1,UNSAT,20,Minisat220_DoneNormally_UNSAT,22,59
ae001a7f-3d62-44ad-89e9-3dffc74effb0,cnf,20,20.0,0.04871144200001254,True,9,1,UNSAT,20,Minisat220_DoneNormally_UNSAT,18,59
2d6153bd-56e8-4fc2-8a2c-391435353e29,cnf,21,20.0,0.05477087299999539,True,9,1,UNSAT,20,Minisat220_DoneNormally_UNSAT,23,65
34f9c1b7-aa5a-4d8c-9dc9-60e228e725bb,cnf,22,20.0,0.053241732000003594,True,9,1,UNSAT,20,Minisat220_DoneNormally_UNSAT,18,63
74ef77bc-c536-49c1-997f-838942f71736,cnf,23,20.0,0.049294083000006594,True,9,1,UNSAT,20,Minisat220_DoneNormally_UNSAT,21,59
3668ba4e-a09e-4925-a93c-2d6987536a5b,cnf,24,20.0,0.04924436199996762,True,9,1,UNSAT,20,Minisat220_DoneNormally_UNSAT,20,59
33d9e0cc-4396-45af-8346-413423b50a3d,cnf,25,20.0,0.049092612000038116,True,9,1,UNSAT,20,Minisat220_DoneNormally_UNSAT,20,59
2953d8b1-de41-4218-b43b-23e3aab83737,cnf,26,20.0,0.04809259299997848,True,9,1,UNSAT,20,Minisat220_DoneNormally_UNSAT,18,58
79024127-5b99-466c-8cc5-f0beffd74585,cnf,27,20.0,0.04809589199999209,True,9,1,UNSAT,20,Minisat220_DoneNormally_UNSAT,22,58
68cf043e-7f05-4292-900f-c1d52706bf51,cnf,28,20.0,0.049156171999982234,True,9,1,UNSAT,20,Minisat220_DoneNormally_UNSAT,18,59
98c88375-e1b7-41a9-8c1c-03705c5324c6,cnf,29,20.0,0.04908501299996715,True,9,1,UNSAT,20,Minisat220_DoneNormally_UNSAT,17,59
1fc49fb3-0add-466e-96fa-263316f32a7a,cnf,30,20.0,0.049318763000030685,True,9,1,UNSAT,20,Minisat220_DoneNormally_UNSAT,21,59
29f00089-9fd0-498f-83d0-6c724f1154c5,cnf,31,20.0,0.048480513000015435,True,9,1,UNSAT,20,Minisat220_DoneNormally_UNSAT,23,59
dcae7927-1801-4fa4-a122-df58ea9307e5,cnf,32,20.0,0.04851733200001718,True,9,1,UNSAT,20,Minisat220_DoneNormally_UNSAT,21,59
aaacac88-95cf-4987-b74c-5e2bf3ec798f,cnf,33,20.0,0.04944135200003075,True,9,1,UNSAT,20,Minisat220_DoneNormally_UNSAT,20,60
d2b7f591-b589-4632-af55-1bab7d6c1b2c,cnf,34,20.0,0.04857032199998912,True,9,1,UNSAT,20,Minisat220_DoneNormally_UNSAT,21,59
82bfb2a3-5329-44c6-93cf-412e38e66a39,cnf,35,20.0,0.04835777200003122,True,9,1,UNSAT,20,Minisat220_DoneNormally_UNSAT,22,58
bfb90878-8aa1-41f1-8e8d-397913bdc425,cnf,36,20.0,0.05617972300001384,True,9,1,UNSAT,20,Minisat220_DoneNormally_UNSAT,24,66
a3d0a1cc-7841-48f6-9937-21755a690f7a,cnf,37,20.0,0.04930773199998839,True,9,1,UNSAT,20,Minisat220_DoneNormally_UNSAT,20,59
18022ed0-8391-4cbd-8ba3-b2dbfdbd9b0e,cnf,38,20.0,0.04908364199997095,True,9,1,UNSAT,20,Minisat220_DoneNormally_UNSAT,22,59
378b3ada-ccb6-4573-a859-2e9a2a165e39,cnf,39,20.0,0.04870680299995911,True,9,1,UNSAT,20,Minisat220_DoneNormally_UNSAT,23,59
ce28a621-9f77-4578-b825-9e8354e68610,cnf,40,20.0,0.0482762819999607,True,9,1,UNSAT,20,Minisat220_DoneNormally_UNSAT,19,58
dfb39ed1-a835-4c5f-88e8-48c8dc6ddb79,cnf,41,20.0,0.04805336199996191,True,9,1,UNSAT,20,Minisat220_DoneNormally_UNSAT,21,58
9f6ddcfc-13f8-4e92-9c10-93c3c6e71171,cnf,42,20.0,0.049433822999958466,True,9,1,UNSAT,20,Minisat220_DoneNormally_UNSAT,22,60
b465d548-20a4-46e0-8c14-3182c18db970,cnf,43,20.0,0.048413683000035235,True,9,1,UNSAT,20,Minisat220_DoneNormally_UNSAT,21,59
0dd78e58-913b-482d-a871-1bd37587c72b,cnf,44,20.0,0.04963449199999559,True,9,1,UNSAT,20,Minisat220_DoneNormally_UNSAT,19,60
5088ec87-4e96-41b6-b465-f460c656bb2d,cnf,45,20.0,0.04891203200003247,True,9,1,UNSAT,20,Minisat220_DoneNormally_UNSAT,21,59
a336e869-4cec-4fc4-a6f0-4f85c1c24a34,cnf,46,20.0,0.04863623199997846,True,9,1,UNSAT,20,Minisat220_DoneNormally_UNSAT,19,59
0730934b-c68a-4734-9bb4-88c39a4ad972,cnf,47,20.0,0.05030724200003078,True,9,1,UNSAT,20,Minisat220_DoneNormally_UNSAT,22,60
db308cab-dfe7-4358-979c-9121e39e94e5,cnf,48,20.0,0.0490881320000085,True,9,1,UNSAT,20,Minisat220_DoneNormally_UNSAT,19,59
715d52bf-93f1-4726-9d9a-916922b7d71d,cnf,49,20.0,0.047996291999993446,True,9,1,UNSAT,20,Minisat220_DoneNormally_UNSAT,22,58
3ded9f09-55ac-4aa0-90ce-a4552f1d38c0,cnf,50,20.0,0.04917555299999776,True,9,1,UNSAT,20,Minisat220_DoneNormally_UNSAT,22,59
1ccdacac-8082-463c-87b0-8fd960c78959,cnf,51,20.0,0.050982962000034604,True,9,1,UNSAT,20,Minisat220_DoneNormally_UNSAT,19,61
6931ec39-e845-48b3-b8be-f1c0b2b9cb1d,cnf,52,20.0,0.04818824199998062,True,9,1,UNSAT,20,Minisat220_DoneNormally_UNSAT,22,58
25e2a6a5-2ddf-4f4e-bf05-bac9d5e8ce05,cnf,53,20.0,0.04883261200001243,True,9,1,UNSAT,20,Minisat220_DoneNormally_UNSAT,18,59
43e2b437-5129-467f-8ce8-eba51ff4de45,cnf,54,20.0,0.04853604200002337,True,9,1,UNSAT,20,Minisat220_DoneNormally_UNSAT,23,59
d5fcc352-9e49-4eaf-b596-261cd6ecc99e,cnf,55,20.0,0.05036846300004072,True,9,1,UNSAT,20,Minisat220_DoneNormally_UNSAT,18,61
a0db2578-839c-4567-bc12-50aa0ec43d16,cnf,56,20.0,0.0481868829999712,True,9,1,UNSAT,20,Minisat220_DoneNormally_UNSAT,20,58
0527cc6b-ee8c-437b-8a1f-283638c43867,cnf,57,20.0,0.049816512000006696,True,9,1,UNSAT,20,Minisat220_DoneNormally_UNSAT,20,60
940fb2c8-ab35-4e9b-848e-26e0afbe1fe1,cnf,58,20.0,0.05531023300000015,True,9,1,UNSAT,20,Minisat220_DoneNormally_UNSAT,20,66
054748f3-c265-4334-8434-314c3bbc85b3,cnf,59,20.0,0.048820992000003116,True,9,1,UNSAT,20,Minisat220_DoneNormally_UNSAT,19,59
4b6afcdf-18ba-42e0-ab0a-0971a167e69c,cnf,60,20.0,0.04899186299996927,True,9,1,UNSAT,20,Minisat220_DoneNormally_UNSAT,20,59
b50d86a5-1d06-47f7-a390-c823bc57309c,cnf,61,20.0,0.0522598819999871,True,9,1,UNSAT,20,Minisat220_DoneNormally_UNSAT,22,62
8bcf6ee7-e513-4b69-866f-6f3352ba2848,cnf,62,20.0,0.05373057199994946,True,9,1,UNSAT,20,Minisat220_DoneNormally_UNSAT,24,64
5a0cd179-d207-4704-a4f2-7c952f2f4713,cnf,63,20.0,0.050525652000033006,True,9,1,UNSAT,20,Minisat220_DoneNormally_UNSAT,21,61
7bd0fa70-60b3-4fcb-b4ff-d1559c79791b,cnf,64,20.0,0.0487815429999614,True,9,1,UNSAT,20,Minisat220_DoneNormally_UNSAT,20,59
3304d86e-1ea5-4a4e-84ee-c1362a3c207d,cnf,65,20.0,0.0497794529999851,True,9,1,UNSAT,20,Minisat220_DoneNormally_UNSAT,20,60
af7b8635-ab98-49e4-a6e4-338b57459b37,cnf,66,20.0,0.049351702000024034,True,9,1,UNSAT,20,Minisat220_DoneNormally_UNSAT,23,60
147d56da-50ed-43ac-9432-911a9ad7774e,cnf,67,20.0,0.0490645620000123,True,9,1,UNSAT,20,Minisat220_DoneNormally_UNSAT,20,59
f6f57296-a8db-460a-a199-c9b4a58a42f3,cnf,68,20.0,0.05569752299999209,True,9,1,UNSAT,20,Minisat220_DoneNormally_UNSAT,20,66
06098a08-944b-4e7a-8662-cb21ae4d07d2,cnf,69,20.0,0.04897296299998288,True,9,1,UNSAT,20,Minisat220_DoneNormally_UNSAT,22,59
5b769823-53f7-42d2-a540-3522df178689,cnf,70,20.0,0.047739212999999836,True,9,1,UNSAT,20,Minisat220_DoneNormally_UNSAT,20,58
8576bf6e-82f6-4a5b-8288-8c6badbbb9aa,cnf,71,20.0,0.04858559299998433,True,9,1,UNSAT,20,Minisat220_DoneNormally_UNSAT,20,59
05035225-0719-49b2-90ee-ff0d94026ecc,cnf,72,20.0,0.04937014199998657,True,9,1,UNSAT,20,Minisat220_DoneNormally_UNSAT,21,60
551061bf-1f4b-4236-b4b3-c7a11353e636,cnf,73,20.0,0.049430862000008347,True,9,1,UNSAT,20,Minisat220_DoneNormally_UNSAT,20,60
8f0fdb0d-82e0-4ffc-aea2-04425e42d5e8,cnf,74,20.0,0.04841363299999557,True,9,1,UNSAT,20,Minisat220_DoneNormally_UNSAT,21,59
a3438770-1a3d-419e-a042-56ff47d8b215,cnf,75,20.0,0.04898622199999636,True,9,1,UNSAT,20,Minisat220_DoneNormally_UNSAT,22,59
431336ad-46ad-4ccf-8e57-e769fb705e6e,cnf,76,20.0,0.04878900300002442,True,9,1,UNSAT,20,Minisat220_DoneNormally_UNSAT,21,59
b0234e8d-ed24-4474-9911-d1331977287b,cnf,77,20.0,0.04891872199999625,True,9,1,UNSAT,20,Minisat220_DoneNormally_UNSAT,20,59
450f9b59-4f55-4d49-ac84-4fc07347244b,cnf,78,20.0,0.048825662000012926,True,9,1,UNSAT,20,Minisat220_DoneNormally_UNSAT,21,59
df997b2a-1ed6-453e-96e6-3b398f3f4120,cnf,79,20.0,0.04866704200003369,True,9,1,UNSAT,20,Minisat220_DoneNormally_UNSAT,20,59
e3e73da4-a265-4f17-a1e6-af552ff87099,cnf,80,20.0,0.04891485199999579,True,9,1,UNSAT,20,Minisat220_DoneNormally_UNSAT,24,59
fb68122c-1494-432f-9dd4-775c64e96cf9,cnf,81,20.0,0.048833262000016475,True,9,1,UNSAT,20,Minisat220_DoneNormally_UNSAT,21,59
23039efd-282c-4a6f-a59b-5d56b83aa110,cnf,82,20.0,0.04850056200001518,True,9,1,UNSAT,20,Minisat220_DoneNormally_UNSAT,21,59
cf2c487a-e94b-4a32-9fca-b99082964170,cnf,83,20.0,0.04824411199996348,True,9,1,UNSAT,20,Minisat220_DoneNormally_UNSAT,24,58
892a96c3-4c1d-4b6e-92d5-d7fdb0fe72ce,cnf,84,20.0,0.054667762000008224,True,9,1,UNSAT,20,Minisat220_DoneNormally_UNSAT,23,65
ebf4cf55-f2f8-4c72-893a-1b0048e5abfd,cnf,85,20.0,0.04890193200003523,True,9,1,UNSAT,20,Minisat220_DoneNormally_UNSAT,22,59
7a9be9b1-6e97-4a16-aaa4-567fbca37a7b,cnf,86,20.0,0.04834125200000017,True,9,1,UNSAT,20,Minisat220_DoneNormally_UNSAT,20,59
e870a630-aecb-4156-9856-acaa8fd7670d,cnf,87,20.0,0.04947508300000436,True,9,1,UNSAT,20,Minisat220_DoneNormally_UNSAT,17,60
60fde5bf-cc37-4ee2-9503-867341594fee,cnf,88,20.0,0.04960086199997704,True,9,1,UNSAT,20,Minisat220_DoneNormally_UNSAT,22,60
0a11a528-063b-4fee-b9ae-ef3d8bab901b,cnf,89,20.0,0.049719992000007096,True,9,1,UNSAT,20,Minisat220_DoneNormally_UNSAT,20,60
1c87b2f6-dd43-4e3a-8510-4b364cec138e,cnf,90,20.0,0.048832371999992574,True,9,1,UNSAT,20,Minisat220_DoneNormally_UNSAT,22,59
ed83821c-85eb-4197-85e4-ba03c75d731d,cnf,91,20.0,0.04901575200000252,True,9,1,UNSAT,20,Minisat220_DoneNormally_UNSAT,19,59
c003c9be-3814-4be3-b498-581e54290c58,cnf,92,20.0,0.04988685199998599,True,9,1,UNSAT,20,Minisat220_DoneNormally_UNSAT,21,60
d0edf39a-835c-45ee-8863-004f496c5c50,cnf,93,20.0,0.049568272999977125,True,9,1,UNSAT,20,Minisat220_DoneNormally_UNSAT,19,60
23be07df-aa14-4112-9382-db4844a616bc,cnf,94,20.0,0.06062979300003235,True,9,1,UNSAT,20,Minisat220_DoneNormally_UNSAT,28,71
1b3b7f14-907e-4aa2-a257-295acb288dfc,cnf,95,20.0,0.04852397199999814,True,9,1,UNSAT,20,Minisat220_DoneNormally_UNSAT,20,59
0a17b046-1ef8-436c-b017-4c231867bd97,cnf,96,20.0,0.04888791299998729,True,9,1,UNSAT,20,Minisat220_DoneNormally_UNSAT,22,59
3a0b068a-b5f3-46a7-8258-d34f47162b96,cnf,97,20.0,0.049285142000030646,True,9,1,UNSAT,20,Minisat220_DoneNormally_UNSAT,24,60
41b3fbd4-f2b6-42fb-83c7-4bf11a0f25b0,cnf,98,20.0,0.04825982199997725,True,9,1,UNSAT,20,Minisat220_DoneNormally_UNSAT,21,59
dc9758c0-b1e3-46d1-854a-88969dfeb004,cnf,99,20.0,0.04924262299999782,True,9,1,UNSAT,20,Minisat220_DoneNormally_UNSAT,20,60
985346a0-9aa9-4eb1-9401-44d81f42b2ff,cnf,100,20.0,0.0488722320000079,True,9,1,UNSAT,20,Minisat220_DoneNormally_UNSAT,18,59
50cc0f58-93ba-4400-9094-7d04bdd98559,cnf,101,20.0,0.04887535199998183,True,9,1,UNSAT,20,Minisat220_DoneNormally_UNSAT,22,59
0b5263c3-d31c-42a7-8c67-394484ac89a1,cnf,102,20.0,0.049455393000016556,True,9,1,UNSAT,20,Minisat220_DoneNormally_UNSAT,24,60
9ab6eb0c-104e-45d4-b0d5-8004f027b3df,cnf,103,20.0,0.048492502999977205,True,9,1,UNSAT,20,Minisat220_DoneNormally_UNSAT,21,59
7f1f91b1-ce36-42ea-b6c5-7e21f2747586,cnf,104,20.0,0.04964215199998989,True,9,1,UNSAT,20,Minisat220_DoneNormally_UNSAT,17,60
7d8ca247-cf42-4822-956b-8220c30c77a6,cnf,105,20.0,0.04935252200004925,True,9,1,UNSAT,20,Minisat220_DoneNormally_UNSAT,22,60
eeaf5eaa-b7d6-4705-8a54-10ce83b39c2f,cnf,106,20.0,0.05041033299994524,True,9,1,UNSAT,20,Minisat220_DoneNormally_UNSAT,18,61
ba4ccb44-0250-46a9-96cd-b3b3a4d81a05,cnf,107,20.0,0.04875315300000693,True,9,1,UNSAT,20,Minisat220_DoneNormally_UNSAT,19,59
d8fe2b5b-cf03-460a-b1f6-fef8e5e43f6d,cnf,108,20.0,0.049658862000001136,True,9,1,UNSAT,20,Minisat220_DoneNormally_UNSAT,21,60
afa84183-d78e-4a44-814b-4d631dfda4e4,cnf,109,20.0,0.05000831200004541,True,9,1,UNSAT,20,Minisat220_DoneNormally_UNSAT,18,60
cf811544-cce9-4093-a736-8ddd6174bb2b,cnf,110,20.0,0.050032892999979595,True,9,1,UNSAT,20,Minisat220_DoneNormally_UNSAT,21,60
eca7ffb2-7b61-4614-a69c-40992c8c5d13,cnf,111,20.0,0.04882571299998517,True,9,1,UNSAT,20,Minisat220_DoneNormally_UNSAT,20,59
259a161f-59fc-4e69-af1e-8d8bb0b4ffb6,cnf,112,20.0,0.055997472999990805,True,9,1,UNSAT,20,Minisat220_DoneNormally_UNSAT,19,66
eb0d2496-f842-47ec-ace0-4f37777b4e73,cnf,113,20.0,0.04957067300000517,True,9,1,UNSAT,20,Minisat220_DoneNormally_UNSAT,18,60
c5d599a3-9e88-473d-8f51-98aad537b6a3,cnf,114,20.0,0.048916232000010496,True,9,1,UNSAT,20,Minisat220_DoneNormally_UNSAT,20,59
2db027fe-19ba-4ce0-8c8b-8903f6e56bb7,cnf,115,20.0,0.049144923000028484,True,9,1,UNSAT,20,Minisat220_DoneNormally_UNSAT,19,60
f7a99b26-b9d7-4794-92f9-762350b1cc09,cnf,116,20.0,0.049050991999990856,True,9,1,UNSAT,20,Minisat220_DoneNormally_UNSAT,21,59
9795f006-3976-46d8-84eb-3d07ab82e526,cnf,117,20.0,0.051116433000004236,True,9,1,UNSAT,20,Minisat220_DoneNormally_UNSAT,18,62
9ea6debe-d9a9-4562-9c7f-f6a9885c3629,cnf,118,20.0,0.05370410199998332,True,9,1,UNSAT,20,Minisat220_DoneNormally_UNSAT,18,64
e7531466-f337-492a-b866-5a4bedcf8325,cnf,119,20.0,0.050175212999988617,True,9,1,UNSAT,20,Minisat220_DoneNormally_UNSAT,20,61
103016b3-4f10-4409-bffb-093c2ad435de,cnf,120,20.0,0.04892672299996548,True,9,1,UNSAT,20,Minisat220_DoneNormally_UNSAT,21,59
fdd2c648-6246-4b3d-a4c8-0056741fb953,cnf,121,20.0,0.0488838619999683,True,9,1,UNSAT,20,Minisat220_DoneNormally_UNSAT,21,59
49b0251e-6145-4001-97be-0066bd84958b,cnf,122,20.0,0.04866454199998316,True,9,1,UNSAT,20,Minisat220_DoneNormally_UNSAT,22,59
a17b96fd-b55f-400b-b9bc-aedfaba6624f,cnf,123,20.0,0.04911414200000763,True,9,1,UNSAT,20,Minisat220_DoneNormally_UNSAT,21,60
a1f517eb-201f-402e-8594-08c99b87e952,cnf,124,20.0,0.04892881299997498,True,9,1,UNSAT,20,Minisat220_DoneNormally_UNSAT,21,59
d9d5d964-6ca5-437e-b27f-f539458c5dd3,cnf,125,20.0,0.04861161200000197,True,9,1,UNSAT,20,Minisat220_DoneNormally_UNSAT,20,59
518b2648-80a8-43fc-be86-be938542db82,cnf,126,20.0,0.04926482199999782,True,9,1,UNSAT,20,Minisat220_DoneNormally_UNSAT,20,60
af5675b4-d95e-464d-9eaa-f76c64add62f,cnf,127,20.0,0.04983693200000516,True,9,1,UNSAT,20,Minisat220_DoneNormally_UNSAT,21,60
cae8bdf8-a4d3-4997-a19e-0689006cba38,cnf,1,20.0,0.049113503000000946,True,9,1,UNSAT,20,Minisat220_DoneNormally_UNSAT,21,59
06e74808-a0d9-433a-bf97-215663557e12,cnf,2,20.0,0.0485747920000108,True,9,1,UNSAT,20,Minisat220_DoneNormally_UNSAT,20,59
1999c614-7b53-463c-a0c9-33c183308e29,cnf,3,20.0,0.04801948299996184,True,9,1,UNSAT,20,Minisat220_DoneNormally_UNSAT,19,58
59da63f3-a389-468c-9348-9655c34ef15a,cnf,4,20.0,0.050433221999981015,True,9,1,UNSAT,20,Minisat220_DoneNormally_UNSAT,19,60
d4f95b2b-f683-4f25-bad8-ae8d709719f5,cnf,5,20.0,0.04951714300000276,True,9,1,UNSAT,20,Minisat220_DoneNormally_UNSAT,18,60
714dfd2c-e455-47f9-a4ea-1ce09d00c3c5,cnf,6,20.0,0.0504874420000192,True,9,1,UNSAT,20,Minisat220_DoneNormally_UNSAT,23,61
83704dca-7a6a-43b6-a26c-a29bae6910f2,cnf,7,20.0,0.04815281200001209,True,9,1,UNSAT,20,Minisat220_DoneNormally_UNSAT,20,58
21cd2cb0-ad4e-456c-ab01-796659cf4e98,cnf,8,20.0,0.04895763300004319,True,9,1,UNSAT,20,Minisat220_DoneNormally_UNSAT,23,59
60725681-c94c-470e-8db5-1fa8617b8649,cnf,9,20.0,0.04840183200002457,True,9,1,UNSAT,20,Minisat220_DoneNormally_UNSAT,21,58
195d35db-79df-4c4e-a1f8-c7731d1ad229,cnf,10,20.0,0.048709771999995155,True,9,1,UNSAT,20,Minisat220_DoneNormally_UNSAT,22,59
971d53df-334d-4ae5-aeae-ebd5e33b0e7e,cnf,11,20.0,0.04811263300001656,True,9,1,UNSAT,20,Minisat220_DoneNormally_UNSAT,20,58
828ea59a-c2f2-4980-b489-76c054c6d3e4,cnf,12,20.0,0.049444671999992806,True,9,1,UNSAT,20,Minisat220_DoneNormally_UNSAT,24,60
3f3e4a9d-f834-464d-a4dd-475c5414e2ce,cnf,13,20.0,0.05557086200002459,True,9,1,UNSAT,20,Minisat220_DoneNormally_UNSAT,22,66
dd3bb5fa-0623-457f-b934-4505a15bcca3,cnf,14,20.0,0.05047669200001792,True,9,1,UNSAT,20,Minisat220_DoneNormally_UNSAT,22,61
ab17777d-4c53-4031-9dcf-9adc90b259ce,cnf,15,20.0,0.04786640200001102,True,9,1,UNSAT,20,Minisat220_DoneNormally_UNSAT,21,58
61df4270-5083-47ac-983f-2b7bf11769e9,cnf,16,20.0,0.047647391999987576,True,9,1,UNSAT,20,Minisat220_DoneNormally_UNSAT,17,58
0ca7fd84-a56f-4c8f-a680-f3a6bd735a51,cnf,17,20.0,0.04825511300003882,True,9,1,UNSAT,20,Minisat220_DoneNormally_UNSAT,21,58
37723d1d-ad53-4254-88e0-7264e1672872,cnf,18,20.0,0.04809796199998573,True,9,1,UNSAT,20,Minisat220_DoneNormally_UNSAT,18,58
8217e538-6b31-4c52-ac75-d5f5e2498f85,cnf,19,20.0,0.048558361999994304,True,9,1,UNSAT,20,Minisat220_DoneNormally_UNSAT,19,59
22ee1563-1e42-43f1-9928-a5bd73f0750f,cnf,20,20.0,0.04792195200002425,True,9,1,UNSAT,20,Minisat220_DoneNormally_UNSAT,21,58
ba699477-519a-4ae3-8d09-dc7fc071615a,cnf,21,20.0,0.050616272000013396,True,9,1,UNSAT,20,Minisat220_DoneNormally_UNSAT,24,61
ffc21e57-0630-4e09-bada-1fd8b2128030,cnf,22,20.0,0.05112621199998557,True,9,1,UNSAT,20,Minisat220_DoneNormally_UNSAT,25,61
bd70ba98-f3ad-46a3-abbf-a17877207e09,cnf,23,20.0,0.04971756199995525,True,9,1,UNSAT,20,Minisat220_DoneNormally_UNSAT,23,60
56612580-f3dd-4604-afeb-c9f2e9a04a2d,cnf,24,20.0,0.04959302200001048,True,9,1,UNSAT,20,Minisat220_DoneNormally_UNSAT,25,60
6df2c1a7-c7ce-41a1-be71-086832b4a79c,cnf,25,20.0,0.0496255319999932,True,9,1,UNSAT,20,Minisat220_DoneNormally_UNSAT,22,60
515996b7-d0b0-4cfd-ac44-705457972196,cnf,26,20.0,0.04779936299996734,True,9,1,UNSAT,20,Minisat220_DoneNormally_UNSAT,23,58
37315548-437d-4792-bd30-a360c7231c7a,cnf,27,20.0,0.04805500200001234,True,9,1,UNSAT,20,Minisat220_DoneNormally_UNSAT,20,58
3ce992de-e274-4d13-8d1c-5802af21a04e,cnf,28,20.0,0.04848545300001206,True,9,1,UNSAT,20,Minisat220_DoneNormally_UNSAT,19,59
86cd3b09-26c4-4392-8311-5891da45eefb,cnf,29,20.0,0.04848275300003024,True,9,1,UNSAT,20,Minisat220_DoneNormally_UNSAT,20,59
ddd46fe4-1ccb-4ddd-89ca-78e3e7800f75,cnf,30,20.0,0.04956973299999845,True,9,1,UNSAT,20,Minisat220_DoneNormally_UNSAT,20,60
210fde56-1009-4fa2-a959-bdd7b2b4458c,cnf,31,20.0,0.04868144300002086,True,9,1,UNSAT,20,Minisat220_DoneNormally_UNSAT,24,59
80d91e45-1e12-445f-91fb-d66784a4ad62,cnf,32,20.0,0.04834766300001547,True,9,1,UNSAT,20,Minisat220_DoneNormally_UNSAT,20,58
baefa62b-caa4-47ac-b19c-b24837bc397d,cnf,33,20.0,0.04941996200000176,True,9,1,UNSAT,20,Minisat220_DoneNormally_UNSAT,22,60
e26cc980-9251-4e7a-a7fd-1cf98470e841,cnf,34,20.0,0.04910775299998704,True,9,1,UNSAT,20,Minisat220_DoneNormally_UNSAT,20,59
96475495-5c53-4f25-b7f9-72acc954564d,cnf,35,20.0,0.04924580199997308,True,9,1,UNSAT,20,Minisat220_DoneNormally_UNSAT,18,59
62d078a2-2b19-4157-92bf-6e1f0f52403d,cnf,36,20.0,0.0501137319999998,True,9,1,UNSAT,20,Minisat220_DoneNormally_UNSAT,18,60
73f23081-9ff4-4577-891f-183472f57e1f,cnf,37,20.0,0.04886529199995948,True,9,1,UNSAT,20,Minisat220_DoneNormally_UNSAT,22,59
6c9a61e7-9217-44ce-8b84-9b47913dc3b9,cnf,38,20.0,0.04878257199999325,True,9,1,UNSAT,20,Minisat220_DoneNormally_UNSAT,23,59
a86c29ed-de4a-4984-928d-31433d27b1a8,cnf,39,20.0,0.04937609299997803,True,9,1,UNSAT,20,Minisat220_DoneNormally_UNSAT,22,59
1694ca23-4d94-4407-87e7-7fb137af85bb,cnf,40,20.0,0.047928961999957664,True,9,1,UNSAT,20,Minisat220_DoneNormally_UNSAT,20,58
b0db6ab9-10c3-4e90-b28d-66b3b9395dd6,cnf,41,20.0,0.04829319199996007,True,9,1,UNSAT,20,Minisat220_DoneNormally_UNSAT,20,58
4baf3d60-ea97-4a41-b548-f0c12d3c91ff,cnf,42,20.0,0.0506907129999945,True,9,1,UNSAT,20,Minisat220_DoneNormally_UNSAT,21,61
f7be37fe-a38a-4395-b80f-616c646b742b,cnf,43,20.0,0.0507706529999723,True,9,1,UNSAT,20,Minisat220_DoneNormally_UNSAT,20,61
a440353f-9e76-498e-afa0-a6c9f14bdd3e,cnf,44,20.0,0.05284987300001376,True,9,1,UNSAT,20,Minisat220_DoneNormally_UNSAT,23,63
81d3d0bf-e2d6-4fac-b396-c09f67c37347,cnf,45,20.0,0.04859155299999429,True,9,1,UNSAT,20,Minisat220_DoneNormally_UNSAT,23,59
3479ff78-65ed-4148-ab7a-53ce2fd5e580,cnf,46,20.0,0.04855062199999338,True,9,1,UNSAT,20,Minisat220_DoneNormally_UNSAT,18,59
55e855de-ef70-46c2-a4c0-308b816052d0,cnf,47,20.0,0.05407620300002236,True,9,1,UNSAT,20,Minisat220_DoneNormally_UNSAT,23,64
7e7bba60-268e-4a7f-a9de-0147b9158542,cnf,48,20.0,0.051214421999986826,True,9,1,UNSAT,20,Minisat220_DoneNormally_UNSAT,23,61
c38246a3-5e23-4415-b84c-0def36f114d8,cnf,49,20.0,0.04850905299997521,True,9,1,UNSAT,20,Minisat220_DoneNormally_UNSAT,16,59
4724c20f-3278-46d5-a17c-2899e8423577,cnf,50,20.0,0.04862101300000177,True,9,1,UNSAT,20,Minisat220_DoneNormally_UNSAT,18,59
c27b9ade-0e26-42e2-a5e9-43511a0cbe5f,cnf,51,20.0,0.0485755020000056,True,9,1,UNSAT,20,Minisat220_DoneNormally_UNSAT,18,59
ac37cc25-199a-4e2f-a849-4ef5c1c0e51e,cnf,52,20.0,0.0485505219999709,True,9,1,UNSAT,20,Minisat220_DoneNormally_UNSAT,23,59
cbcc6a66-81cd-4caa-9859-9638bdeed0a2,cnf,53,20.0,0.048480152000024646,True,9,1,UNSAT,20,Minisat220_DoneNormally_UNSAT,20,59
71e0fb8f-f595-40ef-9385-223456d27ea2,cnf,54,20.0,0.048183542000003854,True,9,1,UNSAT,20,Minisat220_DoneNormally_UNSAT,20,58
b9c78cba-a8b4-4f9c-9f0a-4adf9807e39e,cnf,55,20.0,0.05523639299997285,True,9,1,UNSAT,20,Minisat220_DoneNormally_UNSAT,20,65
c98b31cf-7dee-45e6-8abe-99637518d3ed,cnf,56,20.0,0.048223032999999305,True,9,1,UNSAT,20,Minisat220_DoneNormally_UNSAT,17,58
2c5539c4-5301-491c-afe4-16c0d44dcfbf,cnf,57,20.0,0.05002222199999551,True,9,1,UNSAT,20,Minisat220_DoneNormally_UNSAT,19,60
648206cc-db9a-4783-9aa8-f8e98fa8c22e,cnf,58,20.0,0.04930864200002816,True,9,1,UNSAT,20,Minisat220_DoneNormally_UNSAT,19,60
9cc0c5da-6e32-41de-b8fb-0075d732fcc4,cnf,59,20.0,0.04872626299999183,True,9,1,UNSAT,20,Minisat220_DoneNormally_UNSAT,21,59
39f98d15-3eae-49d7-8dbf-905d6e3253e5,cnf,60,20.0,0.05055335299999797,True,9,1,UNSAT,20,Minisat220_DoneNormally_UNSAT,21,61
e93a6e18-8f83-42f2-bac6-d5d6f949b42a,cnf,61,20.0,0.04949235199995883,True,9,1,UNSAT,20,Minisat220_DoneNormally_UNSAT,17,60
71decdca-11d5-48c8-876a-5afbaac5f50a,cnf,62,20.0,0.048768831999950635,True,9,1,UNSAT,20,Minisat220_DoneNormally_UNSAT,22,59
d2e89250-ded0-4017-bd76-a7877bc8ff86,cnf,63,20.0,0.0498488120000502,True,9,1,UNSAT,20,Minisat220_DoneNormally_UNSAT,19,60
af3fbbf5-d7f1-4f63-990e-28e243dae12e,cnf,64,20.0,0.048232192000000396,True,9,1,UNSAT,20,Minisat220_DoneNormally_UNSAT,17,58
2dfd01bc-ab5c-43e8-9641-e45ec9f77a88,cnf,65,20.0,0.049941853000007086,True,9,1,UNSAT,20,Minisat220_DoneNormally_UNSAT,23,60
71c02d11-6f36-463f-aa6e-e43044705b1d,cnf,66,20.0,0.0483211719999872,True,9,1,UNSAT,20,Minisat220_DoneNormally_UNSAT,21,58
ae73fdc2-b31a-4678-a975-9f62ee806c4b,cnf,67,20.0,0.04866791199998488,True,9,1,UNSAT,20,Minisat220_DoneNormally_UNSAT,21,59
72f740d4-f228-4e95-8251-6242ff39cdbf,cnf,68,20.0,0.04875811300001942,True,9,1,UNSAT,20,Minisat220_DoneNormally_UNSAT,21,59
38628766-277d-4680-b627-22f98dfa6a0c,cnf,69,20.0,0.05176447299999154,True,9,1,UNSAT,20,Minisat220_DoneNormally_UNSAT,24,62
e7d04356-dcff-46c8-a598-91bc77d267c4,cnf,70,20.0,0.04825567300002831,True,9,1,UNSAT,20,Minisat220_DoneNormally_UNSAT,20,58
af6c3b5d-ab03-47e1-aa74-16ba7f023b2a,cnf,71,20.0,0.04858308199999328,True,9,1,UNSAT,20,Minisat220_DoneNormally_UNSAT,22,59
121c3dd2-4a10-4229-8ef3-344bf4d9f2a7,cnf,72,20.0,0.049254231999952935,True,9,1,UNSAT,20,Minisat220_DoneNormally_UNSAT,22,59
8674517f-7152-44d2-8050-f7e4c3ceaf30,cnf,73,20.0,0.04938869199997953,True,9,1,UNSAT,20,Minisat220_DoneNormally_UNSAT,23,60
a270efde-236f-4761-95a0-5e455eaa8fde,cnf,74,20.0,0.04870224299997972,True,9,1,UNSAT,20,Minisat220_DoneNormally_UNSAT,19,59
64498dd2-f77e-4fbe-a7d9-627250049116,cnf,75,20.0,0.048880821999944146,True,9,1,UNSAT,20,Minisat220_DoneNormally_UNSAT,21,59
da76f52b-f766-4099-8344-d4b1f7d8559a,cnf,76,20.0,0.048341583000024,True,9,1,UNSAT,20,Minisat220_DoneNormally_UNSAT,18,59
bf537d6c-953c-40f2-96f5-a937545d16bf,cnf,77,20.0,0.04880174199996645,True,9,1,UNSAT,20,Minisat220_DoneNormally_UNSAT,18,59
5e47cbda-a0f7-4652-b62c-ba5cc3d168fb,cnf,78,20.0,0.048873872000001484,True,9,1,UNSAT,20,Minisat220_DoneNormally_UNSAT,21,59
42da4847-1c88-4709-8d7d-b371f7783d61,cnf,79,20.0,0.04859145300002865,True,9,1,UNSAT,20,Minisat220_DoneNormally_UNSAT,20,59
0e3c736b-bc74-47d5-b2c8-99ca435af9d2,cnf,80,20.0,0.048611682000000656,True,9,1,UNSAT,20,Minisat220_DoneNormally_UNSAT,22,59
4e7d3577-776e-4cde-b8a5-600f639d4be8,cnf,81,20.0,0.0491336719999822,True,9,1,UNSAT,20,Minisat220_DoneNormally_UNSAT,22,59
7dcd64e0-ab4e-41ab-8e84-c4a64be46ca6,cnf,82,20.0,0.0481927120000023,True,9,1,UNSAT,20,Minisat220_DoneNormally_UNSAT,22,58
027f6e6e-8411-45ff-abe0-12ee5f9a0b33,cnf,83,20.0,0.048678773000006004,True,9,1,UNSAT,20,Minisat220_DoneNormally_UNSAT,22,59
ef8f2555-823b-42e8-bd45-931ad734ffd7,cnf,84,20.0,0.053652373000034004,True,9,1,UNSAT,20,Minisat220_DoneNormally_UNSAT,18,64
257ea20e-3f9e-4c78-b94a-ef7709c89637,cnf,85,20.0,0.04974916300000132,True,9,1,UNSAT,20,Minisat220_DoneNormally_UNSAT,24,60
2d0df532-230b-4424-ac39-9dd5ca7faba9,cnf,86,20.0,0.048560312000006434,True,9,1,UNSAT,20,Minisat220_DoneNormally_UNSAT,24,59
63637525-cec8-4aa9-bbc2-32f1b4a8f958,cnf,87,20.0,0.04946324299999105,True,9,1,UNSAT,20,Minisat220_DoneNormally_UNSAT,22,60
9518738f-f92f-440c-b9bb-435ef606a241,cnf,88,20.0,0.04899071200003391,True,9,1,UNSAT,20,Minisat220_DoneNormally_UNSAT,23,59
355775d4-2a52-4f96-97a1-15fe68fb28bf,cnf,89,20.0,0.048878042000012556,True,9,1,UNSAT,20,Minisat220_DoneNormally_UNSAT,20,59
1edbfa8a-203b-4962-881f-5b84f6660666,cnf,90,20.0,0.04825025200000255,True,9,1,UNSAT,20,Minisat220_DoneNormally_UNSAT,20,59
cec49dc3-9e64-4d55-aad8-fd387d4908da,cnf,91,20.0,0.04838357200003429,True,9,1,UNSAT,20,Minisat220_DoneNormally_UNSAT,19,59
19656b79-9bff-4e26-8fb1-4e0994a42f0b,cnf,92,20.0,0.05786993300000631,True,9,1,UNSAT,20,Minisat220_DoneNormally_UNSAT,21,68
9ae7dd09-8ca0-4db1-bf43-c98009de7578,cnf,93,20.0,0.04855919299996003,True,9,1,UNSAT,20,Minisat220_DoneNormally_UNSAT,23,59
47ce6da5-4854-4281-ad9b-408d87ea12d0,cnf,94,20.0,0.054369343000018944,True,9,1,UNSAT,20,Minisat220_DoneNormally_UNSAT,21,65
21ef72ae-f75c-4652-b4a7-b276165b190a,cnf,95,20.0,0.048931531999983235,True,9,1,UNSAT,20,Minisat220_DoneNormally_UNSAT,20,59
f5ddb2d3-09f0-4b93-8159-e974dc2d69f0,cnf,96,20.0,0.04890347200000633,True,9,1,UNSAT,20,Minisat220_DoneNormally_UNSAT,20,59
77638c1a-d9c9-49ec-a144-3e9c27593c4b,cnf,97,20.0,0.04871677199997748,True,9,1,UNSAT,20,Minisat220_DoneNormally_UNSAT,22,59
55d6d371-1e0e-40b1-9595-13505d4f0506,cnf,98,20.0,0.04844784199997321,True,9,1,UNSAT,20,Minisat220_DoneNormally_UNSAT,19,59
c3a39f62-8f0c-4821-9bac-3ac50f29e578,cnf,99,20.0,0.048792082999966624,True,9,1,UNSAT,20,Minisat220_DoneNormally_UNSAT,21,59
31fe67db-65d3-4f09-b29e-d438f032a0df,cnf,100,20.0,0.04901736200002915,True,9,1,UNSAT,20,Minisat220_DoneNormally_UNSAT,20,59
6346a550-fdcc-46ac-95ea-ca217998203a,cnf,101,20.0,0.052400353000052746,True,9,1,UNSAT,20,Minisat220_DoneNormally_UNSAT,28,63
9532c005-1c62-4a6a-951f-f51aacce570b,cnf,102,20.0,0.04903532200000882,True,9,1,UNSAT,20,Minisat220_DoneNormally_UNSAT,19,59
a1bd4089-14c5-46ba-957b-372ac7e05369,cnf,103,20.0,0.04897805299998481,True,9,1,UNSAT,20,Minisat220_DoneNormally_UNSAT,22,59
e88361dd-fc03-4163-a5ac-b1b2155638ea,cnf,104,20.0,0.049082502000032946,True,9,1,UNSAT,20,Minisat220_DoneNormally_UNSAT,18,59
0b527a2c-3905-4a96-a391-61748d509515,cnf,105,20.0,0.04994256200001246,True,9,1,UNSAT,20,Minisat220_DoneNormally_UNSAT,21,60
6ab00814-eaa6-46e5-b3de-255c2ce7ff3a,cnf,106,20.0,0.051450992000013684,True,9,1,UNSAT,20,Minisat220_DoneNormally_UNSAT,24,62
30fc9326-c9eb-4af0-a661-309e77a8b501,cnf,107,20.0,0.049287583000023005,True,9,1,UNSAT,20,Minisat220_DoneNormally_UNSAT,19,60
45c7ec09-efe7-4d12-a62f-61c2a5137f41,cnf,108,20.0,0.04931041200001118,True,9,1,UNSAT,20,Minisat220_DoneNormally_UNSAT,22,60
8b45389d-b91a-400a-b3a0-5c7310a2a141,cnf,109,20.0,0.04871608199999855,True,9,1,UNSAT,20,Minisat220_DoneNormally_UNSAT,19,59
4d354c9a-3f00-4926-a863-ccbb0aa22323,cnf,110,20.0,0.05010873300000185,True,9,1,UNSAT,20,Minisat220_DoneNormally_UNSAT,19,60
05d28dea-5e6f-417c-ae31-c1cf28fa59be,cnf,111,20.0,0.048797392999972544,True,9,1,UNSAT,20,Minisat220_DoneNormally_UNSAT,23,59
dffd190d-1f3e-445c-a53b-b497af5b57a2,cnf,112,20.0,0.0508433230000378,True,9,1,UNSAT,20,Minisat220_DoneNormally_UNSAT,21,61
ff398675-bd7d-411a-8150-f35cf41d9e47,cnf,113,20.0,0.049394912999957796,True,9,1,UNSAT,20,Minisat220_DoneNormally_UNSAT,19,60
9a4ff21d-6abd-48f1-a62f-087a6567a307,cnf,114,20.0,0.04879926199998863,True,9,1,UNSAT,20,Minisat220_DoneNormally_UNSAT,23,59
e5f84bab-676b-46e8-af76-fe9508928260,cnf,115,20.0,0.049553693000007115,True,9,1,UNSAT,20,Minisat220_DoneNormally_UNSAT,20,60
01933495-dc50-4e10-b343-80de9a00016d,cnf,116,20.0,0.04866579200000842,True,9,1,UNSAT,20,Minisat220_DoneNormally_UNSAT,22,59
1d62d40d-2fb1-40aa-9a0b-722067dc3d38,cnf,117,20.0,0.049476262000041515,True,9,1,UNSAT,20,Minisat220_DoneNormally_UNSAT,20,60
0bbf18eb-a9af-4819-987f-715677f1665d,cnf,118,20.0,0.0491577319999692,True,9,1,UNSAT,20,Minisat220_DoneNormally_UNSAT,20,60
a6b407d7-22ac-4c80-ab1a-dcec7ff9f280,cnf,119,20.0,0.05034568199999967,True,9,1,UNSAT,20,Minisat220_DoneNormally_UNSAT,22,61
fcd73df0-0032-4589-8700-8541c97c41b7,cnf,120,20.0,0.049172203000011905,True,9,1,UNSAT,20,Minisat220_DoneNormally_UNSAT,19,60
9d28f0c9-3bec-4665-9d71-4cd72e984c27,cnf,121,20.0,0.048697791999984474,True,9,1,UNSAT,20,Minisat220_DoneNormally_UNSAT,20,59
9c340e45-3cd0-4980-8b77-60e85787b376,cnf,122,20.0,0.04839352200002622,True,9,1,UNSAT,20,Minisat220_DoneNormally_UNSAT,18,59
ee961523-4e6d-4b12-9524-7fba4f52208f,cnf,123,20.0,0.04933278200002178,True,9,1,UNSAT,20,Minisat220_DoneNormally_UNSAT,22,60
b0bdaa08-602a-4db3-86df-132e6aea58b3,cnf,124,20.0,0.04921127299996897,True,9,1,UNSAT,20,Minisat220_DoneNormally_UNSAT,22,60
aa2da1e1-de6d-4fbd-8c3c-729e1f8d8d8c,cnf,125,20.0,0.049096531999964554,True,9,1,UNSAT,20,Minisat220_DoneNormally_UNSAT,20,59
1b5eb164-2e25-4246-8327-39832c16e856,cnf,126,20.0,0.04917246200000136,True,9,1,UNSAT,20,Minisat220_DoneNormally_UNSAT,19,60
9f346349-cef1-4c35-bb3e-479d58983357,cnf,127,20.0,0.05022023200001513,True,9,1,UNSAT,20,Minisat220_DoneNormally_UNSAT,20,61
db45961f-9569-46d8-ba15-52f247a9b488,cnf,1,20.0,0.048502783000003546,True,9,1,UNSAT,20,Minisat220_DoneNormally_UNSAT,19,59
d7492e49-305e-43a4-ad06-b08845c896a8,cnf,2,20.0,0.04835218200003055,True,9,1,UNSAT,20,Minisat220_DoneNormally_UNSAT,21,58
e3e0cc66-98fa-4c3e-a52d-47e0fbe98b76,cnf,3,20.0,0.048030361999963134,True,9,1,UNSAT,20,Minisat220_DoneNormally_UNSAT,21,58
f59268d5-a45b-45f7-873d-aedb0d58968b,cnf,4,20.0,0.05513841200001934,True,9,1,UNSAT,20,Minisat220_DoneNormally_UNSAT,21,65
342d970f-8a02-41ab-a904-450b84fa47a8,cnf,5,20.0,0.04916254200003323,True,9,1,UNSAT,20,Minisat220_DoneNormally_UNSAT,23,59
1a1cc0dd-7ab4-4953-b738-3a918362ac4e,cnf,6,20.0,0.048519112000008136,True,9,1,UNSAT,20,Minisat220_DoneNormally_UNSAT,25,59
d96f6fb6-7b43-4e1f-9c03-2378f7ebebd7,cnf,7,20.0,0.04802412200001527,True,9,1,UNSAT,20,Minisat220_DoneNormally_UNSAT,21,58
dbc7a102-400d-481e-a905-0de8c7cdfd2f,cnf,8,20.0,0.04876231299999745,True,9,1,UNSAT,20,Minisat220_DoneNormally_UNSAT,21,59
8bfa2f3b-5d37-48c9-826e-7b914bc7e329,cnf,9,20.0,0.04844588200000999,True,9,1,UNSAT,20,Minisat220_DoneNormally_UNSAT,19,58
b3ec613e-72eb-4fbd-8394-958f8dfd07f5,cnf,10,20.0,0.048224631999971734,True,9,1,UNSAT,20,Minisat220_DoneNormally_UNSAT,20,58
4250bb84-9be8-44c9-b0d0-9b1990f9f274,cnf,11,20.0,0.048183182999991914,True,9,1,UNSAT,20,Minisat220_DoneNormally_UNSAT,20,58
c0b4bb92-c5f8-4528-9f85-c4c30af01677,cnf,12,20.0,0.048693421999985276,True,9,1,UNSAT,20,Minisat220_DoneNormally_UNSAT,20,59
b96b039e-aabf-4f7a-aaca-721bb999cc00,cnf,13,20.0,0.0553478630000086,True,9,1,UNSAT,20,Minisat220_DoneNormally_UNSAT,22,65
138c1593-8788-4d76-a686-a0de1951193a,cnf,14,20.0,0.04862111200003483,True,9,1,UNSAT,20,Minisat220_DoneNormally_UNSAT,22,59
b973ea88-8bd2-4873-b4ee-92fb5334c182,cnf,15,20.0,0.04792327199999136,True,9,1,UNSAT,20,Minisat220_DoneNormally_UNSAT,20,58
07a50364-df53-4ea6-9b11-0928d15e294d,cnf,16,20.0,0.047517131999995854,True,9,1,UNSAT,20,Minisat220_DoneNormally_UNSAT,21,58
d6c9f90b-31d8-4471-ad2e-50e8b23370d1,cnf,17,20.0,0.04846876300001668,True,9,1,UNSAT,20,Minisat220_DoneNormally_UNSAT,18,59
39ef5eb6-a7ec-4d45-99f6-45bb2cf0b110,cnf,18,20.0,0.047770652000053815,True,9,1,UNSAT,20,Minisat220_DoneNormally_UNSAT,20,58
e351f719-57ba-4d5e-a1c1-55462bc133b2,cnf,19,20.0,0.04862178199999789,True,9,1,UNSAT,20,Minisat220_DoneNormally_UNSAT,21,59
ba065d4d-98d7-454a-8840-35e2207795d4,cnf,20,20.0,0.048133591999999226,True,9,1,UNSAT,20,Minisat220_DoneNormally_UNSAT,17,58
dbbfb55d-07c9-4c04-86cd-cd4aae31168c,cnf,21,20.0,0.050245442000004914,True,9,1,UNSAT,20,Minisat220_DoneNormally_UNSAT,21,60
023171a0-3580-45ee-8ad1-9e7c95ab82ff,cnf,22,20.0,0.048585381999998845,True,9,1,UNSAT,20,Minisat220_DoneNormally_UNSAT,26,59
ef6a6788-a958-483d-b18e-50c577cfef61,cnf,23,20.0,0.049047882000024856,True,9,1,UNSAT,20,Minisat220_DoneNormally_UNSAT,19,59
10b2262d-b055-4828-8562-7d9b621d4175,cnf,24,20.0,0.048591721999969195,True,9,1,UNSAT,20,Minisat220_DoneNormally_UNSAT,21,59
4a7817b8-5bc0-42fa-b9cf-32b53d47c53b,cnf,25,20.0,0.04929641199998969,True,9,1,UNSAT,20,Minisat220_DoneNormally_UNSAT,19,59
ec674de8-0d7b-47a0-a2b8-d0ded917ff5a,cnf,26,20.0,0.04815084200004094,True,9,1,UNSAT,20,Minisat220_DoneNormally_UNSAT,22,58
9615b832-b5c5-40d8-9fb8-17e93e4fd185,cnf,27,20.0,0.048006732000033026,True,9,1,UNSAT,20,Minisat220_DoneNormally_UNSAT,21,58
5cff0a87-999c-4c15-b623-9153a0aae09f,cnf,28,20.0,0.04883020299996588,True,9,1,UNSAT,20,Minisat220_DoneNormally_UNSAT,22,59
d21b7372-a452-46a3-8a4b-77d1ff38bfb4,cnf,29,20.0,0.048465652999993836,True,9,1,UNSAT,20,Minisat220_DoneNormally_UNSAT,20,59
bb969ecf-6183-4f13-8897-f976100c9efe,cnf,30,20.0,0.04909178200000497,True,9,1,UNSAT,20,Minisat220_DoneNormally_UNSAT,23,59
f66a0952-e9ab-4f42-8c48-a7c18309deea,cnf,31,20.0,0.04883336299997154,True,9,1,UNSAT,20,Minisat220_DoneNormally_UNSAT,19,59
7b42cc5d-ed65-4fa1-b899-0530fe96f43e,cnf,32,20.0,0.048535981999975775,True,9,1,UNSAT,20,Minisat220_DoneNormally_UNSAT,22,59
83b9f220-eec5-4c30-bed5-e876e0261c84,cnf,33,20.0,0.04982868199999757,True,9,1,UNSAT,20,Minisat220_DoneNormally_UNSAT,22,60
ec47ad18-e94d-49d2-a744-4fd281ad4c3c,cnf,34,20.0,0.04992754300002389,True,9,1,UNSAT,20,Minisat220_DoneNormally_UNSAT,20,60
12adfc80-44dc-4871-9d51-ca141c17288f,cnf,35,20.0,0.04943321199999673,True,9,1,UNSAT,20,Minisat220_DoneNormally_UNSAT,21,60
534c1a8e-e43a-42db-896f-8c3b5dd82bbe,cnf,36,20.0,0.050120991999961007,True,9,1,UNSAT,20,Minisat220_DoneNormally_UNSAT,18,60
74cd6ffd-3de7-4baf-b6b0-c54036e5a557,cnf,37,20.0,0.04844637200000079,True,9,1,UNSAT,20,Minisat220_DoneNormally_UNSAT,18,59
ef255468-c4d3-46a9-a8da-26fff518b060,cnf,38,20.0,0.04882071199995153,True,9,1,UNSAT,20,Minisat220_DoneNormally_UNSAT,21,59
682050fb-7aee-467c-958b-bbe1e5b96649,cnf,39,20.0,0.04871823199999881,True,9,1,UNSAT,20,Minisat220_DoneNormally_UNSAT,18,59
82692bed-4ca7-4815-b984-0d61e6189008,cnf,40,20.0,0.048240821999968375,True,9,1,UNSAT,20,Minisat220_DoneNormally_UNSAT,22,58
e6fe364f-bd28-4bcf-9b46-fa8d9ed17c60,cnf,41,20.0,0.04768645199999355,True,9,1,UNSAT,20,Minisat220_DoneNormally_UNSAT,20,58
d82f71a8-b983-4335-aea8-d8a4f5b28404,cnf,42,20.0,0.050452901999960886,True,9,1,UNSAT,20,Minisat220_DoneNormally_UNSAT,20,61
a419786a-bcb6-4f64-a1df-286611c8147e,cnf,43,20.0,0.04977825200001007,True,9,1,UNSAT,20,Minisat220_DoneNormally_UNSAT,21,60
7b0306df-eeaf-4f9f-9810-055c0667e234,cnf,44,20.0,0.048965103000000454,True,9,1,UNSAT,20,Minisat220_DoneNormally_UNSAT,20,59
c684c48a-1a75-403b-8811-b9489786377f,cnf,45,20.0,0.04904797300002883,True,9,1,UNSAT,20,Minisat220_DoneNormally_UNSAT,21,59
c9f78985-de7d-4acc-a4f1-7afdf3120bdb,cnf,46,20.0,0.048550452000029054,True,9,1,UNSAT,20,Minisat220_DoneNormally_UNSAT,19,59
38879602-c0eb-48ff-a368-362964335015,cnf,47,20.0,0.04918467199996712,True,9,1,UNSAT,20,Minisat220_DoneNormally_UNSAT,24,59
f735d2e3-c822-48d7-beb2-b388327aef06,cnf,48,20.0,0.05102044299997033,True,9,1,UNSAT,20,Minisat220_DoneNormally_UNSAT,26,61
2e106cdb-733e-41dd-92e3-e22af8314a33,cnf,49,20.0,0.0485204729999964,True,9,1,UNSAT,20,Minisat220_DoneNormally_UNSAT,21,59
835f8162-eee4-422a-bca3-76f21fe724b7,cnf,50,20.0,0.049213623000014195,True,9,1,UNSAT,20,Minisat220_DoneNormally_UNSAT,19,59
bd515bc3-8738-4500-adfc-fb2247108e21,cnf,51,20.0,0.05216483200001676,True,9,1,UNSAT,20,Minisat220_DoneNormally_UNSAT,21,62
47128d73-09dd-44b0-8ad2-8ebb9922cfcf,cnf,52,20.0,0.04823858200001041,True,9,1,UNSAT,20,Minisat220_DoneNormally_UNSAT,22,58
c1539e8f-0ff0-401b-9db0-b91ac900994e,cnf,53,20.0,0.04818655200000421,True,9,1,UNSAT,20,Minisat220_DoneNormally_UNSAT,21,58
324eba0e-e0f0-450b-8c67-4ae55fa42f22,cnf,54,20.0,0.04793412200001512,True,9,1,UNSAT,20,Minisat220_DoneNormally_UNSAT,23,58
1263dd97-5a12-4174-b20c-851b4d00cdd7,cnf,55,20.0,0.049436261999971975,True,9,1,UNSAT,20,Minisat220_DoneNormally_UNSAT,24,60
1cde7241-160d-47dc-b2d2-0fe669d484f7,cnf,56,20.0,0.04784143199998425,True,9,1,UNSAT,20,Minisat220_DoneNormally_UNSAT,18,58
418bf85c-ba64-4097-b938-923371bded8f,cnf,57,20.0,0.04973555200001556,True,9,1,UNSAT,20,Minisat220_DoneNormally_UNSAT,21,60
736e53af-cfd5-453e-ae66-8e48b2eefe71,cnf,58,20.0,0.05354682300003333,True,9,1,UNSAT,20,Minisat220_DoneNormally_UNSAT,21,64
0dc977d6-089e-4cd5-83f1-a9716443b7f9,cnf,59,20.0,0.04896393299998181,True,9,1,UNSAT,20,Minisat220_DoneNormally_UNSAT,22,59
4600cf82-b5a3-412b-b600-5f5b95dabb0a,cnf,60,20.0,0.04930598199996439,True,9,1,UNSAT,20,Minisat220_DoneNormally_UNSAT,22,59
25b512e8-6a4a-4b90-838b-f8adfc61b93b,cnf,61,20.0,0.05249706199998627,True,9,1,UNSAT,20,Minisat220_DoneNormally_UNSAT,22,63
9c5fe3d6-40f4-4514-a3bf-c7377f1d2ea8,cnf,62,20.0,0.05266669200000251,True,9,1,UNSAT,20,Minisat220_DoneNormally_UNSAT,23,63
04325c48-a127-4b24-92c9-ea51aa98e366,cnf,63,20.0,0.04943236200000456,True,9,1,UNSAT,20,Minisat220_DoneNormally_UNSAT,23,60
407b6774-3f0b-4749-a757-8ab37484e79b,cnf,64,20.0,0.04836950200001411,True,9,1,UNSAT,20,Minisat220_DoneNormally_UNSAT,20,59
eebf11f7-1478-4300-80a3-4949599dfbbb,cnf,65,20.0,0.049754952000000685,True,9,1,UNSAT,20,Minisat220_DoneNormally_UNSAT,16,60
89b2bb99-8ff0-49f1-a1b6-c7cdabd5e57d,cnf,66,20.0,0.048393442000019604,True,9,1,UNSAT,20,Minisat220_DoneNormally_UNSAT,21,59
74d93668-d119-410b-b7e1-b0216a49b75f,cnf,67,20.0,0.048733351999999286,True,9,1,UNSAT,20,Minisat220_DoneNormally_UNSAT,18,59
0bc29bdf-4c8f-4dff-85ec-d14a497a9661,cnf,68,20.0,0.04937406300001612,True,9,1,UNSAT,20,Minisat220_DoneNormally_UNSAT,22,59
0ada227d-4afa-4b49-bf4e-0272dd18df5d,cnf,69,20.0,0.05122203199999831,True,9,1,UNSAT,20,Minisat220_DoneNormally_UNSAT,21,61
3951784b-c1cd-4436-af58-0dfa87be7cd4,cnf,70,20.0,0.04997505299996874,True,9,1,UNSAT,20,Minisat220_DoneNormally_UNSAT,19,60
e6ab570a-c2de-44f8-9b73-5c92753b1a8e,cnf,71,20.0,0.04803744199995208,True,9,1,UNSAT,20,Minisat220_DoneNormally_UNSAT,22,58
99c12f11-aa7f-408e-802a-90e7574f8345,cnf,72,20.0,0.04886097199999995,True,9,1,UNSAT,20,Minisat220_DoneNormally_UNSAT,22,59
efed92e6-c4cc-4e1d-ad3d-c899c137c741,cnf,73,20.0,0.05245613199997479,True,9,1,UNSAT,20,Minisat220_DoneNormally_UNSAT,22,63
5b98fc2d-fea6-46e9-bcbe-6aa6a58d549e,cnf,74,20.0,0.048496742999986964,True,9,1,UNSAT,20,Minisat220_DoneNormally_UNSAT,22,59
5ee8b741-5e34-46fe-b3e8-3bceda161cb5,cnf,75,20.0,0.050295971999958056,True,9,1,UNSAT,20,Minisat220_DoneNormally_UNSAT,20,61
f5295ec5-2635-4200-92c2-e5c1b6cafef2,cnf,76,20.0,0.04896744199999148,True,9,1,UNSAT,20,Minisat220_DoneNormally_UNSAT,23,59
8f97d112-c741-484f-afdb-82d9e9d3f381,cnf,77,20.0,0.04917179199998145,True,9,1,UNSAT,20,Minisat220_DoneNormally_UNSAT,18,59
6795a907-f093-4469-9806-d19cb8508cd2,cnf,78,20.0,0.04954724200001692,True,9,1,UNSAT,20,Minisat220_DoneNormally_UNSAT,18,60
3bd0a156-e7ff-4365-9efa-048055154141,cnf,79,20.0,0.048648323000008986,True,9,1,UNSAT,20,Minisat220_DoneNormally_UNSAT,18,59
42ba2d50-103e-4452-9c48-8146b4751d6a,cnf,80,20.0,0.048619031999976414,True,9,1,UNSAT,20,Minisat220_DoneNormally_UNSAT,20,59
9ccf7f2b-93ce-4fb3-b191-23f821eb755a,cnf,81,20.0,0.04914778199997727,True,9,1,UNSAT,20,Minisat220_DoneNormally_UNSAT,19,59
fc8ebf8a-a13a-4da8-a18e-ac86e0febc01,cnf,82,20.0,0.05458480200002214,True,9,1,UNSAT,20,Minisat220_DoneNormally_UNSAT,23,65
3ea6cf0f-723b-41ad-831b-6f8bdd1dce0d,cnf,83,20.0,0.04846548300002951,True,9,1,UNSAT,20,Minisat220_DoneNormally_UNSAT,21,59
2f274883-8e36-4a7a-be1a-20234766ba9d,cnf,84,20.0,0.05012408200002483,True,9,1,UNSAT,20,Minisat220_DoneNormally_UNSAT,25,60
02864558-eac6-4ad6-862c-936183135802,cnf,85,20.0,0.04792278299998998,True,9,1,UNSAT,20,Minisat220_DoneNormally_UNSAT,17,58
7935d1ac-5542-482f-9e11-a3ea6864ebd3,cnf,86,20.0,0.048858922000022176,True,9,1,UNSAT,20,Minisat220_DoneNormally_UNSAT,17,59
65987310-38e9-4fbb-a865-17f03e0db085,cnf,87,20.0,0.0499683030000142,True,9,1,UNSAT,20,Minisat220_DoneNormally_UNSAT,22,60
d6c43d50-ac49-499f-971d-8a2561d89779,cnf,88,20.0,0.0492459120000035,True,9,1,UNSAT,20,Minisat220_DoneNormally_UNSAT,21,60
a60b4664-cd63-4bd7-ae4c-99fd43efe350,cnf,89,20.0,0.049202101999981096,True,9,1,UNSAT,20,Minisat220_DoneNormally_UNSAT,20,59
eee0b773-38ad-4771-8b14-1277be415afb,cnf,90,20.0,0.04852713199994696,True,9,1,UNSAT,20,Minisat220_DoneNormally_UNSAT,21,59
bdef0f77-be77-422b-848d-0b15ddff3824,cnf,91,20.0,0.04906943200001024,True,9,1,UNSAT,20,Minisat220_DoneNormally_UNSAT,17,59
0f08a48e-91a1-4514-a7a5-e94e8e88df1a,cnf,92,20.0,0.05065354200002048,True,9,1,UNSAT,20,Minisat220_DoneNormally_UNSAT,19,61
81a1d216-0ce3-4783-a0eb-66494cf07159,cnf,93,20.0,0.05427756300002784,True,9,1,UNSAT,20,Minisat220_DoneNormally_UNSAT,18,65
a8971dde-1fce-4e7d-844e-3ca6d78424df,cnf,94,20.0,0.056176363000020046,True,9,1,UNSAT,20,Minisat220_DoneNormally_UNSAT,22,66
a5c850b9-e768-4398-9e8d-ddcddab91971,cnf,95,20.0,0.049154221999970105,True,9,1,UNSAT,20,Minisat220_DoneNormally_UNSAT,20,59
811d31f1-155d-472b-b0eb-27f53ff1a109,cnf,96,20.0,0.048735092000015356,True,9,1,UNSAT,20,Minisat220_DoneNormally_UNSAT,20,59
11367448-1fad-4911-8f61-de80363e745b,cnf,97,20.0,0.04929853200002299,True,9,1,UNSAT,20,Minisat220_DoneNormally_UNSAT,19,60
277b98f8-f882-4879-88bd-8973d71fa2b3,cnf,98,20.0,0.049076292999984616,True,9,1,UNSAT,20,Minisat220_DoneNormally_UNSAT,18,59
4df5eec4-b98e-440e-a78c-7b38e710ec90,cnf,99,20.0,0.049043482999991284,True,9,1,UNSAT,20,Minisat220_DoneNormally_UNSAT,21,59
98f4afc5-ecae-4500-b72e-1595e1ac53f6,cnf,100,20.0,0.048830752000014854,True,9,1,UNSAT,20,Minisat220_DoneNormally_UNSAT,20,59
c9ae2a73-6468-4bc8-b402-8466a7d97506,cnf,101,20.0,0.04871237200001133,True,9,1,UNSAT,20,Minisat220_DoneNormally_UNSAT,23,59
3d9f0e41-8c0f-44a8-9bfc-2d3ad7d23f5c,cnf,102,20.0,0.049045932000012726,True,9,1,UNSAT,20,Minisat220_DoneNormally_UNSAT,20,59
91d42720-cfe3-4cc7-87f8-21680a76b61b,cnf,103,20.0,0.04888416300002518,True,9,1,UNSAT,20,Minisat220_DoneNormally_UNSAT,21,59
10651394-3f0c-4db0-9953-1cb51b31651a,cnf,104,20.0,0.04922804199998154,True,9,1,UNSAT,20,Minisat220_DoneNormally_UNSAT,20,60
afc76911-266e-4342-b405-4ad604511907,cnf,105,20.0,0.04921489200000906,True,9,1,UNSAT,20,Minisat220_DoneNormally_UNSAT,22,60
d044badf-eb7e-4942-be44-9bd07b55ce09,cnf,106,20.0,0.05012256200001275,True,9,1,UNSAT,20,Minisat220_DoneNormally_UNSAT,20,60
e1ba7b30-9714-44d7-8710-fe62720a105c,cnf,107,20.0,0.04901572299996815,True,9,1,UNSAT,20,Minisat220_DoneNormally_UNSAT,16,59
22f5e96f-9b45-4410-bacc-7e7002a38909,cnf,108,20.0,0.04873225200003617,True,9,1,UNSAT,20,Minisat220_DoneNormally_UNSAT,20,59
8da2e295-12bf-4d93-9597-7e354d73cc5f,cnf,109,20.0,0.04991024200000993,True,9,1,UNSAT,20,Minisat220_DoneNormally_UNSAT,22,60
00556e43-a27d-4875-b6de-4ae233af7f61,cnf,110,20.0,0.049583022000035726,True,9,1,UNSAT,20,Minisat220_DoneNormally_UNSAT,22,60
3196c889-562e-429e-8ce8-820d6fd96b6d,cnf,111,20.0,0.048340332999998736,True,9,1,UNSAT,20,Minisat220_DoneNormally_UNSAT,21,59
96a65e9a-2f9a-4d7d-8ab8-4145da596dd8,cnf,112,20.0,0.05317922199998293,True,9,1,UNSAT,20,Minisat220_DoneNormally_UNSAT,19,64
62535aa9-abe6-4bd4-9e1e-99760d1b70cd,cnf,113,20.0,0.04830142299999807,True,9,1,UNSAT,20,Minisat220_DoneNormally_UNSAT,23,59
8a9ba9cc-097d-4bd1-88b2-3c62637adf83,cnf,114,20.0,0.049015252000003784,True,9,1,UNSAT,20,Minisat220_DoneNormally_UNSAT,20,59
68c83db8-1252-489d-8cf2-b5c943eccc23,cnf,115,20.0,0.048895303000051626,True,9,1,UNSAT,20,Minisat220_DoneNormally_UNSAT,20,59
cfe5554f-f84e-4282-aefc-bc4c35c47c22,cnf,116,20.0,0.04940414200001442,True,9,1,UNSAT,20,Minisat220_DoneNormally_UNSAT,19,60
f5a63f6c-1173-40b3-a3b5-6161a7bfefe4,cnf,117,20.0,0.0500620419999791,True,9,1,UNSAT,20,Minisat220_DoneNormally_UNSAT,20,61
98cfef1b-14b8-48f2-8928-bbd3718173aa,cnf,118,20.0,0.049448572000017066,True,9,1,UNSAT,20,Minisat220_DoneNormally_UNSAT,22,60
8f63daa5-8d54-4312-aeaa-df0bbee21e64,cnf,119,20.0,0.05007090200001585,True,9,1,UNSAT,20,Minisat220_DoneNormally_UNSAT,19,60
014adf03-e05f-47b3-81af-9e889dc52d3d,cnf,120,20.0,0.04917112300000781,True,9,1,UNSAT,20,Minisat220_DoneNormally_UNSAT,20,60
91870e6b-0a04-4078-b79a-b4b3d6afcb64,cnf,121,20.0,0.04956582200003368,True,9,1,UNSAT,20,Minisat220_DoneNormally_UNSAT,22,60
67e88d0c-0f0f-49e9-93bb-35c768a8748e,cnf,122,20.0,0.048504392999973334,True,9,1,UNSAT,20,Minisat220_DoneNormally_UNSAT,16,59
f53dc8bf-b31f-4bf7-b214-bbc0f057eb33,cnf,123,20.0,0.049327761999961695,True,9,1,UNSAT,20,Minisat220_DoneNormally_UNSAT,21,60
5d0fb427-58b9-4d4c-af6c-03e6c3a08c77,cnf,124,20.0,0.0490912530000287,True,9,1,UNSAT,20,Minisat220_DoneNormally_UNSAT,20,59
95d20658-97d1-4fcb-8c9c-108f35423d5c,cnf,125,20.0,0.04887329199999613,True,9,1,UNSAT,20,Minisat220_DoneNormally_UNSAT,22,59
42218747-3ef7-4389-ae04-a846fbc34f19,cnf,126,20.0,0.048826901999973416,True,9,1,UNSAT,20,Minisat220_DoneNormally_UNSAT,19,59
2be8fb33-1bdc-4e37-8efc-34e04580ea79,cnf,127,20.0,0.04978358199997501,True,9,1,UNSAT,20,Minisat220_DoneNormally_UNSAT,20,60
42732968-f43e-4cc3-af86-58561c7312cd,cnf,1,20.0,0.04890929300000835,True,9,1,UNSAT,20,Minisat220_DoneNormally_UNSAT,22,59
1d9add29-57cb-4fea-b792-9252d5788a54,cnf,2,20.0,0.049205652000011924,True,9,1,UNSAT,20,Minisat220_DoneNormally_UNSAT,20,59
5c130bd0-1ce8-4f6e-a2a9-3fdae774b4af,cnf,3,20.0,0.04807665300000963,True,9,1,UNSAT,20,Minisat220_DoneNormally_UNSAT,22,58
3d51695b-8412-43dd-87c0-971b973da288,cnf,4,20.0,0.04808339200002365,True,9,1,UNSAT,20,Minisat220_DoneNormally_UNSAT,22,58
3f720076-2249-4eb9-9ecb-eab347b249c6,cnf,5,20.0,0.048787641999979314,True,9,1,UNSAT,20,Minisat220_DoneNormally_UNSAT,19,59
bd849093-c817-4c9e-b7e1-c8170dce34c3,cnf,6,20.0,0.04812269199999264,True,9,1,UNSAT,20,Minisat220_DoneNormally_UNSAT,20,58
20097788-b2df-4745-99dd-62cd32d44b8e,cnf,7,20.0,0.0480239519999941,True,9,1,UNSAT,20,Minisat220_DoneNormally_UNSAT,19,58
d24b819c-90eb-4511-90f7-36cc4fa289f2,cnf,8,20.0,0.04858858299996882,True,9,1,UNSAT,20,Minisat220_DoneNormally_UNSAT,22,59
f9d85f86-6497-4946-b453-385ac29331d5,cnf,9,20.0,0.04855307200000425,True,9,1,UNSAT,20,Minisat220_DoneNormally_UNSAT,22,59
d211e71c-7b00-4cd8-b9e6-7643c4b8264e,cnf,10,20.0,0.04824527199997419,True,9,1,UNSAT,20,Minisat220_DoneNormally_UNSAT,19,58
fdebb557-4562-4697-97bf-b8489a6e4280,cnf,11,20.0,0.048036113000023306,True,9,1,UNSAT,20,Minisat220_DoneNormally_UNSAT,20,58
8a5ee9ba-9771-40a5-8a60-027d9128fe0c,cnf,12,20.0,0.04829195199999958,True,9,1,UNSAT,20,Minisat220_DoneNormally_UNSAT,19,58
d700a0db-d512-4a3d-b351-266aebac9a98,cnf,13,20.0,0.04903157300003613,True,9,1,UNSAT,20,Minisat220_DoneNormally_UNSAT,21,59
66daff60-5836-411b-a3cb-899e5a19fe0d,cnf,14,20.0,0.04843981200002645,True,9,1,UNSAT,20,Minisat220_DoneNormally_UNSAT,20,59
5bde1e2c-8305-466d-b123-378541dde9c3,cnf,15,20.0,0.04817480200000546,True,9,1,UNSAT,20,Minisat220_DoneNormally_UNSAT,22,58
fdf719f3-a4be-4303-a28a-1b60843d75c8,cnf,16,20.0,0.04821467199997187,True,9,1,UNSAT,20,Minisat220_DoneNormally_UNSAT,20,58
1c4bab48-529a-4004-ab16-a0f193aac84a,cnf,17,20.0,0.048165682999979254,True,9,1,UNSAT,20,Minisat220_DoneNormally_UNSAT,22,58
acfa88aa-4bcd-4951-a5fc-33fa499e6ded,cnf,18,20.0,0.0475724220000302,True,9,1,UNSAT,20,Minisat220_DoneNormally_UNSAT,16,58
14df1483-ebd5-4d16-972e-570dff4e295d,cnf,19,20.0,0.04838068200001544,True,9,1,UNSAT,20,Minisat220_DoneNormally_UNSAT,19,58
be191ae2-42a0-4234-a52d-52c79189585c,cnf,20,20.0,0.04834161200000153,True,9,1,UNSAT,20,Minisat220_DoneNormally_UNSAT,20,58
6dcc44c9-c450-43fc-8a76-393e47d2f938,cnf,21,20.0,0.05170579299999645,True,9,1,UNSAT,20,Minisat220_DoneNormally_UNSAT,26,62
d52116fc-917c-40fd-9686-734311639445,cnf,22,20.0,0.04797206199998527,True,9,1,UNSAT,20,Minisat220_DoneNormally_UNSAT,22,58
f4a72d7a-e58e-453a-bfa7-1eca88ff34a5,cnf,23,20.0,0.049517691999994895,True,9,1,UNSAT,20,Minisat220_DoneNormally_UNSAT,20,60
f286d283-daba-4545-a1b0-824dda132038,cnf,24,20.0,0.04837417200002392,True,9,1,UNSAT,20,Minisat220_DoneNormally_UNSAT,20,58
058700c7-797a-4164-9223-3552066c4b66,cnf,25,20.0,0.048883842999998706,True,9,1,UNSAT,20,Minisat220_DoneNormally_UNSAT,20,59
a8edf0da-6de7-4f7e-8fc7-139ee671478d,cnf,26,20.0,0.04808739200001355,True,9,1,UNSAT,20,Minisat220_DoneNormally_UNSAT,20,58
4c6f0638-a37a-4110-b14f-9d9479e07cd8,cnf,27,20.0,0.048049852000019655,True,9,1,UNSAT,20,Minisat220_DoneNormally_UNSAT,21,58
4c9b6008-3464-476e-9b14-ce0b39260675,cnf,28,20.0,0.04868000299995856,True,9,1,UNSAT,20,Minisat220_DoneNormally_UNSAT,21,59
1c62b25a-f885-4a81-89a2-78d7217e3dc6,cnf,29,20.0,0.04845733299998756,True,9,1,UNSAT,20,Minisat220_DoneNormally_UNSAT,23,59
77f25a5b-9383-4fe6-b9a9-c76f96914a2a,cnf,30,20.0,0.048928721999971,True,9,1,UNSAT,20,Minisat220_DoneNormally_UNSAT,21,59
620efa7c-2d1e-4f05-aebe-1572b3609aa6,cnf,31,20.0,0.04856698300000062,True,9,1,UNSAT,20,Minisat220_DoneNormally_UNSAT,18,59
4521fcf8-4888-4dff-9e21-4046b1827c72,cnf,32,20.0,0.04820140200001788,True,9,1,UNSAT,20,Minisat220_DoneNormally_UNSAT,21,58
c08b36dc-ab31-4a4f-a1cc-4a1b37701ebc,cnf,33,20.0,0.04971860199998446,True,9,1,UNSAT,20,Minisat220_DoneNormally_UNSAT,19,60
e5917f60-cf7c-4028-881c-48125ed88e77,cnf,34,20.0,0.04930921199996874,True,9,1,UNSAT,20,Minisat220_DoneNormally_UNSAT,18,59
d0b8b9b5-f54a-434b-b114-55219e92066a,cnf,35,20.0,0.04878000200000088,True,9,1,UNSAT,20,Minisat220_DoneNormally_UNSAT,21,59
e4ca6be9-14f4-47e5-b921-78bb1e69bdb8,cnf,36,20.0,0.05546494199995777,True,9,1,UNSAT,20,Minisat220_DoneNormally_UNSAT,19,66
4040bf32-5a93-47f4-91ff-9e17ac6b7788,cnf,37,20.0,0.04827152199999318,True,9,1,UNSAT,20,Minisat220_DoneNormally_UNSAT,20,58
734c7b96-bed5-4e53-b76d-a1331f18b79d,cnf,38,20.0,0.04962587200003554,True,9,1,UNSAT,20,Minisat220_DoneNormally_UNSAT,18,60
a83a9868-7653-483a-a652-c4007600140c,cnf,39,20.0,0.04840571199997612,True,9,1,UNSAT,20,Minisat220_DoneNormally_UNSAT,21,59
ca9d91a1-63f2-47aa-b9af-4f20bb140ec8,cnf,40,20.0,0.04792627199998378,True,9,1,UNSAT,20,Minisat220_DoneNormally_UNSAT,21,58
05fae7d0-2a05-4be7-8b36-0c860f6b33b7,cnf,41,20.0,0.048817152000026454,True,9,1,UNSAT,20,Minisat220_DoneNormally_UNSAT,21,59
33149c8c-623b-4bb0-ad09-03664bf75c44,cnf,42,20.0,0.048509211999999025,True,9,1,UNSAT,20,Minisat220_DoneNormally_UNSAT,20,59
a567a92a-cd01-48c0-a54b-11fe0db8c5d8,cnf,43,20.0,0.04765469300002678,True,9,1,UNSAT,20,Minisat220_DoneNormally_UNSAT,20,58
01d5263f-71af-4381-8299-39c7a145128c,cnf,44,20.0,0.04902791299997489,True,9,1,UNSAT,20,Minisat220_DoneNormally_UNSAT,19,59
84dc0cef-27c5-4765-92c4-8873c11e00cd,cnf,45,20.0,0.04845448300000044,True,9,1,UNSAT,20,Minisat220_DoneNormally_UNSAT,17,59
8b194b9b-6ac4-42b3-930f-284e294f54e1,cnf,46,20.0,0.05062789199996587,True,9,1,UNSAT,20,Minisat220_DoneNormally_UNSAT,20,61
ebffeb45-d671-40e2-a3b5-2b40d98d7ffc,cnf,47,20.0,0.05349105300001611,True,9,1,UNSAT,20,Minisat220_DoneNormally_UNSAT,25,64
d89ad83f-e146-4ea7-84f7-46bfd03ef94f,cnf,48,20.0,0.04954616200001283,True,9,1,UNSAT,20,Minisat220_DoneNormally_UNSAT,21,60
581cabd6-a494-46dc-9916-d4efe2671146,cnf,49,20.0,0.047890993000009985,True,9,1,UNSAT,20,Minisat220_DoneNormally_UNSAT,21,58
9f480eea-7483-4374-972c-90fbce35f4d3,cnf,50,20.0,0.04873326299997416,True,9,1,UNSAT,20,Minisat220_DoneNormally_UNSAT,18,59
0fcfeda4-9666-4417-9930-eb1651018ede,cnf,51,20.0,0.04824663199997303,True,9,1,UNSAT,20,Minisat220_DoneNormally_UNSAT,24,58
c8a86819-4a41-4dc7-91b7-e1d8be84e4a4,cnf,52,20.0,0.049147721999986516,True,9,1,UNSAT,20,Minisat220_DoneNormally_UNSAT,18,59
46dcb189-68ad-411a-9503-92cf7831cd58,cnf,53,20.0,0.04881375200000093,True,9,1,UNSAT,20,Minisat220_DoneNormally_UNSAT,17,59
16f7ba17-c791-4d20-ae99-2920280e7bf6,cnf,54,20.0,0.048821753000027,True,9,1,UNSAT,20,Minisat220_DoneNormally_UNSAT,19,59
899907ce-721d-4861-b383-07f234c86e4f,cnf,55,20.0,0.05529224200000726,True,9,1,UNSAT,20,Minisat220_DoneNormally_UNSAT,22,65
b2325f9f-d052-47bd-9dbc-589c33cee629,cnf,56,20.0,0.04773382199999787,True,9,1,UNSAT,20,Minisat220_DoneNormally_UNSAT,22,58
60dd4e84-a03b-483f-bb46-6cab503eecbf,cnf,57,20.0,0.048571911999999884,True,9,1,UNSAT,20,Minisat220_DoneNormally_UNSAT,21,59
e98a88c4-a793-4279-9217-4526179b7e6a,cnf,58,20.0,0.053542303000028824,True,9,1,UNSAT,20,Minisat220_DoneNormally_UNSAT,20,64
f2c229e1-1498-440a-8922-3fb2ab771b07,cnf,59,20.0,0.04932676300001049,True,9,1,UNSAT,20,Minisat220_DoneNormally_UNSAT,18,59
59c77986-dae0-44eb-9c89-21649d7cd0a5,cnf,60,20.0,0.04890878300000168,True,9,1,UNSAT,20,Minisat220_DoneNormally_UNSAT,19,59
79c803b0-4258-4fa9-a9ff-3d36ba217caa,cnf,61,20.0,0.049531371999989915,True,9,1,UNSAT,20,Minisat220_DoneNormally_UNSAT,21,60
cd4586d2-b6be-4587-9099-b712162a678c,cnf,62,20.0,0.05155103300000974,True,9,1,UNSAT,20,Minisat220_DoneNormally_UNSAT,28,62
b4638b43-bb8a-4081-b26a-40632ab60cb4,cnf,63,20.0,0.04995555200002855,True,9,1,UNSAT,20,Minisat220_DoneNormally_UNSAT,22,60
1d88f148-11a4-4a0b-8f20-d99cd3ea3121,cnf,64,20.0,0.04849688199999491,True,9,1,UNSAT,20,Minisat220_DoneNormally_UNSAT,21,59
6f8035ad-c7fa-4e01-8d45-c2e72fbfaae9,cnf,65,20.0,0.049383392999970965,True,9,1,UNSAT,20,Minisat220_DoneNormally_UNSAT,23,60
9c0137d2-3878-420e-a93a-3773126a5be2,cnf,66,20.0,0.04817121199999974,True,9,1,UNSAT,20,Minisat220_DoneNormally_UNSAT,19,58
0a414993-5205-4810-b26c-9b5922b3573e,cnf,67,20.0,0.048554582000008395,True,9,1,UNSAT,20,Minisat220_DoneNormally_UNSAT,19,59
b8686d02-9f60-4165-9ef7-a3db52991574,cnf,68,20.0,0.04842250300004025,True,9,1,UNSAT,20,Minisat220_DoneNormally_UNSAT,22,59
0f43042b-2062-42df-8236-79b13a25b57d,cnf,69,20.0,0.04860125200002585,True,9,1,UNSAT,20,Minisat220_DoneNormally_UNSAT,18,59
1ea2fff9-b55e-48cb-bf8a-1a44d0721928,cnf,70,20.0,0.04969778299999916,True,9,1,UNSAT,20,Minisat220_DoneNormally_UNSAT,18,60
b4119bd2-7906-48b3-8762-9d8e0e8405f8,cnf,71,20.0,0.04824599199997692,True,9,1,UNSAT,20,Minisat220_DoneNormally_UNSAT,20,58
27d19bef-9bed-4ed8-8f72-9df912b57567,cnf,72,20.0,0.04931732199997896,True,9,1,UNSAT,20,Minisat220_DoneNormally_UNSAT,20,60
7c1b7003-08e4-4274-90c6-46a247c1eb89,cnf,73,20.0,0.04909357200000386,True,9,1,UNSAT,20,Minisat220_DoneNormally_UNSAT,20,59
c2157f0a-05ae-4cb9-a185-663b421fb272,cnf,74,20.0,0.04857630300000437,True,9,1,UNSAT,20,Minisat220_DoneNormally_UNSAT,20,59
73c8ddd2-d362-4cc3-a0ec-d20103e194e8,cnf,75,20.0,0.047962311999981466,True,9,1,UNSAT,20,Minisat220_DoneNormally_UNSAT,18,58
e7f56b17-316f-49a9-a2b4-a53e3712a3d3,cnf,76,20.0,0.04880389200002355,True,9,1,UNSAT,20,Minisat220_DoneNormally_UNSAT,22,59
aa08255f-b316-4d5a-a2f4-38ca5877294e,cnf,77,20.0,0.048827671999958966,True,9,1,UNSAT,20,Minisat220_DoneNormally_UNSAT,20,59
21829a77-0ed4-4b34-893d-faeb9d500027,cnf,78,20.0,0.04861760200003573,True,9,1,UNSAT,20,Minisat220_DoneNormally_UNSAT,21,59
81455c14-82f6-4bac-aca0-7bea5f5cf7fd,cnf,79,20.0,0.04825104299999339,True,9,1,UNSAT,20,Minisat220_DoneNormally_UNSAT,19,58
a849db12-cbc7-4020-bc25-85514357e03d,cnf,80,20.0,0.048374301999956515,True,9,1,UNSAT,20,Minisat220_DoneNormally_UNSAT,20,59
f2e8f141-944f-4100-9c9d-4f2e7f0ecff1,cnf,81,20.0,0.04889280200001167,True,9,1,UNSAT,20,Minisat220_DoneNormally_UNSAT,20,59
94b49f10-6522-47c6-882f-333e7ac1106b,cnf,82,20.0,0.053655162000040946,True,9,1,UNSAT,20,Minisat220_DoneNormally_UNSAT,23,64
4dcbb067-25ce-4fd6-b03e-1267905fdd9f,cnf,83,20.0,0.04857553300001882,True,9,1,UNSAT,20,Minisat220_DoneNormally_UNSAT,20,59
43b47ac6-fe50-4eb1-880d-4437ea199005,cnf,84,20.0,0.04921201300004441,True,9,1,UNSAT,20,Minisat220_DoneNormally_UNSAT,23,60
3be2d129-6037-4162-82ba-9ebcaf547f11,cnf,85,20.0,0.04824195199995529,True,9,1,UNSAT,20,Minisat220_DoneNormally_UNSAT,22,59
30239347-7428-4878-88aa-5566e2ea35c0,cnf,86,20.0,0.04862381200001664,True,9,1,UNSAT,20,Minisat220_DoneNormally_UNSAT,20,59
25c9ad6b-77da-4982-8619-8ca0f9dbad1e,cnf,87,20.0,0.0495846830000346,True,9,1,UNSAT,20,Minisat220_DoneNormally_UNSAT,20,60
44c4eb7a-3790-4214-8f64-90de8e05bc47,cnf,88,20.0,0.049108422000017526,True,9,1,UNSAT,20,Minisat220_DoneNormally_UNSAT,18,59
32d5cd35-68c5-4a0a-af35-9c87d58215bc,cnf,89,20.0,0.04946217200000547,True,9,1,UNSAT,20,Minisat220_DoneNormally_UNSAT,19,60
ba195fe7-a55e-4141-880f-9fa752a75a45,cnf,90,20.0,0.04822851199998013,True,9,1,UNSAT,20,Minisat220_DoneNormally_UNSAT,19,59
ba183051-9c3c-4f8f-a01d-c9d90611282a,cnf,91,20.0,0.049666051999963656,True,9,1,UNSAT,20,Minisat220_DoneNormally_UNSAT,20,60
fe1bfb3b-7c4a-4495-be1a-762c7b38aa7e,cnf,92,20.0,0.049523103000012725,True,9,1,UNSAT,20,Minisat220_DoneNormally_UNSAT,21,60
ff151b12-a263-4597-becb-4960a61d4208,cnf,93,20.0,0.055013632999987294,True,9,1,UNSAT,20,Minisat220_DoneNormally_UNSAT,23,65
71b2b9ee-6408-4ecc-82b1-593820edfe28,cnf,94,20.0,0.05955903199998147,True,9,1,UNSAT,20,Minisat220_DoneNormally_UNSAT,27,70
02096d3d-7de6-435e-9f1b-38adab04cd02,cnf,95,20.0,0.05033949199997778,True,9,1,UNSAT,20,Minisat220_DoneNormally_UNSAT,21,61
a57e7cde-9046-4f0b-ba2a-49a08601db5c,cnf,96,20.0,0.049154283000007126,True,9,1,UNSAT,20,Minisat220_DoneNormally_UNSAT,24,59
a1921f6e-c16e-448c-8da0-749823b324e2,cnf,97,20.0,0.048888451999971494,True,9,1,UNSAT,20,Minisat220_DoneNormally_UNSAT,22,59
ae47895c-3615-4c48-a8ba-3cef537e423c,cnf,98,20.0,0.0487007730000073,True,9,1,UNSAT,20,Minisat220_DoneNormally_UNSAT,17,59
21c03918-98f8-437d-978a-5e4b71f759fa,cnf,99,20.0,0.04880939299999909,True,9,1,UNSAT,20,Minisat220_DoneNormally_UNSAT,22,59
b4c663f5-b932-4aff-a2de-a462922cd1bc,cnf,100,20.0,0.04869933200001242,True,9,1,UNSAT,20,Minisat220_DoneNormally_UNSAT,21,59
deda3ccd-f9c9-4ced-be45-cc7926f9a5a5,cnf,101,20.0,0.04877804299997024,True,9,1,UNSAT,20,Minisat220_DoneNormally_UNSAT,22,59
06e52bb2-0f67-492f-b9c7-3d092de7ea3d,cnf,102,20.0,0.04938277299999072,True,9,1,UNSAT,20,Minisat220_DoneNormally_UNSAT,23,60
2d2a0624-c21a-4bb2-92fb-c17124da3b9d,cnf,103,20.0,0.048487183000020195,True,9,1,UNSAT,20,Minisat220_DoneNormally_UNSAT,21,59
588776ea-7805-4faf-84cd-5db292d9447f,cnf,104,20.0,0.05016207200003464,True,9,1,UNSAT,20,Minisat220_DoneNormally_UNSAT,21,60
846b0083-5001-49cd-a5d3-eceed168b6f3,cnf,105,20.0,0.04937103200001047,True,9,1,UNSAT,20,Minisat220_DoneNormally_UNSAT,21,60
cc2cf7b5-d8ba-40cb-979a-f0d340e03908,cnf,106,20.0,0.05002396200001158,True,9,1,UNSAT,20,Minisat220_DoneNormally_UNSAT,17,60
f11d025a-8bcc-4fe5-8802-cbfd1502d2e8,cnf,107,20.0,0.04930479300003299,True,9,1,UNSAT,20,Minisat220_DoneNormally_UNSAT,21,60
1b460e7c-4aa5-49eb-9c22-d257e4ceee8e,cnf,108,20.0,0.048953782000012325,True,9,1,UNSAT,20,Minisat220_DoneNormally_UNSAT,19,59
266cb65a-2809-4b10-b82b-ec4a4a376f91,cnf,109,20.0,0.05017071299999998,True,9,1,UNSAT,20,Minisat220_DoneNormally_UNSAT,22,61
8236ca38-13a5-4332-9526-cc062988955e,cnf,110,20.0,0.04920122299995455,True,9,1,UNSAT,20,Minisat220_DoneNormally_UNSAT,21,60
f9713df3-4c70-4c65-8e44-3502017242f9,cnf,111,20.0,0.049096333000022696,True,9,1,UNSAT,20,Minisat220_DoneNormally_UNSAT,21,59
6c1f8a1d-8866-4a9d-9799-8bc149818990,cnf,112,20.0,0.04922470200000362,True,9,1,UNSAT,20,Minisat220_DoneNormally_UNSAT,20,60
e3d9df70-05b6-47cd-be4e-3daed6c65abf,cnf,113,20.0,0.04901043199998867,True,9,1,UNSAT,20,Minisat220_DoneNormally_UNSAT,21,59
76f08ac5-9fb6-41d3-a1bc-44a3e3d67075,cnf,114,20.0,0.049457272000040575,True,9,1,UNSAT,20,Minisat220_DoneNormally_UNSAT,23,60
db32f8c8-b881-44b9-aa19-e39b0fa958b3,cnf,115,20.0,0.04860829200003991,True,9,1,UNSAT,20,Minisat220_DoneNormally_UNSAT,19,59
637ce0a3-ad49-4841-88a7-bc8b69de30e2,cnf,116,20.0,0.05048731200002976,True,9,1,UNSAT,20,Minisat220_DoneNormally_UNSAT,23,61
2a731359-0f50-4722-ab0f-c11bf5d3fa8f,cnf,117,20.0,0.0490275029999907,True,9,1,UNSAT,20,Minisat220_DoneNormally_UNSAT,22,59
ae709306-7a81-467a-ad15-277f707ad6a5,cnf,118,20.0,0.0629669830000239,True,9,1,UNSAT,20,Minisat220_DoneNormally_UNSAT,20,73
9dc3a5f7-d952-4df8-834e-17ea68e14364,cnf,119,20.0,0.05061917299997276,True,9,1,UNSAT,20,Minisat220_DoneNormally_UNSAT,25,61
24a0d04e-2904-4bab-93a5-eeba8b298a2d,cnf,120,20.0,0.04893068299998049,True,9,1,UNSAT,20,Minisat220_DoneNormally_UNSAT,17,59
019e3d70-b1a5-42a0-974d-bac619e0ee72,cnf,121,20.0,0.05005572199996777,True,9,1,UNSAT,20,Minisat220_DoneNormally_UNSAT,21,60
098e04d4-65bb-48ac-a01c-dc8711ed2c8f,cnf,122,20.0,0.048512383000002046,True,9,1,UNSAT,20,Minisat220_DoneNormally_UNSAT,19,59
dec96050-2d3d-47c0-845e-46d617ae8061,cnf,123,20.0,0.04915055200001461,True,9,1,UNSAT,20,Minisat220_DoneNormally_UNSAT,19,60
7d9e4e44-35ce-4417-8e5c-5ca23e624e76,cnf,124,20.0,0.04931345299996792,True,9,1,UNSAT,20,Minisat220_DoneNormally_UNSAT,19,60
a45f14bd-0eff-43be-b753-0cf42dce96e0,cnf,125,20.0,0.048478971999998066,True,9,1,UNSAT,20,Minisat220_DoneNormally_UNSAT,19,59
1af0b006-7098-4505-84f1-dc2f3aef1ebc,cnf,126,20.0,0.049728961999960575,True,9,1,UNSAT,20,Minisat220_DoneNormally_UNSAT,22,60
a2ba2c0e-05d3-4042-92a7-68fe8e3c770c,cnf,127,20.0,0.049589602000025934,True,9,1,UNSAT,20,Minisat220_DoneNormally_UNSAT,22,60
c6eb5f16-5fcd-4f4b-91ee-2990bfe35a54,cnf,1,20.0,0.048171222000007674,True,9,1,UNSAT,20,Minisat220_DoneNormally_UNSAT,21,59
642e643f-6b8a-4ec3-af70-5462bb93f50d,cnf,2,20.0,0.04858878300001379,True,9,1,UNSAT,20,Minisat220_DoneNormally_UNSAT,20,59
352b8405-eb18-492c-8f14-cdc95bcd04e2,cnf,3,20.0,0.047930493000023944,True,9,1,UNSAT,20,Minisat220_DoneNormally_UNSAT,19,58
abe08520-27a8-46b0-9a46-2588cf396588,cnf,4,20.0,0.04855235200000152,True,9,1,UNSAT,20,Minisat220_DoneNormally_UNSAT,17,59
546c7421-88b7-4288-a2b3-287d8b27aac1,cnf,5,20.0,0.04918789200002038,True,9,1,UNSAT,20,Minisat220_DoneNormally_UNSAT,22,59
a2e27958-555e-422f-a52e-b2dfa1ad1bc0,cnf,6,20.0,0.04803270200000043,True,9,1,UNSAT,20,Minisat220_DoneNormally_UNSAT,18,58
547e7818-96fa-4f85-ac6d-0b227c63b2b0,cnf,7,20.0,0.047914731999981086,True,9,1,UNSAT,20,Minisat220_DoneNormally_UNSAT,18,58
55ced437-a0ae-4543-aaf7-ed5aec9d9ef6,cnf,8,20.0,0.048888083000008464,True,9,1,UNSAT,20,Minisat220_DoneNormally_UNSAT,18,59
b68c23f6-9594-46b0-a1bc-50cb2bd1878c,cnf,9,20.0,0.04829801200003203,True,9,1,UNSAT,20,Minisat220_DoneNormally_UNSAT,22,58
7b85e4a6-3a04-410f-b02f-c6e59c50edb1,cnf,10,20.0,0.048390942000025916,True,9,1,UNSAT,20,Minisat220_DoneNormally_UNSAT,21,58
5195089f-fbc5-44ab-bd05-fc2f196eef6c,cnf,11,20.0,0.04863577300000088,True,9,1,UNSAT,20,Minisat220_DoneNormally_UNSAT,20,59
c61c439c-aff9-4b0c-a6be-e2c6718959d8,cnf,12,20.0,0.04971848200000295,True,9,1,UNSAT,20,Minisat220_DoneNormally_UNSAT,21,60
130ad70a-f405-4308-af6c-1ba901fd3828,cnf,13,20.0,0.050571133000005375,True,9,1,UNSAT,20,Minisat220_DoneNormally_UNSAT,22,61
eddefd5d-66a7-472a-b009-85973e709179,cnf,14,20.0,0.04912264199998617,True,9,1,UNSAT,20,Minisat220_DoneNormally_UNSAT,22,59
35d4f492-0301-4176-86cd-b974e4ddd602,cnf,15,20.0,0.04827207199997474,True,9,1,UNSAT,20,Minisat220_DoneNormally_UNSAT,21,58
cd964b86-2031-41bf-9300-b016d6014848,cnf,16,20.0,0.04886040200000252,True,9,1,UNSAT,20,Minisat220_DoneNormally_UNSAT,19,59
adf66c0d-c7c3-41b0-8d16-706232cc6d40,cnf,17,20.0,0.04836384300000418,True,9,1,UNSAT,20,Minisat220_DoneNormally_UNSAT,19,58
e756d5a7-a6b0-4722-915a-203b05567a0f,cnf,18,20.0,0.04798411199999464,True,9,1,UNSAT,20,Minisat220_DoneNormally_UNSAT,22,58
fb5457b0-c8ef-48fc-8ede-466a1586e985,cnf,19,20.0,0.04868702200002417,True,9,1,UNSAT,20,Minisat220_DoneNormally_UNSAT,21,59
2dc3e414-f378-4db4-9de6-2222cb9d3d7a,cnf,20,20.0,0.04817800199998601,True,9,1,UNSAT,20,Minisat220_DoneNormally_UNSAT,21,58
a112f0d7-5fc7-487d-95a6-6ba08f941548,cnf,21,20.0,0.048996741999985716,True,9,1,UNSAT,20,Minisat220_DoneNormally_UNSAT,21,59
315dd3ce-31ec-4135-9025-96a1affee6d6,cnf,22,20.0,0.04824206200004255,True,9,1,UNSAT,20,Minisat220_DoneNormally_UNSAT,20,58
390bbafa-cd8b-409e-b664-b7dce63ab085,cnf,23,20.0,0.04928193200004216,True,9,1,UNSAT,20,Minisat220_DoneNormally_UNSAT,20,59
1b5710f5-c394-476e-a863-0c5299c0e417,cnf,24,20.0,0.04873404199997822,True,9,1,UNSAT,20,Minisat220_DoneNormally_UNSAT,22,59
b5a7799a-b660-409c-84f5-02d960eb6a7c,cnf,25,20.0,0.04971839299997782,True,9,1,UNSAT,20,Minisat220_DoneNormally_UNSAT,21,60
77b8c63b-5fce-488b-a234-f965029ae4e2,cnf,26,20.0,0.048278342999992674,True,9,1,UNSAT,20,Minisat220_DoneNormally_UNSAT,21,58
7b8b2dea-ad94-416f-8bed-ba28eda13e8a,cnf,27,20.0,0.04751299200000858,True,9,1,UNSAT,20,Minisat220_DoneNormally_UNSAT,23,58
1e118686-9618-4343-a469-c85b90b8d801,cnf,28,20.0,0.04837190199998531,True,9,1,UNSAT,20,Minisat220_DoneNormally_UNSAT,20,58
fdf0bac6-369c-4519-a5da-91b9480edba8,cnf,29,20.0,0.048265473000014936,True,9,1,UNSAT,20,Minisat220_DoneNormally_UNSAT,21,58
0b215287-f0a6-4fa3-beaa-42ab1cd98435,cnf,30,20.0,0.050264021999964825,True,9,1,UNSAT,20,Minisat220_DoneNormally_UNSAT,19,60
abe605f9-2d44-4874-9588-408c82ff187b,cnf,31,20.0,0.04864125299997113,True,9,1,UNSAT,20,Minisat220_DoneNormally_UNSAT,21,59
c69981d7-3099-4919-b655-11bbc9107492,cnf,32,20.0,0.04821905300002527,True,9,1,UNSAT,20,Minisat220_DoneNormally_UNSAT,20,58
5bb7fad7-e2a3-47a5-816f-3d6362ebf812,cnf,33,20.0,0.04915654199999153,True,9,1,UNSAT,20,Minisat220_DoneNormally_UNSAT,21,59
c5f1d0e2-ced0-496c-b145-3192474f6b43,cnf,34,20.0,0.048881231999985175,True,9,1,UNSAT,20,Minisat220_DoneNormally_UNSAT,22,59
6fc26ced-7016-4d25-8161-0abac97c7f92,cnf,35,20.0,0.051365522000025976,True,9,1,UNSAT,20,Minisat220_DoneNormally_UNSAT,21,61
1c1e5a8b-02b0-4965-8099-816642342faa,cnf,36,20.0,0.049301362000051085,True,9,1,UNSAT,20,Minisat220_DoneNormally_UNSAT,22,59
60448d68-1448-4e23-b905-df08364f1195,cnf,37,20.0,0.048323782000011306,True,9,1,UNSAT,20,Minisat220_DoneNormally_UNSAT,15,58
2d5fa869-076c-4259-befa-16662abb61fd,cnf,38,20.0,0.048607132000029196,True,9,1,UNSAT,20,Minisat220_DoneNormally_UNSAT,22,59
26259cbe-6716-4770-8e8d-405d80af3090,cnf,39,20.0,0.04865758199997572,True,9,1,UNSAT,20,Minisat220_DoneNormally_UNSAT,20,59
cfc6deb6-1820-4f1f-8c49-01bbd73d9881,cnf,40,20.0,0.04865897199999836,True,9,1,UNSAT,20,Minisat220_DoneNormally_UNSAT,19,59
97707ece-dd26-4f9f-bc49-710c543afbf0,cnf,41,20.0,0.05063434200002348,True,9,1,UNSAT,20,Minisat220_DoneNormally_UNSAT,19,61
5d8118cf-3c72-460c-8244-6034b89f8a34,cnf,42,20.0,0.04974072300001353,True,9,1,UNSAT,20,Minisat220_DoneNormally_UNSAT,19,60
35c10dc6-22fc-4bbb-94fc-603bd367b2bd,cnf,43,20.0,0.04954791299996941,True,9,1,UNSAT,20,Minisat220_DoneNormally_UNSAT,18,60
52831f7d-051e-4d5c-a0a1-f283a648526f,cnf,44,20.0,0.04977357299998175,True,9,1,UNSAT,20,Minisat220_DoneNormally_UNSAT,17,60
22374466-34c9-4083-ab7f-9c0ab82407f6,cnf,45,20.0,0.04797697200001494,True,9,1,UNSAT,20,Minisat220_DoneNormally_UNSAT,22,58
786be451-7419-4f04-afcd-9f6307354716,cnf,46,20.0,0.048131162000004224,True,9,1,UNSAT,20,Minisat220_DoneNormally_UNSAT,20,58
164e152a-c896-45b6-a175-5ddb44605c54,cnf,47,20.0,0.04984767199999851,True,9,1,UNSAT,20,Minisat220_DoneNormally_UNSAT,26,60
2eaea16a-a97a-4157-9997-5944df17a5bc,cnf,48,20.0,0.04972092199994904,True,9,1,UNSAT,20,Minisat220_DoneNormally_UNSAT,17,60
763d093e-9576-41f8-970b-d3850499f5dd,cnf,49,20.0,0.04880595299999868,True,9,1,UNSAT,20,Minisat220_DoneNormally_UNSAT,21,59
f9bd0584-d649-46db-8bc8-f37d46d6d303,cnf,50,20.0,0.048414972999978545,True,9,1,UNSAT,20,Minisat220_DoneNormally_UNSAT,20,59
9a5c9ffa-98d0-4c67-b2ce-df68a91ba3f7,cnf,51,20.0,0.053632201999960216,True,9,1,UNSAT,20,Minisat220_DoneNormally_UNSAT,21,64
8789d3cd-98b5-4f64-91cf-a04da9cb0df4,cnf,52,20.0,0.048967892000007396,True,9,1,UNSAT,20,Minisat220_DoneNormally_UNSAT,22,59
27e86053-f5a2-49d1-97ae-d1530af73562,cnf,53,20.0,0.0486824820000038,True,9,1,UNSAT,20,Minisat220_DoneNormally_UNSAT,21,59
19b23c9c-d00b-4ec2-a212-d05bafff7f96,cnf,54,20.0,0.04814689300002328,True,9,1,UNSAT,20,Minisat220_DoneNormally_UNSAT,20,58
0ff0e10b-6c6f-44f1-b0b0-d3c1dfd06c29,cnf,55,20.0,0.05474871299998085,True,9,1,UNSAT,20,Minisat220_DoneNormally_UNSAT,21,65
f9ed7958-fb70-41e9-81dc-ee687e4e9395,cnf,56,20.0,0.049741611999991164,True,9,1,UNSAT,20,Minisat220_DoneNormally_UNSAT,22,60
83834d7b-a665-4146-ab9b-6d4f8cfe6c59,cnf,57,20.0,0.05126932199999601,True,9,1,UNSAT,20,Minisat220_DoneNormally_UNSAT,23,62
f24f66ec-1d40-4050-8146-0be748f512ee,cnf,58,20.0,0.04886593300000186,True,9,1,UNSAT,20,Minisat220_DoneNormally_UNSAT,21,59
98f95e3d-adef-41e1-9cdf-d3418db27ba4,cnf,59,20.0,0.04855593299998873,True,9,1,UNSAT,20,Minisat220_DoneNormally_UNSAT,21,59
2b11de98-e22a-489d-9d3e-0ff2e0284a6f,cnf,60,20.0,0.049325922000036826,True,9,1,UNSAT,20,Minisat220_DoneNormally_UNSAT,24,60
7d7ad399-2484-4f0a-9e8e-dc5d332fe53a,cnf,61,20.0,0.05476397199998928,True,9,1,UNSAT,20,Minisat220_DoneNormally_UNSAT,23,65
4a48a5d3-1a2f-40dc-8e45-1bcd2fb6b63a,cnf,62,20.0,0.049883402000034494,True,9,1,UNSAT,20,Minisat220_DoneNormally_UNSAT,19,60
4ac40d96-120b-41e5-8903-a0a3015e1201,cnf,63,20.0,0.049559791999968184,True,9,1,UNSAT,20,Minisat220_DoneNormally_UNSAT,22,60
0590251b-699c-4832-892a-4af6ba156559,cnf,64,20.0,0.04937861199999816,True,9,1,UNSAT,20,Minisat220_DoneNormally_UNSAT,24,59
06a7682b-51b6-45d9-a0d6-0246a30ff41a,cnf,65,20.0,0.05017994299998918,True,9,1,UNSAT,20,Minisat220_DoneNormally_UNSAT,22,60
de8701cc-c3f0-4c03-a060-798a3b621df5,cnf,66,20.0,0.04869523200000003,True,9,1,UNSAT,20,Minisat220_DoneNormally_UNSAT,22,59
44d8de09-2abd-4acf-b533-04dec0f3a268,cnf,67,20.0,0.0496528220000414,True,9,1,UNSAT,20,Minisat220_DoneNormally_UNSAT,21,60
25055e15-53e8-4e60-be86-a1e35f4df39b,cnf,68,20.0,0.07554990400001316,True,9,1,UNSAT,20,Minisat220_DoneNormally_UNSAT,24,86
d77d385f-2490-4b1c-b7ed-192afeff2522,cnf,69,20.0,0.050956971999994494,True,9,1,UNSAT,20,Minisat220_DoneNormally_UNSAT,22,61
8dceb1ef-e1b3-433c-97a8-b57e9484ddde,cnf,70,20.0,0.07351629400000093,True,9,1,UNSAT,20,Minisat220_DoneNormally_UNSAT,24,84
2b4e2ff2-b893-491d-8080-83589a2ed913,cnf,71,20.0,0.04811988199998041,True,9,1,UNSAT,20,Minisat220_DoneNormally_UNSAT,17,58
5871f906-e0ac-4580-b357-2533fb97f835,cnf,72,20.0,0.04926887199997054,True,9,1,UNSAT,20,Minisat220_DoneNormally_UNSAT,22,60
0212b40e-b4b9-4569-81d2-c5fd4a839876,cnf,73,20.0,0.04962554200000113,True,9,1,UNSAT,20,Minisat220_DoneNormally_UNSAT,20,60
21d1ca48-9c9e-49fd-ba6d-a1cb754e853d,cnf,74,20.0,0.048164573000008204,True,9,1,UNSAT,20,Minisat220_DoneNormally_UNSAT,20,58
3097465b-f524-4cbe-a5fa-566d06a09e1f,cnf,75,20.0,0.04910580200004233,True,9,1,UNSAT,20,Minisat220_DoneNormally_UNSAT,20,59
a2c5da51-7429-46be-9924-bdc27442160c,cnf,76,20.0,0.04842861200000925,True,9,1,UNSAT,20,Minisat220_DoneNormally_UNSAT,20,59
04091eb3-401c-412b-a558-a06ea3999a25,cnf,77,20.0,0.04842222199999924,True,9,1,UNSAT,20,Minisat220_DoneNormally_UNSAT,22,59
dff58991-c902-4fc3-ad55-9baa6814a1a8,cnf,78,20.0,0.048944342000027063,True,9,1,UNSAT,20,Minisat220_DoneNormally_UNSAT,21,59
0a7f35cb-fce1-4373-91d1-ee7eb575ef0d,cnf,79,20.0,0.049736731999985295,True,9,1,UNSAT,20,Minisat220_DoneNormally_UNSAT,20,60
8c959859-0c58-45d1-b6b0-f422af51082c,cnf,80,20.0,0.04870460200004345,True,9,1,UNSAT,20,Minisat220_DoneNormally_UNSAT,18,59
95a624d4-a442-49fb-8587-6518cc6af9bc,cnf,81,20.0,0.04894872199997735,True,9,1,UNSAT,20,Minisat220_DoneNormally_UNSAT,22,59
820fc0c0-a73f-4bca-b2d9-90d5a327831f,cnf,82,20.0,0.05341503200003217,True,9,1,UNSAT,20,Minisat220_DoneNormally_UNSAT,21,64
9ad6f2d8-654a-478b-816f-4e7484942d3c,cnf,83,20.0,0.0484443529999794,True,9,1,UNSAT,20,Minisat220_DoneNormally_UNSAT,20,59
f42b113b-1b98-4ce0-b7f5-4e2a8395c693,cnf,84,20.0,0.04830814299998565,True,9,1,UNSAT,20,Minisat220_DoneNormally_UNSAT,18,59
19ab5f70-80d6-4cb6-8aa8-2c59398830e0,cnf,85,20.0,0.048692092000010234,True,9,1,UNSAT,20,Minisat220_DoneNormally_UNSAT,22,59
1375a858-be91-48a9-837d-873dfb1abdc7,cnf,86,20.0,0.0479512120000436,True,9,1,UNSAT,20,Minisat220_DoneNormally_UNSAT,20,58
80b5198a-e5f3-41f7-987c-5fef5dd8ac33,cnf,87,20.0,0.049634092000019336,True,9,1,UNSAT,20,Minisat220_DoneNormally_UNSAT,19,60
1dcb9fe8-5208-481f-97ef-609e06993a1f,cnf,88,20.0,0.04967583199999126,True,9,1,UNSAT,20,Minisat220_DoneNormally_UNSAT,21,60
5decd1b9-a7cf-4ea1-bbdc-5c5159455371,cnf,89,20.0,0.05034951200002524,True,9,1,UNSAT,20,Minisat220_DoneNormally_UNSAT,21,61
ca62104a-11b6-4717-84d2-cd796e96836a,cnf,90,20.0,0.04891039199998204,True,9,1,UNSAT,20,Minisat220_DoneNormally_UNSAT,19,59
5da98cd8-8027-4aaa-a342-a1ecd661a4a7,cnf,91,20.0,0.04942089200000055,True,9,1,UNSAT,20,Minisat220_DoneNormally_UNSAT,21,60
56ecbd88-0b84-4a2c-b68c-4de9653879e5,cnf,92,20.0,0.049775021999948876,True,9,1,UNSAT,20,Minisat220_DoneNormally_UNSAT,21,60
5fc79aec-a838-4897-b358-1d1a6265adb8,cnf,93,20.0,0.05384101300001021,True,9,1,UNSAT,20,Minisat220_DoneNormally_UNSAT,17,64
089cfc69-df94-403c-9e2f-f3d597fc2814,cnf,94,20.0,0.052387632000034046,True,9,1,UNSAT,20,Minisat220_DoneNormally_UNSAT,25,63
60f123a6-e66a-48da-ba5d-5a2311d8cfea,cnf,95,20.0,0.04914462200002845,True,9,1,UNSAT,20,Minisat220_DoneNormally_UNSAT,19,59
8f339a5a-a4b7-4e3e-a26f-bec05099247e,cnf,96,20.0,0.0486051430000316,True,9,1,UNSAT,20,Minisat220_DoneNormally_UNSAT,20,59
42c1775b-06bf-4c8c-8d4f-01982e66cfec,cnf,97,20.0,0.0497024819999865,True,9,1,UNSAT,20,Minisat220_DoneNormally_UNSAT,19,60
49c20185-a240-4aed-a7e4-a47d7a97294c,cnf,98,20.0,0.04841818299996703,True,9,1,UNSAT,20,Minisat220_DoneNormally_UNSAT,20,59
6e9f9d53-6d2c-448f-98d8-29c793a76007,cnf,99,20.0,0.049248652000017046,True,9,1,UNSAT,20,Minisat220_DoneNormally_UNSAT,23,60
39206a7a-0bd8-4fb6-88b6-69ef2024c322,cnf,100,20.0,0.04930762200001482,True,9,1,UNSAT,20,Minisat220_DoneNormally_UNSAT,22,60
8d83fbb5-910b-4c13-a1c9-a4a702351750,cnf,101,20.0,0.048983193000026404,True,9,1,UNSAT,20,Minisat220_DoneNormally_UNSAT,19,59
29436898-ee26-437e-8081-717d54bbb6d4,cnf,102,20.0,0.04944191300000966,True,9,1,UNSAT,20,Minisat220_DoneNormally_UNSAT,18,60
dd415f0c-4e46-4272-a1e9-a914f6c453e9,cnf,103,20.0,0.049438112999951045,True,9,1,UNSAT,20,Minisat220_DoneNormally_UNSAT,21,60
01eedf94-5620-4499-b8fd-e401d0298563,cnf,104,20.0,0.049432101999968836,True,9,1,UNSAT,20,Minisat220_DoneNormally_UNSAT,20,60
c36a8734-037b-4cd9-8ba9-bca7aa3a3981,cnf,105,20.0,0.04921773200004509,True,9,1,UNSAT,20,Minisat220_DoneNormally_UNSAT,18,60
1972a562-2cbd-4171-a284-057f7507b4fd,cnf,106,20.0,0.05029250199999069,True,9,1,UNSAT,20,Minisat220_DoneNormally_UNSAT,18,61
d62f044f-c22b-44a5-bfc7-8baa018d647c,cnf,107,20.0,0.04905978300001834,True,9,1,UNSAT,20,Minisat220_DoneNormally_UNSAT,21,59
0637c611-f6e5-4018-ad32-1de90acaeb22,cnf,108,20.0,0.04931676199998947,True,9,1,UNSAT,20,Minisat220_DoneNormally_UNSAT,19,60
5c751f51-6123-4de1-b027-23e67b8f8b5c,cnf,109,20.0,0.049306022999985544,True,9,1,UNSAT,20,Minisat220_DoneNormally_UNSAT,20,60
4a3ef3a2-f228-419f-9bde-41f02afeb7fa,cnf,110,20.0,0.05069259200001852,True,9,1,UNSAT,20,Minisat220_DoneNormally_UNSAT,23,61
9584b505-2fe8-446f-8c2e-7b7be5b7d2dd,cnf,111,20.0,0.04900450300004877,True,9,1,UNSAT,20,Minisat220_DoneNormally_UNSAT,18,59
01d1fcaa-6dcb-45e3-bbc5-cf8a3b3608eb,cnf,112,20.0,0.04909440299996959,True,9,1,UNSAT,20,Minisat220_DoneNormally_UNSAT,19,59
213813a1-859b-4109-8bf1-36a80678e681,cnf,113,20.0,0.04853022200001078,True,9,1,UNSAT,20,Minisat220_DoneNormally_UNSAT,22,59
e42b2f43-c4cd-4163-b2ea-4a124b01b116,cnf,114,20.0,0.048756001999947784,True,9,1,UNSAT,20,Minisat220_DoneNormally_UNSAT,23,59
3c228d96-aac4-4c89-b07b-d261edf7c532,cnf,115,20.0,0.04870123300003115,True,9,1,UNSAT,20,Minisat220_DoneNormally_UNSAT,21,59
c7cbc008-3d6f-4b86-8d9e-fae9d319e013,cnf,116,20.0,0.04931963199999245,True,9,1,UNSAT,20,Minisat220_DoneNormally_UNSAT,21,60
0823ee19-4f32-4648-b672-8c53790a91a7,cnf,117,20.0,0.04903817199999594,True,9,1,UNSAT,20,Minisat220_DoneNormally_UNSAT,20,59
af48f345-f879-44bd-a7b1-3631272b6494,cnf,118,20.0,0.057936572000016895,True,9,1,UNSAT,20,Minisat220_DoneNormally_UNSAT,20,68
f3348164-c4d7-44d6-8675-4ca8bc7cb2df,cnf,119,20.0,0.052705951999996614,True,9,1,UNSAT,20,Minisat220_DoneNormally_UNSAT,27,63
424fe7f0-1605-4171-84c9-df77079b414b,cnf,120,20.0,0.04914499300002717,True,9,1,UNSAT,20,Minisat220_DoneNormally_UNSAT,19,59
585eb108-40de-4089-9aab-d6c69d063ac9,cnf,121,20.0,0.04986135199999353,True,9,1,UNSAT,20,Minisat220_DoneNormally_UNSAT,24,60
b66ff31f-cd01-41a9-b418-cccdaa622458,cnf,122,20.0,0.049090673000023344,True,9,1,UNSAT,20,Minisat220_DoneNormally_UNSAT,20,59
a3c54a35-8dfe-45da-83dc-42f24f5f9843,cnf,123,20.0,0.04943414199999552,True,9,1,UNSAT,20,Minisat220_DoneNormally_UNSAT,20,60
a209eb4a-87fe-45f4-8a79-b58fda452978,cnf,124,20.0,0.05166902199999868,True,9,1,UNSAT,20,Minisat220_DoneNormally_UNSAT,23,62
cc3949c0-5bb1-4abc-a1fb-f21adb8497bb,cnf,125,20.0,0.04835710200001131,True,9,1,UNSAT,20,Minisat220_DoneNormally_UNSAT,18,59
d67ad553-9c44-4554-8b62-dae34dfc5897,cnf,126,20.0,0.04850711200003843,True,9,1,UNSAT,20,Minisat220_DoneNormally_UNSAT,20,59
60469caf-b6ea-49f5-9132-7641e4bc7d47,cnf,127,20.0,0.049512632000016765,True,9,1,UNSAT,20,Minisat220_DoneNormally_UNSAT,21,60
f08491c7-8b0d-4cc4-b8b6-49c20602fa55,cnf,1,20.0,0.048664191999989725,True,9,1,UNSAT,20,Minisat220_DoneNormally_UNSAT,22,59
de5742fe-09d7-451d-90e8-f9c8be67efcf,cnf,2,20.0,0.04869444299998804,True,9,1,UNSAT,20,Minisat220_DoneNormally_UNSAT,23,59
1d0d46d9-e567-45cc-990e-5b59f245ef2c,cnf,3,20.0,0.047561573000052704,True,9,1,UNSAT,20,Minisat220_DoneNormally_UNSAT,17,58
a4284185-e0e5-4d09-99e0-994ab099eeed,cnf,4,20.0,0.04792035200000555,True,9,1,UNSAT,20,Minisat220_DoneNormally_UNSAT,22,58
dc232a22-ca15-48ae-a8e3-8e6bb030e9f4,cnf,5,20.0,0.0492300320000254,True,9,1,UNSAT,20,Minisat220_DoneNormally_UNSAT,18,60
5c810fc9-5c23-46ab-9b7d-fbdd17a2a18b,cnf,6,20.0,0.04832075199999508,True,9,1,UNSAT,20,Minisat220_DoneNormally_UNSAT,22,58
a0524d6c-4c1f-4814-8448-c4cb457d259f,cnf,7,20.0,0.048025642000027347,True,9,1,UNSAT,20,Minisat220_DoneNormally_UNSAT,18,58
57c07e08-1def-4949-9ca6-30c763f35911,cnf,8,20.0,0.048956962000033855,True,9,1,UNSAT,20,Minisat220_DoneNormally_UNSAT,19,59
dd7e2b0a-384d-4177-ac89-3a23481fbe56,cnf,9,20.0,0.04778117199998633,True,9,1,UNSAT,20,Minisat220_DoneNormally_UNSAT,20,58
77bbc11d-b7db-47d7-a85d-9c24099365f0,cnf,10,20.0,0.050110271999983524,True,9,1,UNSAT,20,Minisat220_DoneNormally_UNSAT,21,61
b233ba12-9ddf-40ec-89f6-f704a10398c2,cnf,11,20.0,0.048723451999990175,True,9,1,UNSAT,20,Minisat220_DoneNormally_UNSAT,21,59
c9c36482-1c8f-49eb-b2dd-babaf8d52c9c,cnf,12,20.0,0.0483964130000345,True,9,1,UNSAT,20,Minisat220_DoneNormally_UNSAT,18,59
f0f69298-8730-4f69-aa9a-31313a72f3d8,cnf,13,20.0,0.04844390300002033,True,9,1,UNSAT,20,Minisat220_DoneNormally_UNSAT,18,59
6c4bc9da-1479-4abd-b36b-efcccf44fa71,cnf,14,20.0,0.049693611999998666,True,9,1,UNSAT,20,Minisat220_DoneNormally_UNSAT,19,60
c25b4827-ec40-413f-9a03-00dc0344c504,cnf,15,20.0,0.0482511719999934,True,9,1,UNSAT,20,Minisat220_DoneNormally_UNSAT,20,59
cbf5811a-a97b-43dd-8584-511989f36622,cnf,16,20.0,0.04783858199999713,True,9,1,UNSAT,20,Minisat220_DoneNormally_UNSAT,22,58
78410e96-f053-477d-9a97-5987b7c9143d,cnf,17,20.0,0.04823310299997274,True,9,1,UNSAT,20,Minisat220_DoneNormally_UNSAT,18,58
f697cf16-5bfd-4803-b648-cf9bc7e37fdc,cnf,18,20.0,0.0473144620000312,True,9,1,UNSAT,20,Minisat220_DoneNormally_UNSAT,22,58
9d2f8088-6808-490a-bbfd-434349411b66,cnf,19,20.0,0.04883354200001122,True,9,1,UNSAT,20,Minisat220_DoneNormally_UNSAT,19,59
51fb3d40-7cc4-4f88-b1e0-7aacc7c87394,cnf,20,20.0,0.0480532419999804,True,9,1,UNSAT,20,Minisat220_DoneNormally_UNSAT,18,58
70ed433e-261a-40a9-b134-654d5467d37e,cnf,21,20.0,0.050263582000013685,True,9,1,UNSAT,20,Minisat220_DoneNormally_UNSAT,24,61
d2f69473-f267-439e-a637-2e93b6b4c4a6,cnf,22,20.0,0.048137392000001,True,9,1,UNSAT,20,Minisat220_DoneNormally_UNSAT,20,58
cda69f86-3ea5-4e7e-aee4-b63f35ea1b4c,cnf,23,20.0,0.04917964200001279,True,9,1,UNSAT,20,Minisat220_DoneNormally_UNSAT,19,59
0fbe0678-fd6a-40bd-8201-c400cbc2a0cc,cnf,24,20.0,0.05020192199998519,True,9,1,UNSAT,20,Minisat220_DoneNormally_UNSAT,21,60
daf559e9-8e80-4728-b0e6-047d510aa37d,cnf,25,20.0,0.049674652999954105,True,9,1,UNSAT,20,Minisat220_DoneNormally_UNSAT,17,60
df202693-1da3-404e-b70e-5287b0aa95d7,cnf,26,20.0,0.047643212000025414,True,9,1,UNSAT,20,Minisat220_DoneNormally_UNSAT,21,58
e71769eb-39ec-4c15-96fb-fb05fd77d01e,cnf,27,20.0,0.04800943200001484,True,9,1,UNSAT,20,Minisat220_DoneNormally_UNSAT,21,58
55fd3c96-23b2-4390-9a9a-c167c458259d,cnf,28,20.0,0.047890422000023136,True,9,1,UNSAT,20,Minisat220_DoneNormally_UNSAT,20,58
4061f6ac-389f-428a-8e5b-4306fa41152a,cnf,29,20.0,0.048492653000039354,True,9,1,UNSAT,20,Minisat220_DoneNormally_UNSAT,17,59
01cd2727-a72e-473a-8dde-94f9c3c13012,cnf,30,20.0,0.04806993199997578,True,9,1,UNSAT,20,Minisat220_DoneNormally_UNSAT,19,58
77b42e86-38f6-4b77-9930-5ce64ae5fe4b,cnf,31,20.0,0.050860483000008117,True,9,1,UNSAT,20,Minisat220_DoneNormally_UNSAT,20,61
41247291-e801-4fdd-bf2c-c30377f46130,cnf,32,20.0,0.04854639299998098,True,9,1,UNSAT,20,Minisat220_DoneNormally_UNSAT,19,59
fcf39f46-783a-4f3a-8f81-f8aface1c3d4,cnf,33,20.0,0.04933847199998809,True,9,1,UNSAT,20,Minisat220_DoneNormally_UNSAT,18,60
c40ae1a8-b3ec-4b17-a519-b5beed6d82a0,cnf,34,20.0,0.04889777200003209,True,9,1,UNSAT,20,Minisat220_DoneNormally_UNSAT,24,59
a676d202-5610-46e8-9858-fb376157f4ec,cnf,35,20.0,0.04899276200001168,True,9,1,UNSAT,20,Minisat220_DoneNormally_UNSAT,20,59
ace6fe74-b131-4fe8-b671-7aaf83b979d9,cnf,36,20.0,0.04963089199998194,True,9,1,UNSAT,20,Minisat220_DoneNormally_UNSAT,19,60
90cd8a8c-fcbb-4dc4-b7f4-5d83270624eb,cnf,37,20.0,0.048072881999985384,True,9,1,UNSAT,20,Minisat220_DoneNormally_UNSAT,19,58
11f84cfe-4988-4482-a056-05535cf0cca4,cnf,38,20.0,0.04840899199996329,True,9,1,UNSAT,20,Minisat220_DoneNormally_UNSAT,16,59
2d9e94f9-3a89-43c6-8aa6-3311e55fed00,cnf,39,20.0,0.04953989199998432,True,9,1,UNSAT,20,Minisat220_DoneNormally_UNSAT,20,60
e648ce6c-a2f1-46b5-9989-26ebd0bc8179,cnf,40,20.0,0.048113192000016625,True,9,1,UNSAT,20,Minisat220_DoneNormally_UNSAT,19,59
60b81d8e-4ca1-485a-a85e-cd50cfa297e3,cnf,41,20.0,0.048709852000001774,True,9,1,UNSAT,20,Minisat220_DoneNormally_UNSAT,19,59
545d1eee-5227-495f-95a7-46dfecc70a3f,cnf,42,20.0,0.048120842000002995,True,9,1,UNSAT,20,Minisat220_DoneNormally_UNSAT,21,59
50cc99dc-cadc-4ab4-9073-7c1ee0072fc6,cnf,43,20.0,0.049288893000039025,True,9,1,UNSAT,20,Minisat220_DoneNormally_UNSAT,19,60
988c09dc-9b00-432f-992c-b78e78189c43,cnf,44,20.0,0.04866584299998067,True,9,1,UNSAT,20,Minisat220_DoneNormally_UNSAT,18,59
40c3fc10-deb6-407f-ac1c-a90bffabd722,cnf,45,20.0,0.04831290300001001,True,9,1,UNSAT,20,Minisat220_DoneNormally_UNSAT,21,59
06bd3fdc-3222-4d41-8509-7675bc66b0b4,cnf,46,20.0,0.047911652000038885,True,9,1,UNSAT,20,Minisat220_DoneNormally_UNSAT,22,58
9f7aefb7-b205-49ad-a6fe-5c5bb4c31e33,cnf,47,20.0,0.04912074199995686,True,9,1,UNSAT,20,Minisat220_DoneNormally_UNSAT,21,60
59d5c0a9-bd98-42ef-891a-f5ef241be694,cnf,48,20.0,0.05017780299999686,True,9,1,UNSAT,20,Minisat220_DoneNormally_UNSAT,20,61
91ea4bc2-521a-4464-b94d-60c67d3f0760,cnf,49,20.0,0.049829482999996344,True,9,1,UNSAT,20,Minisat220_DoneNormally_UNSAT,23,60
366c2355-24ca-42b9-811f-f2817ea399fd,cnf,50,20.0,0.048380581999992955,True,9,1,UNSAT,20,Minisat220_DoneNormally_UNSAT,23,59
0ca4f4c5-a007-486b-b126-eac383ca1cc0,cnf,51,20.0,0.05131260199999588,True,9,1,UNSAT,20,Minisat220_DoneNormally_UNSAT,18,61
afe076a4-4b0e-4c95-ab58-90cdfc19a7bf,cnf,52,20.0,0.04803891199998134,True,9,1,UNSAT,20,Minisat220_DoneNormally_UNSAT,20,59
32c7679a-2c25-4e9f-835f-982d6d159225,cnf,53,20.0,0.049012133000019276,True,9,1,UNSAT,20,Minisat220_DoneNormally_UNSAT,23,59
35c381b1-82f2-45b4-af27-f9888fdcdf61,cnf,54,20.0,0.048131622999960655,True,9,1,UNSAT,20,Minisat220_DoneNormally_UNSAT,21,59
50ec4751-558c-41de-8e78-9dfa1a6d2710,cnf,55,20.0,0.049326932000042234,True,9,1,UNSAT,20,Minisat220_DoneNormally_UNSAT,21,60
481811b8-b5dd-4a09-8ba1-d11eb6b810cf,cnf,56,20.0,0.04825027200001841,True,9,1,UNSAT,20,Minisat220_DoneNormally_UNSAT,16,59
e624e644-5580-4684-a5b8-1cdc40aedf4d,cnf,57,20.0,0.04867047199996932,True,9,1,UNSAT,20,Minisat220_DoneNormally_UNSAT,22,59
6c1f8184-c7e8-4315-9f25-518921db1c8e,cnf,58,20.0,0.048589152000033664,True,9,1,UNSAT,20,Minisat220_DoneNormally_UNSAT,23,59
d61fb9ed-87d5-4738-9340-6c59adb0ebf6,cnf,59,20.0,0.04832935299998553,True,9,1,UNSAT,20,Minisat220_DoneNormally_UNSAT,18,59
e4a50eaf-962a-4351-aa74-dc75074d61d2,cnf,60,20.0,0.04882429200000615,True,9,1,UNSAT,20,Minisat220_DoneNormally_UNSAT,20,59
a068886f-756a-4b1c-873e-92a6523c6185,cnf,61,20.0,0.052428542000029665,True,9,1,UNSAT,20,Minisat220_DoneNormally_UNSAT,21,63
70d35ba8-09c0-4f0c-9dec-0bbd82369955,cnf,62,20.0,0.04832200200002035,True,9,1,UNSAT,20,Minisat220_DoneNormally_UNSAT,19,59
0975e61e-4098-4024-b379-fa2458c0d67e,cnf,63,20.0,0.04998447200000555,True,9,1,UNSAT,20,Minisat220_DoneNormally_UNSAT,23,60
c6064b7e-9c3b-4ec7-8741-c287bcd87413,cnf,64,20.0,0.047925931999998284,True,9,1,UNSAT,20,Minisat220_DoneNormally_UNSAT,18,58
4aedc912-cd67-4204-8a91-ccd389931633,cnf,65,20.0,0.05110024200001817,True,9,1,UNSAT,20,Minisat220_DoneNormally_UNSAT,19,62
80b4d913-f6e8-420f-9ed6-3c25c59d6e66,cnf,66,20.0,0.04931979200000569,True,9,1,UNSAT,20,Minisat220_DoneNormally_UNSAT,22,60
a7e678df-f830-4ba1-80a6-e966610a180e,cnf,67,20.0,0.048588453000036225,True,9,1,UNSAT,20,Minisat220_DoneNormally_UNSAT,17,59
7616639a-8bc7-49c3-8fb8-0e337df21b1f,cnf,68,20.0,0.05102127200001405,True,9,1,UNSAT,20,Minisat220_DoneNormally_UNSAT,18,61
6b6fc61e-47fd-41cd-9a24-2a3dfc7d2558,cnf,69,20.0,0.04986534299996492,True,9,1,UNSAT,20,Minisat220_DoneNormally_UNSAT,22,60
b4aa2578-d1b1-4f14-a172-e3128dcb1185,cnf,70,20.0,0.04987355299999763,True,9,1,UNSAT,20,Minisat220_DoneNormally_UNSAT,21,60
7505fc7b-cb34-42ef-bd9f-622f4d645ea9,cnf,71,20.0,0.04799559200000658,True,9,1,UNSAT,20,Minisat220_DoneNormally_UNSAT,23,58
540553d3-1d57-486b-b3ce-f315329242fa,cnf,72,20.0,0.04916138200002251,True,9,1,UNSAT,20,Minisat220_DoneNormally_UNSAT,21,60
690eba6f-c4bb-4622-a3f2-35fbe4909868,cnf,73,20.0,0.0492898329999889,True,9,1,UNSAT,20,Minisat220_DoneNormally_UNSAT,21,60
19b011bd-f32b-42a1-93f2-8d78523ece70,cnf,74,20.0,0.048362772000018595,True,9,1,UNSAT,20,Minisat220_DoneNormally_UNSAT,23,59
b409b03b-8f0b-4220-a1e9-7f02eb413a6e,cnf,75,20.0,0.04850568199998406,True,9,1,UNSAT,20,Minisat220_DoneNormally_UNSAT,19,59
021586d7-b44e-4868-b6fd-572ea1592083,cnf,76,20.0,0.04778540299997758,True,9,1,UNSAT,20,Minisat220_DoneNormally_UNSAT,23,58
1bb71483-ff75-46c0-8d2a-5a9f54c58b6b,cnf,77,20.0,0.04836888199997702,True,9,1,UNSAT,20,Minisat220_DoneNormally_UNSAT,19,59
27d269bf-e6cc-4a97-a8c0-7107c103c870,cnf,78,20.0,0.05010517199997366,True,9,1,UNSAT,20,Minisat220_DoneNormally_UNSAT,19,61
8bc897b2-9c93-46f3-975e-5a09f4c8cfbe,cnf,79,20.0,0.048827742000014496,True,9,1,UNSAT,20,Minisat220_DoneNormally_UNSAT,21,59
98912578-e4e6-4b25-ba10-3acd48dfe96f,cnf,80,20.0,0.05019009200003666,True,9,1,UNSAT,20,Minisat220_DoneNormally_UNSAT,22,61
a5a4fe13-7744-4e55-a1f9-df68b4b330a3,cnf,81,20.0,0.04807821200000717,True,9,1,UNSAT,20,Minisat220_DoneNormally_UNSAT,22,59
c157e87c-002f-4678-b5e2-041af102f823,cnf,82,20.0,0.048149561999991874,True,9,1,UNSAT,20,Minisat220_DoneNormally_UNSAT,19,59
345cb266-94df-4cf2-858f-35abb515851f,cnf,83,20.0,0.048024472999998125,True,9,1,UNSAT,20,Minisat220_DoneNormally_UNSAT,17,59
5cd20d3d-3e51-4094-af02-ce574562b7d7,cnf,84,20.0,0.048694392000015796,True,9,1,UNSAT,20,Minisat220_DoneNormally_UNSAT,18,59
b6a5372e-9a7d-4329-9d1e-d7d7a31a2e08,cnf,85,20.0,0.04878893299996889,True,9,1,UNSAT,20,Minisat220_DoneNormally_UNSAT,18,59
09e44195-6cfc-4d88-a519-b8754e4cc63f,cnf,86,20.0,0.047736802000031275,True,9,1,UNSAT,20,Minisat220_DoneNormally_UNSAT,20,58
9c8abce1-b94b-4b1b-aa87-dc1d9b6c82e0,cnf,87,20.0,0.04924996199997622,True,9,1,UNSAT,20,Minisat220_DoneNormally_UNSAT,19,60
4ff72eb6-6d09-4fee-ac1f-aafe0ea5fa5b,cnf,88,20.0,0.04866213200000402,True,9,1,UNSAT,20,Minisat220_DoneNormally_UNSAT,20,59
ce5fca90-3682-4bc5-a1eb-6217469bbb15,cnf,89,20.0,0.04905066200001329,True,9,1,UNSAT,20,Minisat220_DoneNormally_UNSAT,20,60
63e681ea-d49b-4291-8389-34c6490d05ac,cnf,90,20.0,0.04845733199999813,True,9,1,UNSAT,20,Minisat220_DoneNormally_UNSAT,20,59
1398f03c-fbf4-4ac8-bfa1-289072aa9cf1,cnf,91,20.0,0.04835584199997811,True,9,1,UNSAT,20,Minisat220_DoneNormally_UNSAT,21,59
ee60c9a8-8b43-4263-9409-c1468d761f66,cnf,92,20.0,0.049373511999988295,True,9,1,UNSAT,20,Minisat220_DoneNormally_UNSAT,21,60
3dcf4633-cc6a-45cf-a1e1-5dc7274c4674,cnf,93,20.0,0.04859012300005361,True,9,1,UNSAT,20,Minisat220_DoneNormally_UNSAT,20,59
876af16c-df21-4d06-9130-b13d87eb4c86,cnf,94,20.0,0.050056841999946755,True,9,1,UNSAT,20,Minisat220_DoneNormally_UNSAT,24,61
8543dd71-ff97-43f7-b269-94b990e7254e,cnf,95,20.0,0.04803267199997663,True,9,1,UNSAT,20,Minisat220_DoneNormally_UNSAT,17,59
015c752c-4ac1-40dd-a7c9-1e2654ad77d1,cnf,96,20.0,0.04847418200000675,True,9,1,UNSAT,20,Minisat220_DoneNormally_UNSAT,22,59
1f2ce401-bae4-4e79-88d6-bd0ed8c43c47,cnf,97,20.0,0.0482831420000025,True,9,1,UNSAT,20,Minisat220_DoneNormally_UNSAT,20,59
c4df8399-5291-4064-be02-d93d70d0e609,cnf,98,20.0,0.049135632999991685,True,9,1,UNSAT,20,Minisat220_DoneNormally_UNSAT,19,60
17d2f0d3-4e66-4fc0-81f8-49b0d4f2ab19,cnf,99,20.0,0.048905252000054134,True,9,1,UNSAT,20,Minisat220_DoneNormally_UNSAT,24,60
c8512865-ccfa-4eee-9e9d-a58d776b3379,cnf,100,20.0,0.048958322000032695,True,9,1,UNSAT,20,Minisat220_DoneNormally_UNSAT,22,60
58664b21-339f-47df-bd19-a3c1833571da,cnf,101,20.0,0.049803461999999854,True,9,1,UNSAT,20,Minisat220_DoneNormally_UNSAT,23,60
20731115-d75f-40ab-a2f3-cccc1d5d82db,cnf,102,20.0,0.04924603200004185,True,9,1,UNSAT,20,Minisat220_DoneNormally_UNSAT,22,60
c2a1dbaf-5dab-4625-a85a-8b0bfe681f32,cnf,103,20.0,0.04826103300001705,True,9,1,UNSAT,20,Minisat220_DoneNormally_UNSAT,21,59
27c50b84-48b4-4302-b87e-ca5dcc9c0258,cnf,104,20.0,0.0494958419999989,True,9,1,UNSAT,20,Minisat220_DoneNormally_UNSAT,21,60
a8878821-102d-4c8c-9ec7-253f0f018cbe,cnf,105,20.0,0.04880846200001088,True,9,1,UNSAT,20,Minisat220_DoneNormally_UNSAT,24,59
01355748-2f0c-4923-b58b-dac9f7db42f2,cnf,106,20.0,0.04984802199999194,True,9,1,UNSAT,20,Minisat220_DoneNormally_UNSAT,20,60
01429c67-5c72-4ce3-b1cf-3acddd173295,cnf,107,20.0,0.04836093300002631,True,9,1,UNSAT,20,Minisat220_DoneNormally_UNSAT,22,59
23337b43-63b9-4b67-b33f-b2647cfb67fa,cnf,108,20.0,0.04891230200001928,True,9,1,UNSAT,20,Minisat220_DoneNormally_UNSAT,18,60
af7835b9-b9f9-4b9c-858c-50701bd753dc,cnf,109,20.0,0.0498772029999941,True,9,1,UNSAT,20,Minisat220_DoneNormally_UNSAT,22,61
a0661046-e521-4730-80ef-75a1f0e81973,cnf,110,20.0,0.04978889199998093,True,9,1,UNSAT,20,Minisat220_DoneNormally_UNSAT,22,60
124c141b-c7f5-4ce2-a07a-66840fdd6c3b,cnf,111,20.0,0.04839568199997757,True,9,1,UNSAT,20,Minisat220_DoneNormally_UNSAT,19,59
555debc3-fd6d-458d-9646-cb01be13ebfd,cnf,112,20.0,0.04845878300000095,True,9,1,UNSAT,20,Minisat220_DoneNormally_UNSAT,19,59
1144dd8c-d0b1-42fb-b5f2-029017146159,cnf,113,20.0,0.049169261999963965,True,9,1,UNSAT,20,Minisat220_DoneNormally_UNSAT,22,60
8aff809b-a75c-4d6f-96f3-6c16659ec5fc,cnf,114,20.0,0.04926147300000139,True,9,1,UNSAT,20,Minisat220_DoneNormally_UNSAT,21,60
646e726e-1c87-4013-ba98-358d0a42dd62,cnf,115,20.0,0.04854871300000241,True,9,1,UNSAT,20,Minisat220_DoneNormally_UNSAT,21,59
9a63feb4-7358-4e64-96df-843d946ca68d,cnf,116,20.0,0.04938182199998664,True,9,1,UNSAT,20,Minisat220_DoneNormally_UNSAT,20,60
0a633a52-6bce-4ef9-9ca0-c4600951b4cb,cnf,117,20.0,0.04928063199997723,True,9,1,UNSAT,20,Minisat220_DoneNormally_UNSAT,20,60
19fe9bc6-fba1-461b-bf46-9eeb10fe9d1c,cnf,118,20.0,0.05182988300003899,True,9,1,UNSAT,20,Minisat220_DoneNormally_UNSAT,23,62
7e011301-3a2d-444e-9eeb-0ee45dc5e15c,cnf,119,20.0,0.048558612000022094,True,9,1,UNSAT,20,Minisat220_DoneNormally_UNSAT,19,59
27d68166-3ae7-4a7c-b974-2805e51a9fec,cnf,120,20.0,0.04885887300002878,True,9,1,UNSAT,20,Minisat220_DoneNormally_UNSAT,18,60
934e90f5-5b56-4470-9812-b5079369374c,cnf,121,20.0,0.049745101999974395,True,9,1,UNSAT,20,Minisat220_DoneNormally_UNSAT,22,60
d83ead13-b040-4273-81ef-7a95c41a5f21,cnf,122,20.0,0.04839482299996689,True,9,1,UNSAT,20,Minisat220_DoneNormally_UNSAT,22,59
3920ae6a-ea42-4e39-8c2b-e343e1ef6dfe,cnf,123,20.0,0.048755561999996644,True,9,1,UNSAT,20,Minisat220_DoneNormally_UNSAT,22,60
fe947475-1595-41b9-9523-63544f19500e,cnf,124,20.0,0.049012683000000834,True,9,1,UNSAT,20,Minisat220_DoneNormally_UNSAT,18,60
f6f8db14-608b-448d-8072-0415a9b58a7b,cnf,125,20.0,0.04840069200002972,True,9,1,UNSAT,20,Minisat220_DoneNormally_UNSAT,17,59
79ec157f-a49b-4b6b-8c7a-95e06b554ed6,cnf,126,20.0,0.04864167199997382,True,9,1,UNSAT,20,Minisat220_DoneNormally_UNSAT,21,59
862f8083-7624-4c6c-96b0-390da4b885c0,cnf,127,20.0,0.04923428300003252,True,9,1,UNSAT,20,Minisat220_DoneNormally_UNSAT,19,60
07b999ba-02c0-44d3-a683-734a5298eb94,cnf,1,20.0,0.048905692000005274,True,9,1,UNSAT,20,Minisat220_DoneNormally_UNSAT,20,59
ce4ac11c-4b4b-4224-b8ef-5678381ff453,cnf,2,20.0,0.04861700300000393,True,9,1,UNSAT,20,Minisat220_DoneNormally_UNSAT,21,59
0b20744f-4d51-45bb-abbf-3d9ff0afe007,cnf,3,20.0,0.047874173000025166,True,9,1,UNSAT,20,Minisat220_DoneNormally_UNSAT,21,58
6fd5bc5c-8cf5-4ea3-8bc7-86326a3b7e82,cnf,4,20.0,0.04814775200003396,True,9,1,UNSAT,20,Minisat220_DoneNormally_UNSAT,19,58
31436c97-4baf-43c4-9a6c-1ff2dc37ca1e,cnf,5,20.0,0.04925802200000362,True,9,1,UNSAT,20,Minisat220_DoneNormally_UNSAT,21,59
a1802fb7-2c55-46fa-8e07-021868dca354,cnf,6,20.0,0.047919172000035815,True,9,1,UNSAT,20,Minisat220_DoneNormally_UNSAT,22,58
a4f2f60d-5843-4f8b-95d1-508fa6146ad8,cnf,7,20.0,0.04818586199996844,True,9,1,UNSAT,20,Minisat220_DoneNormally_UNSAT,20,58
94d84aad-030b-4260-bcd0-38c71e909baf,cnf,8,20.0,0.05452354199996989,True,9,1,UNSAT,20,Minisat220_DoneNormally_UNSAT,22,65
f4988580-2733-45b0-a76e-31dfd66c4bd2,cnf,9,20.0,0.04793687199997976,True,9,1,UNSAT,20,Minisat220_DoneNormally_UNSAT,21,58
2006bf22-8964-4f16-b641-970aa120c671,cnf,10,20.0,0.048823461999973006,True,9,1,UNSAT,20,Minisat220_DoneNormally_UNSAT,19,59
144fd96d-0313-4bfc-ac20-d055e383c6e4,cnf,11,20.0,0.04757965200002445,True,9,1,UNSAT,20,Minisat220_DoneNormally_UNSAT,21,58
e5de7d1c-221e-4bb7-8360-539272ed24a0,cnf,12,20.0,0.04908504299999095,True,9,1,UNSAT,20,Minisat220_DoneNormally_UNSAT,22,59
66e29c1f-5c4a-4a70-b5ec-d64fba685a79,cnf,13,20.0,0.04930841200001623,True,9,1,UNSAT,20,Minisat220_DoneNormally_UNSAT,23,59
dbd37247-673a-4844-b165-355ac93d1b75,cnf,14,20.0,0.04780518199999051,True,9,1,UNSAT,20,Minisat220_DoneNormally_UNSAT,22,58
1b6eb318-ce15-4012-b74c-f566c5f3988c,cnf,15,20.0,0.048596672000030594,True,9,1,UNSAT,20,Minisat220_DoneNormally_UNSAT,18,59
bf5d0c59-dfcb-4b72-bdbe-586518ccb16a,cnf,16,20.0,0.0481129319999809,True,9,1,UNSAT,20,Minisat220_DoneNormally_UNSAT,22,58
702b6ed5-a31e-470a-9aca-9740a0d5a78a,cnf,17,20.0,0.04852994300000546,True,9,1,UNSAT,20,Minisat220_DoneNormally_UNSAT,21,59
22a3d943-d8c9-4c6d-bd06-5189098ccf22,cnf,18,20.0,0.048112061999972866,True,9,1,UNSAT,20,Minisat220_DoneNormally_UNSAT,19,58
c32eb8a8-5cca-4e79-bae6-9732e9239fc8,cnf,19,20.0,0.048348292000014226,True,9,1,UNSAT,20,Minisat220_DoneNormally_UNSAT,18,58
032b9bd6-dddd-494a-a3ce-3ad51d7dcbba,cnf,20,20.0,0.04803144199996723,True,9,1,UNSAT,20,Minisat220_DoneNormally_UNSAT,21,58
bba453d6-b6f7-4dfc-a53f-05a62f19de36,cnf,21,20.0,0.04886022199997342,True,9,1,UNSAT,20,Minisat220_DoneNormally_UNSAT,19,59
a4a7bd10-095f-4a5d-9390-c34c8d2dbe79,cnf,22,20.0,0.04744823200002202,True,9,1,UNSAT,20,Minisat220_DoneNormally_UNSAT,18,57
e3e6f251-6c9e-446e-8a9b-ada1a81425b4,cnf,23,20.0,0.04908784200000582,True,9,1,UNSAT,20,Minisat220_DoneNormally_UNSAT,19,59
8f178f51-7040-4928-825d-7b25ae12b025,cnf,24,20.0,0.048400891999961004,True,9,1,UNSAT,20,Minisat220_DoneNormally_UNSAT,22,58
0dca511e-1844-4c6f-a4b0-4189c2285e9f,cnf,25,20.0,0.04851792300001989,True,9,1,UNSAT,20,Minisat220_DoneNormally_UNSAT,21,59
86134c15-8a18-4143-89e5-55a42613bb68,cnf,26,20.0,0.04814499200000455,True,9,1,UNSAT,20,Minisat220_DoneNormally_UNSAT,22,58
ccb8161e-79a7-4a7b-b534-8f84917862c6,cnf,27,20.0,0.04806275199996435,True,9,1,UNSAT,20,Minisat220_DoneNormally_UNSAT,21,58
88bb45ab-734b-4df2-a81d-a3ad8e0e2a56,cnf,28,20.0,0.0480356720000259,True,9,1,UNSAT,20,Minisat220_DoneNormally_UNSAT,20,58
7913ebee-b80b-4a14-868d-cec932eda98e,cnf,29,20.0,0.048572782999997344,True,9,1,UNSAT,20,Minisat220_DoneNormally_UNSAT,20,59
dcaec8f8-d22a-47e6-ac3e-0112ed49e291,cnf,30,20.0,0.048539072000039596,True,9,1,UNSAT,20,Minisat220_DoneNormally_UNSAT,21,59
053dc87d-09c7-408f-80b3-ddf31b2126c2,cnf,31,20.0,0.04891594200000782,True,9,1,UNSAT,20,Minisat220_DoneNormally_UNSAT,24,59
895f3c92-faeb-406c-8fe8-c4da85956079,cnf,32,20.0,0.04762571300000218,True,9,1,UNSAT,20,Minisat220_DoneNormally_UNSAT,21,58
67522ca0-1ddb-4ee7-bc9f-af6af1c341bc,cnf,33,20.0,0.05073029199996881,True,9,1,UNSAT,20,Minisat220_DoneNormally_UNSAT,23,61
88d8f43a-2bb0-4876-84bf-07a60ec1e16d,cnf,34,20.0,0.04807746199998064,True,9,1,UNSAT,20,Minisat220_DoneNormally_UNSAT,22,59
7dcb47e7-08c0-4a8b-84ca-a3dbf2d97190,cnf,35,20.0,0.049076051999975334,True,9,1,UNSAT,20,Minisat220_DoneNormally_UNSAT,23,59
9a9f5197-5763-40ff-b656-dfa104385ea5,cnf,36,20.0,0.04916783199996644,True,9,1,UNSAT,20,Minisat220_DoneNormally_UNSAT,20,59
1147191c-9e72-45cf-8a72-11e8f7ed19d5,cnf,37,20.0,0.04807987200001662,True,9,1,UNSAT,20,Minisat220_DoneNormally_UNSAT,25,58
4be8544a-b8e7-42d1-a2e7-1e4f58b8460e,cnf,38,20.0,0.04873252199996614,True,9,1,UNSAT,20,Minisat220_DoneNormally_UNSAT,20,59
e808be53-7478-48e1-ae46-c39b2046524e,cnf,39,20.0,0.049122701999976925,True,9,1,UNSAT,20,Minisat220_DoneNormally_UNSAT,21,59
902d267e-2597-492c-8912-1d578e74bab5,cnf,40,20.0,0.048376292000000376,True,9,1,UNSAT,20,Minisat220_DoneNormally_UNSAT,21,58
951e09f9-cb58-46eb-b380-89408474a78f,cnf,41,20.0,0.04786190200002238,True,9,1,UNSAT,20,Minisat220_DoneNormally_UNSAT,23,58
c7ab4184-18bd-4d9f-a5f1-0e76e3b5644e,cnf,42,20.0,0.0486212220000084,True,9,1,UNSAT,20,Minisat220_DoneNormally_UNSAT,23,59
becd156e-eb86-4540-9afa-981dcfee3813,cnf,43,20.0,0.048200452000003224,True,9,1,UNSAT,20,Minisat220_DoneNormally_UNSAT,24,58
5898bc9f-31d1-4247-9abf-ec49b6a0cd23,cnf,44,20.0,0.048672762999956376,True,9,1,UNSAT,20,Minisat220_DoneNormally_UNSAT,23,59
4df7026c-7f71-4e4d-9835-4e66992b582e,cnf,45,20.0,0.048212122999984786,True,9,1,UNSAT,20,Minisat220_DoneNormally_UNSAT,24,58
f7ce920a-0fff-43a7-bdfa-f1e1e8c594a9,cnf,46,20.0,0.04807443199996442,True,9,1,UNSAT,20,Minisat220_DoneNormally_UNSAT,19,58
68a0c32c-a6b7-4e9c-a0a4-8044f1d345e3,cnf,47,20.0,0.04859707200000685,True,9,1,UNSAT,20,Minisat220_DoneNormally_UNSAT,20,59
d1e21555-3ce9-40c0-93ee-a91574d5932f,cnf,48,20.0,0.04846923299999162,True,9,1,UNSAT,20,Minisat220_DoneNormally_UNSAT,21,59
e0f128a7-bb0a-45a2-b782-2237c72a0347,cnf,49,20.0,0.04764617300003238,True,9,1,UNSAT,20,Minisat220_DoneNormally_UNSAT,23,58
11128b71-038d-4f7b-a219-1f51f35399c4,cnf,50,20.0,0.048605611999960274,True,9,1,UNSAT,20,Minisat220_DoneNormally_UNSAT,20,59
e09463a5-1ee9-424d-befa-9e1caf361110,cnf,51,20.0,0.04921821200002796,True,9,1,UNSAT,20,Minisat220_DoneNormally_UNSAT,20,59
f6b74df6-0fbb-4a8d-803f-1dda4d735dc2,cnf,52,20.0,0.04824586199998748,True,9,1,UNSAT,20,Minisat220_DoneNormally_UNSAT,22,58
6685e86f-f04e-436d-8d9c-1a6b33d2eaba,cnf,53,20.0,0.04807487300001867,True,9,1,UNSAT,20,Minisat220_DoneNormally_UNSAT,22,58
f80e97bd-31de-466a-a79b-0d10a840d0c2,cnf,54,20.0,0.048462762999974984,True,9,1,UNSAT,20,Minisat220_DoneNormally_UNSAT,20,59
6a2dc3e7-9bc4-4180-b277-0b141ff9d193,cnf,55,20.0,0.048221692000026906,True,9,1,UNSAT,20,Minisat220_DoneNormally_UNSAT,20,58
e7762221-b30f-4cb2-8650-95d47589e5f2,cnf,56,20.0,0.04787635200000295,True,9,1,UNSAT,20,Minisat220_DoneNormally_UNSAT,21,58
28683d1e-2622-41d7-8e67-1123923f1e4e,cnf,57,20.0,0.04864116199996715,True,9,1,UNSAT,20,Minisat220_DoneNormally_UNSAT,21,59
bbecc337-0712-482d-906f-a267d388c6f3,cnf,58,20.0,0.04871489199996404,True,9,1,UNSAT,20,Minisat220_DoneNormally_UNSAT,19,59
d0b75217-45f6-47ee-a260-8edd72c89b9d,cnf,59,20.0,0.048721213000021635,True,9,1,UNSAT,20,Minisat220_DoneNormally_UNSAT,24,59
55d72bb1-f2c3-4957-bd3d-ec616b6ff8e3,cnf,60,20.0,0.04916151200001195,True,9,1,UNSAT,20,Minisat220_DoneNormally_UNSAT,21,59
93d8baf7-de12-4149-91c1-0ad6c449e72f,cnf,61,20.0,0.048987611999962155,True,9,1,UNSAT,20,Minisat220_DoneNormally_UNSAT,23,59
4e2f64cd-f1c7-4524-a4f6-e8c8316994a4,cnf,62,20.0,0.04932729299997618,True,9,1,UNSAT,20,Minisat220_DoneNormally_UNSAT,23,59
de5502f7-018b-4a9e-b596-51c57bd33823,cnf,63,20.0,0.05095791299999064,True,9,1,UNSAT,20,Minisat220_DoneNormally_UNSAT,18,61
1d4b05e6-566a-4752-88f8-487b3586328a,cnf,64,20.0,0.04836209199999075,True,9,1,UNSAT,20,Minisat220_DoneNormally_UNSAT,22,59
9b39b168-ce53-4349-91b4-16eb0222700c,cnf,65,20.0,0.05029983200000743,True,9,1,UNSAT,20,Minisat220_DoneNormally_UNSAT,19,61
c3485ada-7fa3-4ba1-ac34-9d2afcc02741,cnf,66,20.0,0.04842687199999318,True,9,1,UNSAT,20,Minisat220_DoneNormally_UNSAT,22,59
136ca041-c581-44ac-8128-dd305f6f88f2,cnf,67,20.0,0.0492027629999825,True,9,1,UNSAT,20,Minisat220_DoneNormally_UNSAT,22,59
32ddeb5d-ae68-4990-95e9-abf69e1cd99d,cnf,68,20.0,0.06193664299996726,True,9,1,UNSAT,20,Minisat220_DoneNormally_UNSAT,22,72
dceb0c5c-87d0-466d-83eb-65cfde0794ce,cnf,69,20.0,0.050265822999961074,True,9,1,UNSAT,20,Minisat220_DoneNormally_UNSAT,20,61
dd78a316-a7aa-4546-80d0-7c216d73c860,cnf,70,20.0,0.055582162999996854,True,9,1,UNSAT,20,Minisat220_DoneNormally_UNSAT,30,66
b30d6871-46da-49ee-ba60-b016a411f34e,cnf,71,20.0,0.04816926199998761,True,9,1,UNSAT,20,Minisat220_DoneNormally_UNSAT,23,58
3e0310f2-218d-4c0d-8344-8ce3e0a9e673,cnf,72,20.0,0.05027306200003068,True,9,1,UNSAT,20,Minisat220_DoneNormally_UNSAT,22,61
ec8f3b5e-d676-4c78-b53d-a36456e432ee,cnf,73,20.0,0.05008003299997199,True,9,1,UNSAT,20,Minisat220_DoneNormally_UNSAT,25,60
5a859b9b-714c-4320-b71e-24bb61bf7645,cnf,74,20.0,0.04870106300000998,True,9,1,UNSAT,20,Minisat220_DoneNormally_UNSAT,21,59
89ca592c-6bc2-40c6-9980-df42754ebfc2,cnf,75,20.0,0.04859869200004141,True,9,1,UNSAT,20,Minisat220_DoneNormally_UNSAT,22,59
6036b2be-d0f0-4cdf-9aea-7c872f1792b0,cnf,76,20.0,0.04825076299999864,True,9,1,UNSAT,20,Minisat220_DoneNormally_UNSAT,20,58
93f184d7-7f78-41a4-bfda-518f19d5131b,cnf,77,20.0,0.04797716199999513,True,9,1,UNSAT,20,Minisat220_DoneNormally_UNSAT,18,58
5d4a4625-980c-480f-8b2d-448b0ed51c8e,cnf,78,20.0,0.04920726199998171,True,9,1,UNSAT,20,Minisat220_DoneNormally_UNSAT,18,59
901e8823-2bc6-4d39-99d8-4e32c0fe4494,cnf,79,20.0,0.04858195200000637,True,9,1,UNSAT,20,Minisat220_DoneNormally_UNSAT,23,59
da15098a-ae8b-4c49-8d39-3209cfc02b69,cnf,80,20.0,0.04917755200000329,True,9,1,UNSAT,20,Minisat220_DoneNormally_UNSAT,23,59
56603a73-52d4-4bf7-80c6-b9102c77f838,cnf,81,20.0,0.049511453000036454,True,9,1,UNSAT,20,Minisat220_DoneNormally_UNSAT,21,60
0ecbc13d-f1b3-4c77-a1f4-f3d3985e81f8,cnf,82,20.0,0.048361332000013135,True,9,1,UNSAT,20,Minisat220_DoneNormally_UNSAT,21,59
ff3194cd-f9e7-4192-8f0e-498fccfe914e,cnf,83,20.0,0.04839336300000241,True,9,1,UNSAT,20,Minisat220_DoneNormally_UNSAT,21,59
fedff965-06eb-4dbe-8d3f-1b0d8f8a3de0,cnf,84,20.0,0.04858463200002916,True,9,1,UNSAT,20,Minisat220_DoneNormally_UNSAT,21,59
97395963-683e-4735-8078-d011be0be53a,cnf,85,20.0,0.048262862000001405,True,9,1,UNSAT,20,Minisat220_DoneNormally_UNSAT,21,59
613b9f72-521b-4ed8-bbad-847d1ce04239,cnf,86,20.0,0.04809802199997648,True,9,1,UNSAT,20,Minisat220_DoneNormally_UNSAT,24,58
b5d86eac-c4ac-4f1e-9dbc-f8eefb19d221,cnf,87,20.0,0.04947593299999653,True,9,1,UNSAT,20,Minisat220_DoneNormally_UNSAT,24,60
83793bfe-cb48-462d-b93a-890824810542,cnf,88,20.0,0.048683901999993395,True,9,1,UNSAT,20,Minisat220_DoneNormally_UNSAT,18,59
7678b8e3-a027-4174-bded-43561b7c6c2e,cnf,89,20.0,0.049250652000011996,True,9,1,UNSAT,20,Minisat220_DoneNormally_UNSAT,21,60
0a527f0c-2261-4bfa-bcfe-38f8514b9326,cnf,90,20.0,0.05623791299996128,True,9,1,UNSAT,20,Minisat220_DoneNormally_UNSAT,22,66
cb105232-ac2f-438d-998c-478ef48a4779,cnf,91,20.0,0.04916893299997582,True,9,1,UNSAT,20,Minisat220_DoneNormally_UNSAT,20,59
dc13c3cb-c633-4d4d-8975-0ae8da6ed357,cnf,92,20.0,0.0495559320000325,True,9,1,UNSAT,20,Minisat220_DoneNormally_UNSAT,21,60
e78c1398-ad38-44ce-b892-4a50d341a1bc,cnf,93,20.0,0.04820866299996851,True,9,1,UNSAT,20,Minisat220_DoneNormally_UNSAT,21,58
85e6625f-7c1b-4453-b20f-98f90b661612,cnf,94,20.0,0.05187002200000279,True,9,1,UNSAT,20,Minisat220_DoneNormally_UNSAT,22,62
d95dd5ff-b64f-451f-a86e-0d8694dff10e,cnf,95,20.0,0.0496660219999967,True,9,1,UNSAT,20,Minisat220_DoneNormally_UNSAT,19,60
986e4bf0-409f-4ac0-be42-78263c693694,cnf,96,20.0,0.04818258200003811,True,9,1,UNSAT,20,Minisat220_DoneNormally_UNSAT,19,58
289906ec-7aaf-4f2f-a04e-55b6b0495dbc,cnf,97,20.0,0.049338562999992064,True,9,1,UNSAT,20,Minisat220_DoneNormally_UNSAT,18,60
a591a0f5-67bd-453c-ae91-66606f6ad9b1,cnf,98,20.0,0.048518452999985584,True,9,1,UNSAT,20,Minisat220_DoneNormally_UNSAT,20,59
7e3ef213-9bf0-4040-b281-997513420860,cnf,99,20.0,0.04854469200000722,True,9,1,UNSAT,20,Minisat220_DoneNormally_UNSAT,21,59
23571051-e721-44d6-88cf-df76cca3637a,cnf,100,20.0,0.04911711199997626,True,9,1,UNSAT,20,Minisat220_DoneNormally_UNSAT,23,59
c8709086-6a19-42ee-9a59-661caca8c4b0,cnf,101,20.0,0.049062083000023904,True,9,1,UNSAT,20,Minisat220_DoneNormally_UNSAT,23,59
0a860a90-4c3a-4ad0-92cd-43c2a587289e,cnf,102,20.0,0.048969492000026094,True,9,1,UNSAT,20,Minisat220_DoneNormally_UNSAT,17,59
e20af777-1273-4be6-b906-59ff9ca975c0,cnf,103,20.0,0.04806645200000048,True,9,1,UNSAT,20,Minisat220_DoneNormally_UNSAT,21,58
4c89dcab-d254-4c21-964b-ac7b0d6ffb3c,cnf,104,20.0,0.05213843199999246,True,9,1,UNSAT,20,Minisat220_DoneNormally_UNSAT,24,62
b3101e8e-ac90-4973-aac3-443f1dfb2a1a,cnf,105,20.0,0.049133401999995385,True,9,1,UNSAT,20,Minisat220_DoneNormally_UNSAT,20,60
220faca8-d006-4afa-8632-b568f147fcbe,cnf,106,20.0,0.049927512000010665,True,9,1,UNSAT,20,Minisat220_DoneNormally_UNSAT,22,60
c4010919-c808-443e-811f-010e4e572fe6,cnf,107,20.0,0.04912549299996272,True,9,1,UNSAT,20,Minisat220_DoneNormally_UNSAT,22,59
987a166f-b489-47de-87b0-0deaf76d6367,cnf,108,20.0,0.056891142999973,True,9,1,UNSAT,20,Minisat220_DoneNormally_UNSAT,21,67
8f2b3cdc-dde0-4b0e-92d8-4dbbe38a6501,cnf,109,20.0,0.049031012000000374,True,9,1,UNSAT,20,Minisat220_DoneNormally_UNSAT,22,59
94373483-22b5-4ec4-a53e-8e84cd1ccded,cnf,110,20.0,0.04919539200000145,True,9,1,UNSAT,20,Minisat220_DoneNormally_UNSAT,20,60
d7d62b7a-ca95-4c15-bbe6-12462014071f,cnf,111,20.0,0.04860880199998974,True,9,1,UNSAT,20,Minisat220_DoneNormally_UNSAT,20,59
69e47d22-736c-44a1-aafb-0b894cf4ad6f,cnf,112,20.0,0.04846228299999211,True,9,1,UNSAT,20,Minisat220_DoneNormally_UNSAT,17,59
a19c1a5d-b0cc-440d-8b69-dd4b9a3d9344,cnf,113,20.0,0.04926855200000091,True,9,1,UNSAT,20,Minisat220_DoneNormally_UNSAT,16,60
eebc3c31-4b84-4362-a1bd-161c81d143a1,cnf,114,20.0,0.048730263000038576,True,9,1,UNSAT,20,Minisat220_DoneNormally_UNSAT,20,59
6a4c2a29-6bff-4dbd-8bc3-9d3670309ef8,cnf,115,20.0,0.048831522000000405,True,9,1,UNSAT,20,Minisat220_DoneNormally_UNSAT,22,59
82b8a407-b403-46e3-9371-2a7c699fd134,cnf,116,20.0,0.04884793200000104,True,9,1,UNSAT,20,Minisat220_DoneNormally_UNSAT,21,59
d980d550-0db8-45ec-a671-db94d971646c,cnf,117,20.0,0.04995118200002935,True,9,1,UNSAT,20,Minisat220_DoneNormally_UNSAT,21,60
a3692b16-9fec-4f16-b561-1a2d5c5ec1c8,cnf,118,20.0,0.049389833000020644,True,9,1,UNSAT,20,Minisat220_DoneNormally_UNSAT,21,60
ebb79ccd-1318-4f97-9a39-6b3f0d68c830,cnf,119,20.0,0.04882066200002555,True,9,1,UNSAT,20,Minisat220_DoneNormally_UNSAT,25,59
cb92abc6-3c6c-43c4-967b-60a802aa15c6,cnf,120,20.0,0.04919166300004463,True,9,1,UNSAT,20,Minisat220_DoneNormally_UNSAT,18,60
d9b29c28-3f1e-4f7a-951b-e0cb1ae1bd26,cnf,121,20.0,0.0500169020000385,True,9,1,UNSAT,20,Minisat220_DoneNormally_UNSAT,22,60
33e28d60-a364-4784-94af-76f61a489f28,cnf,122,20.0,0.04924335200001906,True,9,1,UNSAT,20,Minisat220_DoneNormally_UNSAT,20,60
f9aed612-e34f-4066-9491-2c0e8b164890,cnf,123,20.0,0.04921961200000169,True,9,1,UNSAT,20,Minisat220_DoneNormally_UNSAT,23,60
ed8d5e0c-f41e-4cb4-aca3-8585e070a15e,cnf,124,20.0,0.0487685720000286,True,9,1,UNSAT,20,Minisat220_DoneNormally_UNSAT,23,59
216e4c3a-3e09-4e07-b59f-c371349a43f6,cnf,125,20.0,0.04880669200002785,True,9,1,UNSAT,20,Minisat220_DoneNormally_UNSAT,19,59
f582c0e5-af0c-42db-80a5-08b0d401afa9,cnf,126,20.0,0.04871221199999809,True,9,1,UNSAT,20,Minisat220_DoneNormally_UNSAT,19,59
5d7a261b-03a2-4fd5-a33c-723a556ac645,cnf,127,20.0,0.04973658300002626,True,9,1,UNSAT,20,Minisat220_DoneNormally_UNSAT,21,60
0b5ae3b1-0437-4276-b46e-281030d2ed5d,cnf,1,20.0,0.04914510200001132,True,9,1,UNSAT,20,Minisat220_DoneNormally_UNSAT,19,59
66f25dc8-c67a-4ab3-b0a1-36f7512875fb,cnf,2,20.0,0.04922008199997663,True,9,1,UNSAT,20,Minisat220_DoneNormally_UNSAT,23,59
deaf1bae-54ad-48d2-8417-713edcb00b1b,cnf,3,20.0,0.048008002999949895,True,9,1,UNSAT,20,Minisat220_DoneNormally_UNSAT,19,58
73fbc54b-90b6-4995-bf62-1e7fb7abd9ed,cnf,4,20.0,0.04844257199999902,True,9,1,UNSAT,20,Minisat220_DoneNormally_UNSAT,21,58
f67abf82-4ef7-4d3e-842f-ddaa5c0d178a,cnf,5,20.0,0.04953857200001721,True,9,1,UNSAT,20,Minisat220_DoneNormally_UNSAT,23,60
7101e347-af3b-4287-9680-bfee99eaaf35,cnf,6,20.0,0.04902626300003021,True,9,1,UNSAT,20,Minisat220_DoneNormally_UNSAT,22,59
df4783d6-fdf3-4d75-b3a3-8517e6334949,cnf,7,20.0,0.0486779619999993,True,9,1,UNSAT,20,Minisat220_DoneNormally_UNSAT,23,59
948f2184-9408-4ab1-bfaf-4b889bb54daa,cnf,8,20.0,0.047822501999974065,True,9,1,UNSAT,20,Minisat220_DoneNormally_UNSAT,23,58
a5dd846b-f4a1-4b72-b67e-7bd4371adf04,cnf,9,20.0,0.0481192119999605,True,9,1,UNSAT,20,Minisat220_DoneNormally_UNSAT,23,58
86f857b3-d68b-4bd1-9c72-ec644b8d9636,cnf,10,20.0,0.04837660200001892,True,9,1,UNSAT,20,Minisat220_DoneNormally_UNSAT,20,58
4d32332d-a5a7-47eb-82c8-9ec7248a52ab,cnf,11,20.0,0.04844475200002307,True,9,1,UNSAT,20,Minisat220_DoneNormally_UNSAT,23,58
13c362c9-e6c0-4a58-be47-7f610de0cb63,cnf,12,20.0,0.04914809300004208,True,9,1,UNSAT,20,Minisat220_DoneNormally_UNSAT,21,59
22aa678d-69b4-4632-ad58-742c6a7f21f0,cnf,13,20.0,0.0489479820000156,True,9,1,UNSAT,20,Minisat220_DoneNormally_UNSAT,18,59
c509bebf-919a-4aa4-bf41-fd8dcb37e18b,cnf,14,20.0,0.04940022299996372,True,9,1,UNSAT,20,Minisat220_DoneNormally_UNSAT,22,60
a46da489-e33d-4ea2-8b40-bfac7fc4216d,cnf,15,20.0,0.04818758199996864,True,9,1,UNSAT,20,Minisat220_DoneNormally_UNSAT,19,58
8568304a-9e58-4a13-8724-391cf85fb61c,cnf,16,20.0,0.05154187300001922,True,9,1,UNSAT,20,Minisat220_DoneNormally_UNSAT,23,62
36a9ef00-236c-4b7c-9f3d-d5c4529fe208,cnf,17,20.0,0.04779381199995214,True,9,1,UNSAT,20,Minisat220_DoneNormally_UNSAT,20,58
3f74cb0b-c11d-43bb-a506-e85ff761483c,cnf,18,20.0,0.04819103299996641,True,9,1,UNSAT,20,Minisat220_DoneNormally_UNSAT,23,58
9cb8f4cc-00e2-48ce-87b0-8a083b28410d,cnf,19,20.0,0.048898651999991216,True,9,1,UNSAT,20,Minisat220_DoneNormally_UNSAT,23,59
53872d80-6b19-41a0-a21f-0cd0a667ca5d,cnf,20,20.0,0.048981881999964116,True,9,1,UNSAT,20,Minisat220_DoneNormally_UNSAT,18,59
c5dad304-6fbc-4e80-b8bb-6208367625a8,cnf,21,20.0,0.04962405300000228,True,9,1,UNSAT,20,Minisat220_DoneNormally_UNSAT,20,60
e6ca71f9-7fde-4522-8995-8627b985bf60,cnf,22,20.0,0.047901082000009865,True,9,1,UNSAT,20,Minisat220_DoneNormally_UNSAT,19,58
27893866-1ccb-40aa-8be9-655078c6fa5a,cnf,23,20.0,0.04912118199996485,True,9,1,UNSAT,20,Minisat220_DoneNormally_UNSAT,22,59
ee246ef3-7886-4bf6-9b18-b1e15fc2dc1c,cnf,24,20.0,0.04840125200001921,True,9,1,UNSAT,20,Minisat220_DoneNormally_UNSAT,21,58
489a0a6a-f565-4f45-9725-d550b8e41a4a,cnf,25,20.0,0.04930104300001403,True,9,1,UNSAT,20,Minisat220_DoneNormally_UNSAT,20,59
84002393-9522-4db8-b45c-346190e7c1bc,cnf,26,20.0,0.0482290520000106,True,9,1,UNSAT,20,Minisat220_DoneNormally_UNSAT,19,58
41f07a56-4364-49ca-989a-e24325463b97,cnf,27,20.0,0.04830960200001755,True,9,1,UNSAT,20,Minisat220_DoneNormally_UNSAT,23,58
2926ea7f-500e-46fb-8002-7db1b6cee430,cnf,28,20.0,0.04818417199999203,True,9,1,UNSAT,20,Minisat220_DoneNormally_UNSAT,22,58
b4035b7f-11eb-47d5-adfa-7877d72128e4,cnf,29,20.0,0.04850505300004215,True,9,1,UNSAT,20,Minisat220_DoneNormally_UNSAT,22,59
48af3278-5922-41ed-801a-fabc2a2b2d94,cnf,30,20.0,0.04867394199999353,True,9,1,UNSAT,20,Minisat220_DoneNormally_UNSAT,24,59
816ff1a9-cc02-46a8-bb46-6ca940168033,cnf,31,20.0,0.04827694200002952,True,9,1,UNSAT,20,Minisat220_DoneNormally_UNSAT,19,58
1500d4c8-8ac3-4f36-ba1b-b871b9098f17,cnf,32,20.0,0.048267391999957,True,9,1,UNSAT,20,Minisat220_DoneNormally_UNSAT,18,58
2bdd4a97-d336-4d49-90be-b6c0dfe9e439,cnf,33,20.0,0.0506647920000205,True,9,1,UNSAT,20,Minisat220_DoneNormally_UNSAT,21,61
50c0438c-37d4-4b42-946a-a23f5d1376ee,cnf,34,20.0,0.04883499200002461,True,9,1,UNSAT,20,Minisat220_DoneNormally_UNSAT,22,59
c46b5e1b-2676-418d-a7fa-83635a61d09c,cnf,35,20.0,0.04981093300000339,True,9,1,UNSAT,20,Minisat220_DoneNormally_UNSAT,20,60
1e4e63fa-c77f-4f51-a2c6-544dd9d29d18,cnf,36,20.0,0.04982113199997684,True,9,1,UNSAT,20,Minisat220_DoneNormally_UNSAT,21,60
4bf79f72-2d26-4c6c-8c48-5a6b4072730d,cnf,37,20.0,0.04915691200000083,True,9,1,UNSAT,20,Minisat220_DoneNormally_UNSAT,18,59
f70bcd0f-4f9c-4374-a17c-62de153362ee,cnf,38,20.0,0.048652122000021336,True,9,1,UNSAT,20,Minisat220_DoneNormally_UNSAT,19,59
9aa18ae3-7c3a-42bb-b3c1-23886b180a4d,cnf,39,20.0,0.04905365199999778,True,9,1,UNSAT,20,Minisat220_DoneNormally_UNSAT,21,59
8b5e1a64-e8af-492f-8d1f-15498b05d5b5,cnf,40,20.0,0.04823735200000101,True,9,1,UNSAT,20,Minisat220_DoneNormally_UNSAT,22,58
c2ca9821-7548-48eb-8e6a-7406f5d9718f,cnf,41,20.0,0.04843630199997051,True,9,1,UNSAT,20,Minisat220_DoneNormally_UNSAT,24,59
39d92de7-bac0-4c53-b470-f024283e7114,cnf,42,20.0,0.04965820199998916,True,9,1,UNSAT,20,Minisat220_DoneNormally_UNSAT,21,60
ec99aee7-d6fc-4dde-b0ac-e19ed17a4fb1,cnf,43,20.0,0.04875989199996411,True,9,1,UNSAT,20,Minisat220_DoneNormally_UNSAT,19,59
e085b3d5-dfe3-45d9-ac69-f1fe9b4be497,cnf,44,20.0,0.0483754329999897,True,9,1,UNSAT,20,Minisat220_DoneNormally_UNSAT,23,58
50e2f2b3-ab10-45e6-af0f-f89f0334bc8e,cnf,45,20.0,0.04830193300000474,True,9,1,UNSAT,20,Minisat220_DoneNormally_UNSAT,19,58
67573f4b-1ea0-4143-be0a-f0cfcac29272,cnf,46,20.0,0.04827838200003498,True,9,1,UNSAT,20,Minisat220_DoneNormally_UNSAT,21,58
57d4562a-07c3-4c44-9ad3-60918cf64e0a,cnf,47,20.0,0.04920832199996994,True,9,1,UNSAT,20,Minisat220_DoneNormally_UNSAT,20,59
12a6930e-8b2c-423b-a16f-4764a6aa1bc2,cnf,48,20.0,0.04891191299998354,True,9,1,UNSAT,20,Minisat220_DoneNormally_UNSAT,19,59
0e60f0f7-8e26-4dcf-ba19-6ecef52d96f4,cnf,49,20.0,0.04819286299999703,True,9,1,UNSAT,20,Minisat220_DoneNormally_UNSAT,18,58
2dacb261-a536-4dd4-baa6-1692564fd410,cnf,50,20.0,0.049339472000042406,True,9,1,UNSAT,20,Minisat220_DoneNormally_UNSAT,26,59
e57a4813-8f24-464f-aa68-cb7b02e3b1ad,cnf,51,20.0,0.053355681999960325,True,9,1,UNSAT,20,Minisat220_DoneNormally_UNSAT,22,63
cb4778d7-6743-4a75-8693-2bae89e4771a,cnf,52,20.0,0.04841540199998917,True,9,1,UNSAT,20,Minisat220_DoneNormally_UNSAT,23,59
25dd9bf4-a62a-4cb0-965e-453fdabe0bd7,cnf,53,20.0,0.04854104300000017,True,9,1,UNSAT,20,Minisat220_DoneNormally_UNSAT,21,59
9b162a6c-480f-4c8f-a30c-3d0323b44b11,cnf,54,20.0,0.0482738630000199,True,9,1,UNSAT,20,Minisat220_DoneNormally_UNSAT,21,58
53672df4-48b3-4461-99f2-b168cd6f0f44,cnf,55,20.0,0.048989611999957106,True,9,1,UNSAT,20,Minisat220_DoneNormally_UNSAT,21,59
bc1dc835-4299-436d-8d98-0ffe341af980,cnf,56,20.0,0.04816084200001569,True,9,1,UNSAT,20,Minisat220_DoneNormally_UNSAT,22,58
37433a41-f122-4ea4-bfb1-124a6de3be4c,cnf,57,20.0,0.048636751999993066,True,9,1,UNSAT,20,Minisat220_DoneNormally_UNSAT,17,59
eeeb652a-496c-4bd6-a024-24cc8b5eb4ea,cnf,58,20.0,0.04865987200003019,True,9,1,UNSAT,20,Minisat220_DoneNormally_UNSAT,19,59
80bf4ad4-4cb4-445a-b899-acabc1ed5dbb,cnf,59,20.0,0.04877635299999383,True,9,1,UNSAT,20,Minisat220_DoneNormally_UNSAT,23,59
4798c28d-ea61-4770-b3a5-82b624874b89,cnf,60,20.0,0.05016186200003858,True,9,1,UNSAT,20,Minisat220_DoneNormally_UNSAT,20,60
1ad7a682-3011-42fc-86f2-d0a7a3245829,cnf,61,20.0,0.05107328200000438,True,9,1,UNSAT,20,Minisat220_DoneNormally_UNSAT,24,61
361cf36b-e590-4a32-8ca3-3edbb19ef85d,cnf,62,20.0,0.04904665300000488,True,9,1,UNSAT,20,Minisat220_DoneNormally_UNSAT,20,59
fc49b91e-1d3b-4055-bb82-c42f3d64e02d,cnf,63,20.0,0.050365003000024444,True,9,1,UNSAT,20,Minisat220_DoneNormally_UNSAT,20,61
6fcf65b8-9605-467e-939c-ac292a6c4e92,cnf,64,20.0,0.04866364200000817,True,9,1,UNSAT,20,Minisat220_DoneNormally_UNSAT,20,59
0a8fc334-6490-45a8-a485-0c0752f9db1c,cnf,65,20.0,0.04991173199999821,True,9,1,UNSAT,20,Minisat220_DoneNormally_UNSAT,22,60
b43a2900-3381-4cd9-afb8-56df48957182,cnf,66,20.0,0.048671272000035515,True,9,1,UNSAT,20,Minisat220_DoneNormally_UNSAT,24,59
d051d03b-ffc2-4e74-add4-64377c05266b,cnf,67,20.0,0.048686161999967226,True,9,1,UNSAT,20,Minisat220_DoneNormally_UNSAT,20,59
f059305b-7b01-4ee5-b85e-72832a235ae5,cnf,68,20.0,0.0570093229999884,True,9,1,UNSAT,20,Minisat220_DoneNormally_UNSAT,21,67
98ed003c-85cf-42f8-b634-3fe49dd48ac6,cnf,69,20.0,0.049890913000012915,True,9,1,UNSAT,20,Minisat220_DoneNormally_UNSAT,21,60
68090026-0b19-4183-8101-44ef82cd4d09,cnf,70,20.0,0.05262503300002663,True,9,1,UNSAT,20,Minisat220_DoneNormally_UNSAT,24,63
961e0982-d4ae-42cc-aba0-977d0bcb3fed,cnf,71,20.0,0.04869829199998321,True,9,1,UNSAT,20,Minisat220_DoneNormally_UNSAT,24,59
95af502d-f66d-4adb-9ea9-62a3a9251104,cnf,72,20.0,0.04957529200004274,True,9,1,UNSAT,20,Minisat220_DoneNormally_UNSAT,21,60
0bab40ba-9846-4871-b814-acca2f4cb039,cnf,73,20.0,0.04930389300000115,True,9,1,UNSAT,20,Minisat220_DoneNormally_UNSAT,20,59
817fd8de-1dfe-4af3-9b32-70fed3f81828,cnf,74,20.0,0.04874871300000905,True,9,1,UNSAT,20,Minisat220_DoneNormally_UNSAT,22,59
1c4c1135-16ba-473c-9b16-9bc3eb18a06b,cnf,75,20.0,0.048344592000034936,True,9,1,UNSAT,20,Minisat220_DoneNormally_UNSAT,21,58
74b0ba1c-f0eb-43ad-89f3-44aa0bad1236,cnf,76,20.0,0.04926355300000296,True,9,1,UNSAT,20,Minisat220_DoneNormally_UNSAT,22,59
bb58ff2d-00f8-4c54-898b-b01f58ec427e,cnf,77,20.0,0.048339371999986724,True,9,1,UNSAT,20,Minisat220_DoneNormally_UNSAT,19,59
16ee2ea5-adbe-45c7-8d83-1dd70127745a,cnf,78,20.0,0.04928601199998184,True,9,1,UNSAT,20,Minisat220_DoneNormally_UNSAT,23,60
08c50de2-6696-45a5-89f8-caa24b09bfea,cnf,79,20.0,0.048994871999980205,True,9,1,UNSAT,20,Minisat220_DoneNormally_UNSAT,22,59
a65824be-6a51-40c3-9644-1e4a0554edd4,cnf,80,20.0,0.04891681200001585,True,9,1,UNSAT,20,Minisat220_DoneNormally_UNSAT,22,59
2d45914c-2bda-4fbf-9cb6-fac3e42d2dee,cnf,81,20.0,0.04865484300000844,True,9,1,UNSAT,20,Minisat220_DoneNormally_UNSAT,20,59
736ee06f-c970-445c-959f-8e586c8ab2ec,cnf,82,20.0,0.048359931999982564,True,9,1,UNSAT,20,Minisat220_DoneNormally_UNSAT,21,59
3e821976-15ff-4a34-8e15-3120999068e0,cnf,83,20.0,0.048143113000037374,True,9,1,UNSAT,20,Minisat220_DoneNormally_UNSAT,20,58
61f5af7d-390b-4399-945b-0b037c691740,cnf,84,20.0,0.04892440200001147,True,9,1,UNSAT,20,Minisat220_DoneNormally_UNSAT,24,59
63230eb9-fc21-40ea-a864-d2d2d5ef3eb5,cnf,85,20.0,0.04852314300001126,True,9,1,UNSAT,20,Minisat220_DoneNormally_UNSAT,23,59
70da2511-48b7-4aad-ba9a-2c4fe695656e,cnf,86,20.0,0.0483628920000001,True,9,1,UNSAT,20,Minisat220_DoneNormally_UNSAT,18,59
333c282f-7cb2-4235-943e-25dc81c0ef0e,cnf,87,20.0,0.04952006199999914,True,9,1,UNSAT,20,Minisat220_DoneNormally_UNSAT,21,60
ec6a0a5d-b573-4a18-9011-3c00c7d43ea9,cnf,88,20.0,0.049146692000022085,True,9,1,UNSAT,20,Minisat220_DoneNormally_UNSAT,19,59
abbc304a-db32-4170-a2e1-971661148a79,cnf,89,20.0,0.04933011200000692,True,9,1,UNSAT,20,Minisat220_DoneNormally_UNSAT,21,59
ba4c355a-1f2c-4a7a-ad4f-c51a2cccf08d,cnf,90,20.0,0.04886988199996267,True,9,1,UNSAT,20,Minisat220_DoneNormally_UNSAT,20,59
62e9b0b8-cf84-41fa-916b-6f9fa7894de6,cnf,91,20.0,0.04902585199999976,True,9,1,UNSAT,20,Minisat220_DoneNormally_UNSAT,21,59
27128b46-80e8-474c-ae59-e70d5b9b3b79,cnf,92,20.0,0.05078346199996986,True,9,1,UNSAT,20,Minisat220_DoneNormally_UNSAT,22,61
7c396018-9b2d-4ab1-9187-2ad43b5b5919,cnf,93,20.0,0.04867207300003429,True,9,1,UNSAT,20,Minisat220_DoneNormally_UNSAT,21,59
b4a627b6-a6f1-4776-b0a8-f663b7cd3cc8,cnf,94,20.0,0.053362941999978375,True,9,1,UNSAT,20,Minisat220_DoneNormally_UNSAT,22,64
efaed25d-7149-4a54-af43-75288b637b65,cnf,95,20.0,0.04868346199998541,True,9,1,UNSAT,20,Minisat220_DoneNormally_UNSAT,22,59
935d2802-86d4-41f5-8aaf-73e68c9d56c4,cnf,96,20.0,0.04934740200002352,True,9,1,UNSAT,20,Minisat220_DoneNormally_UNSAT,20,60
e4e08681-b0d1-4d64-bab1-8eb38c4106f7,cnf,97,20.0,0.04910594199998286,True,9,1,UNSAT,20,Minisat220_DoneNormally_UNSAT,20,59
31756abf-be7a-4c94-8bb1-deca38761474,cnf,98,20.0,0.04853213300003745,True,9,1,UNSAT,20,Minisat220_DoneNormally_UNSAT,19,59
03d4e3ef-4710-4fc0-82d0-d8ed504a2aae,cnf,99,20.0,0.049051121999980296,True,9,1,UNSAT,20,Minisat220_DoneNormally_UNSAT,18,59
d19e9ae5-81e8-4ea6-b88c-1b028b440600,cnf,100,20.0,0.04922844200001464,True,9,1,UNSAT,20,Minisat220_DoneNormally_UNSAT,20,60
9243629f-cf25-46c1-a19a-b682067b04e9,cnf,101,20.0,0.04886844300000348,True,9,1,UNSAT,20,Minisat220_DoneNormally_UNSAT,20,59
8f08cee0-2fc5-4ae3-94f7-02740a03c7e1,cnf,102,20.0,0.04920271200001025,True,9,1,UNSAT,20,Minisat220_DoneNormally_UNSAT,19,60
09266e79-28a2-4887-9652-0cf730bd3266,cnf,103,20.0,0.04904139299998178,True,9,1,UNSAT,20,Minisat220_DoneNormally_UNSAT,20,59
575906d7-de2e-4110-8bf5-e911ca6a978c,cnf,104,20.0,0.04957998300000099,True,9,1,UNSAT,20,Minisat220_DoneNormally_UNSAT,20,60
f40d8213-299b-4c0b-a6f9-67722c7acd43,cnf,105,20.0,0.04902700200000254,True,9,1,UNSAT,20,Minisat220_DoneNormally_UNSAT,22,59
2b0de532-c29f-4c3d-8678-138be5ef437a,cnf,106,20.0,0.050503942000034385,True,9,1,UNSAT,20,Minisat220_DoneNormally_UNSAT,17,61
9cc9abdd-6a76-466f-8bfc-b217af9c6001,cnf,107,20.0,0.04908701300001894,True,9,1,UNSAT,20,Minisat220_DoneNormally_UNSAT,19,59
bc3d7bf0-166b-4dfc-ae12-146354239545,cnf,108,20.0,0.04929534200005037,True,9,1,UNSAT,20,Minisat220_DoneNormally_UNSAT,20,60
9a42136a-ccb6-45bb-9ea2-e6c077819e4f,cnf,109,20.0,0.04920536299999867,True,9,1,UNSAT,20,Minisat220_DoneNormally_UNSAT,21,60
6bcaa613-236e-4eb7-97e6-2671757c6bc6,cnf,110,20.0,0.05015560200001801,True,9,1,UNSAT,20,Minisat220_DoneNormally_UNSAT,17,61
4931ac31-cdee-4a9f-b8ac-9046c3b606bd,cnf,111,20.0,0.048923112000011315,True,9,1,UNSAT,20,Minisat220_DoneNormally_UNSAT,19,59
e20c9fa5-3158-4ca7-ba8b-3fabea68234b,cnf,112,20.0,0.04966103200001726,True,9,1,UNSAT,20,Minisat220_DoneNormally_UNSAT,22,60
469fe849-29e6-4259-a97f-c1ae4a34bcc7,cnf,113,20.0,0.049982642000031774,True,9,1,UNSAT,20,Minisat220_DoneNormally_UNSAT,21,60
1ad53074-c6e3-4cca-942e-b2612936ed20,cnf,114,20.0,0.04908388299998023,True,9,1,UNSAT,20,Minisat220_DoneNormally_UNSAT,23,59
073cbbbe-a43b-475f-a0b6-346a84d48258,cnf,115,20.0,0.04921279300003789,True,9,1,UNSAT,20,Minisat220_DoneNormally_UNSAT,21,60
2df00699-002b-4671-bf20-b57150394eaf,cnf,116,20.0,0.04944048200002271,True,9,1,UNSAT,20,Minisat220_DoneNormally_UNSAT,19,60
d00bb6df-c8b4-4680-9bbc-3441f97bffe3,cnf,117,20.0,0.05019708200001105,True,9,1,UNSAT,20,Minisat220_DoneNormally_UNSAT,18,61
048cf105-e83f-4955-b3c7-cc6aa04bbaa4,cnf,118,20.0,0.04937159299998939,True,9,1,UNSAT,20,Minisat220_DoneNormally_UNSAT,21,60
5863991d-144c-4acb-8119-98b97d3b0ad8,cnf,119,20.0,0.049445132000016656,True,9,1,UNSAT,20,Minisat220_DoneNormally_UNSAT,20,60
0cbe8e6d-7889-4718-a1a7-b1a745229edc,cnf,120,20.0,0.04929119199999832,True,9,1,UNSAT,20,Minisat220_DoneNormally_UNSAT,21,60
af861495-3aa2-425d-ae9c-4db0d3a77832,cnf,121,20.0,0.049693772000011904,True,9,1,UNSAT,20,Minisat220_DoneNormally_UNSAT,18,60
d5d48ac5-3827-41c6-b3db-f405a51c6437,cnf,122,20.0,0.04902182199998606,True,9,1,UNSAT,20,Minisat220_DoneNormally_UNSAT,20,60
9241f2a9-4eb6-42c6-9d8f-38df1ffb79d1,cnf,123,20.0,0.04962346199999956,True,9,1,UNSAT,20,Minisat220_DoneNormally_UNSAT,21,60
caa76241-514c-4139-a37c-cbe7b1bcdd6e,cnf,124,20.0,0.04941328299997849,True,9,1,UNSAT,20,Minisat220_DoneNormally_UNSAT,21,60
bacde5ba-fc3c-47a7-9c12-e3bec019d46a,cnf,125,20.0,0.04916214200000013,True,9,1,UNSAT,20,Minisat220_DoneNormally_UNSAT,20,60
73c70f94-27e6-416b-b817-efd01c5b6092,cnf,126,20.0,0.049007571999993615,True,9,1,UNSAT,20,Minisat220_DoneNormally_UNSAT,21,59
54563dc6-5d2d-4d23-8218-3052cb80267f,cnf,127,20.0,0.04989634200001092,True,9,1,UNSAT,20,Minisat220_DoneNormally_UNSAT,17,60
85b070dd-9abb-46d8-8a7c-93ec6f3773c5,cnf,1,20.0,0.05314743200000294,True,9,1,UNSAT,20,Minisat220_DoneNormally_UNSAT,28,63
e70d18c9-9e3d-4ac5-9211-940a8e967a58,cnf,2,20.0,0.05217992199999344,True,9,1,UNSAT,20,Minisat220_DoneNormally_UNSAT,16,62
0924f5ac-c2c4-4750-b080-f3d1228542cb,cnf,3,20.0,0.04796670199999653,True,9,1,UNSAT,20,Minisat220_DoneNormally_UNSAT,19,58
f8f31521-cabb-464a-9364-2b651545ed72,cnf,4,20.0,0.049390551999977106,True,9,1,UNSAT,20,Minisat220_DoneNormally_UNSAT,22,59
dd0df239-a454-4f35-8fac-cf6b8257b03b,cnf,5,20.0,0.05030589199998303,True,9,1,UNSAT,20,Minisat220_DoneNormally_UNSAT,22,60
57074649-c6c5-42f0-b544-260228975a55,cnf,6,20.0,0.05066557200001398,True,9,1,UNSAT,20,Minisat220_DoneNormally_UNSAT,21,61
fe36ced0-3ed6-418a-9f7e-efb07d885778,cnf,7,20.0,0.04785730200001126,True,9,1,UNSAT,20,Minisat220_DoneNormally_UNSAT,20,58
afaaa15a-ebe5-46e2-932e-b6c74b3f4d05,cnf,8,20.0,0.04811509199998909,True,9,1,UNSAT,20,Minisat220_DoneNormally_UNSAT,21,58
a98a0673-2938-4c20-95ac-ff647b16101a,cnf,9,20.0,0.048089151999988644,True,9,1,UNSAT,20,Minisat220_DoneNormally_UNSAT,22,58
5905c550-d8e4-4720-b8c0-c3299fa06b59,cnf,10,20.0,0.057016313000019636,True,9,1,UNSAT,20,Minisat220_DoneNormally_UNSAT,20,67
b71c1863-3b06-4daf-9883-7304d8b8dab5,cnf,11,20.0,0.04884645199996385,True,9,1,UNSAT,20,Minisat220_DoneNormally_UNSAT,19,59
fc98e6ad-2ea6-4a7b-b215-8cca86ef674c,cnf,12,20.0,0.04920763199999101,True,9,1,UNSAT,20,Minisat220_DoneNormally_UNSAT,19,59
c8d8aa72-0322-43d9-94d3-4766dcce8c56,cnf,13,20.0,0.048951321999993525,True,9,1,UNSAT,20,Minisat220_DoneNormally_UNSAT,19,59
7ff6b321-dc0a-4ff8-ba15-0ee19646367a,cnf,14,20.0,0.04929946199996493,True,9,1,UNSAT,20,Minisat220_DoneNormally_UNSAT,22,59
f4b78935-1dbc-4b3a-9889-39e09226e72f,cnf,15,20.0,0.04888635199995406,True,9,1,UNSAT,20,Minisat220_DoneNormally_UNSAT,20,59
41ccdbaf-0a27-4056-8535-201d5e7a2dfe,cnf,16,20.0,0.05174328300000752,True,9,1,UNSAT,20,Minisat220_DoneNormally_UNSAT,31,62
503cd89c-cd2c-458a-9155-952ee7b8a0d1,cnf,17,20.0,0.04885334200002944,True,9,1,UNSAT,20,Minisat220_DoneNormally_UNSAT,20,59
28cbef64-28df-4b5a-ad79-f8ba95a0cfc1,cnf,18,20.0,0.0479800629999545,True,9,1,UNSAT,20,Minisat220_DoneNormally_UNSAT,22,58
56ab7969-f659-450b-810b-01bf3fb74a4b,cnf,19,20.0,0.04895790199998373,True,9,1,UNSAT,20,Minisat220_DoneNormally_UNSAT,19,59
f6691f8c-aa41-49fa-93f8-55a095d979cf,cnf,20,20.0,0.048921962000008534,True,9,1,UNSAT,20,Minisat220_DoneNormally_UNSAT,21,59
239b16d6-08e9-4f26-80a1-3040e5e7450e,cnf,21,20.0,0.048711512000011226,True,9,1,UNSAT,20,Minisat220_DoneNormally_UNSAT,23,59
636e3168-2754-415c-8cff-6d8eba95d032,cnf,22,20.0,0.04936617200002047,True,9,1,UNSAT,20,Minisat220_DoneNormally_UNSAT,25,60
5c03906c-a173-478f-a422-eb9ea98f6836,cnf,23,20.0,0.050146202000007634,True,9,1,UNSAT,20,Minisat220_DoneNormally_UNSAT,17,60
8fe29c07-60c3-4a62-aff5-8d6ffb6d4dba,cnf,24,20.0,0.05036676299999954,True,9,1,UNSAT,20,Minisat220_DoneNormally_UNSAT,20,60
e478e684-3481-47f8-bbb7-2c3820fedcd4,cnf,25,20.0,0.050058602999968116,True,9,1,UNSAT,20,Minisat220_DoneNormally_UNSAT,20,60
fa8f907a-391e-4366-b00d-96b309c03d14,cnf,26,20.0,0.04869413199998007,True,9,1,UNSAT,20,Minisat220_DoneNormally_UNSAT,22,59
be5a12fd-dcba-4525-b7b1-f737dd23e0b7,cnf,27,20.0,0.04953556200001685,True,9,1,UNSAT,20,Minisat220_DoneNormally_UNSAT,23,60
fc59dc41-ec8e-4308-868a-677d087bb3a7,cnf,28,20.0,0.04838836200002561,True,9,1,UNSAT,20,Minisat220_DoneNormally_UNSAT,17,58
a25656a0-4789-4579-8bcc-d5865c7f98c1,cnf,29,20.0,0.04852061299999377,True,9,1,UNSAT,20,Minisat220_DoneNormally_UNSAT,19,59
fcb13cb4-3f3c-4062-bc95-fff6c1b782a1,cnf,30,20.0,0.049403282000014315,True,9,1,UNSAT,20,Minisat220_DoneNormally_UNSAT,18,60
389bc456-9ee2-461d-9b3d-a2a731cd25af,cnf,31,20.0,0.05006225199997516,True,9,1,UNSAT,20,Minisat220_DoneNormally_UNSAT,25,60
81d6a387-b94a-4d55-acc2-73564dcec100,cnf,32,20.0,0.049118682000028,True,9,1,UNSAT,20,Minisat220_DoneNormally_UNSAT,24,59
b68e1d14-18db-4333-9b36-c94292566ec2,cnf,33,20.0,0.05110713200002692,True,9,1,UNSAT,20,Minisat220_DoneNormally_UNSAT,21,61
2d3afc7e-1b86-463e-bc10-97edb901d6c9,cnf,34,20.0,0.04875839200002474,True,9,1,UNSAT,20,Minisat220_DoneNormally_UNSAT,18,59
eb8a34dd-663e-40d5-bf23-e2154b1c7075,cnf,35,20.0,0.0506393929999831,True,9,1,UNSAT,20,Minisat220_DoneNormally_UNSAT,16,61
91adfd23-d4dc-4cf1-ad9d-86fc0aff7d8f,cnf,36,20.0,0.05308419299996103,True,9,1,UNSAT,20,Minisat220_DoneNormally_UNSAT,24,63
6faa3b6c-a2a2-41b0-bcca-87b48cbe83a1,cnf,37,20.0,0.048638241999981346,True,9,1,UNSAT,20,Minisat220_DoneNormally_UNSAT,18,59
afbba23f-6d59-4569-93e0-51cd0d9d3930,cnf,38,20.0,0.049093622999976105,True,9,1,UNSAT,20,Minisat220_DoneNormally_UNSAT,22,59
994667fe-ca91-46bd-8dd6-6f26f01ce9c7,cnf,39,20.0,0.05805057200001329,True,9,1,UNSAT,20,Minisat220_DoneNormally_UNSAT,27,68
a7570bf2-b4d1-4c91-ad41-8c999448f090,cnf,40,20.0,0.04768601200004241,True,9,1,UNSAT,20,Minisat220_DoneNormally_UNSAT,19,58
2abb370f-9414-4997-8fbc-dbf1784639cc,cnf,41,20.0,0.05229154299996708,True,9,1,UNSAT,20,Minisat220_DoneNormally_UNSAT,21,62
f64fd8bc-112a-4500-afc3-2ae7ded142de,cnf,42,20.0,0.04986234199998307,True,9,1,UNSAT,20,Minisat220_DoneNormally_UNSAT,19,60
a386d437-da2f-43a8-8f49-bf0cd693f703,cnf,43,20.0,0.05362697200001776,True,9,1,UNSAT,20,Minisat220_DoneNormally_UNSAT,21,64
ed338c57-238c-491a-b848-48f234abc533,cnf,44,20.0,0.05781956299995272,True,9,1,UNSAT,20,Minisat220_DoneNormally_UNSAT,26,68
c7d40393-1966-4060-a4e4-fed73ca87d52,cnf,45,20.0,0.048628012999984094,True,9,1,UNSAT,20,Minisat220_DoneNormally_UNSAT,15,59
cb9d1311-204c-4acb-af80-2f6dc5dc4ed7,cnf,46,20.0,0.0485426719999964,True,9,1,UNSAT,20,Minisat220_DoneNormally_UNSAT,19,59
15800414-4a5b-4394-a092-8a76645b64ec,cnf,47,20.0,0.05086855199999718,True,9,1,UNSAT,20,Minisat220_DoneNormally_UNSAT,22,61
f2ead773-1f35-464b-8850-4714c02de79f,cnf,48,20.0,0.04883441299995184,True,9,1,UNSAT,20,Minisat220_DoneNormally_UNSAT,21,59
c23cd258-2ae8-44f5-9c16-8d719529b80a,cnf,49,20.0,0.05066896299996415,True,9,1,UNSAT,20,Minisat220_DoneNormally_UNSAT,20,61
9bb7ad97-46b9-4c4d-b2c3-ee2147d2969c,cnf,50,20.0,0.04923109200001363,True,9,1,UNSAT,20,Minisat220_DoneNormally_UNSAT,18,59
a6dee265-4fd5-4eb4-aa3a-d52d05bc1a6c,cnf,51,20.0,0.04855173199996443,True,9,1,UNSAT,20,Minisat220_DoneNormally_UNSAT,23,59
21a5d1f4-ae70-4c4a-b24e-c9cf7303551e,cnf,52,20.0,0.05147571200001266,True,9,1,UNSAT,20,Minisat220_DoneNormally_UNSAT,23,62
0bbb322c-fd55-46e6-ab01-1acab95f271e,cnf,53,20.0,0.0484756730000413,True,9,1,UNSAT,20,Minisat220_DoneNormally_UNSAT,21,59
703cabc2-33c0-413e-a18f-981d5cb7964c,cnf,54,20.0,0.04935908299995617,True,9,1,UNSAT,20,Minisat220_DoneNormally_UNSAT,17,59
55fe0a26-9835-440e-8ef6-40a98fe97ae7,cnf,55,20.0,0.05452240299996447,True,9,1,UNSAT,20,Minisat220_DoneNormally_UNSAT,21,65
e338b177-69c6-4073-96e0-c1b6a3a9df1f,cnf,56,20.0,0.048489971999970294,True,9,1,UNSAT,20,Minisat220_DoneNormally_UNSAT,20,59
3df52455-c68d-4df1-8a49-034df4681689,cnf,57,20.0,0.05124633200000517,True,9,1,UNSAT,20,Minisat220_DoneNormally_UNSAT,18,61
27e3deba-67ed-4b70-bf4d-c4d265dd103a,cnf,58,20.0,0.04902433199998768,True,9,1,UNSAT,20,Minisat220_DoneNormally_UNSAT,22,59
1ec4b875-abca-48ec-924e-1043ca3db3e8,cnf,59,20.0,0.05647952199996098,True,9,1,UNSAT,20,Minisat220_DoneNormally_UNSAT,24,67
a76ff97a-89f0-4542-8cbf-33ffef737f5e,cnf,60,20.0,0.04976332200004663,True,9,1,UNSAT,20,Minisat220_DoneNormally_UNSAT,18,60
fa607b63-774e-4af8-bc9c-1b0ab4186380,cnf,61,20.0,0.04964919200000395,True,9,1,UNSAT,20,Minisat220_DoneNormally_UNSAT,17,60
046b6642-2774-4135-89d1-39adcd558fc8,cnf,62,20.0,0.04884821199999578,True,9,1,UNSAT,20,Minisat220_DoneNormally_UNSAT,22,59
214ac7e9-7814-4e84-8cbe-4d4faf5d7ac9,cnf,63,20.0,0.050319522999984656,True,9,1,UNSAT,20,Minisat220_DoneNormally_UNSAT,21,60
0f675643-b05d-48a5-b0a5-d5491f4c164e,cnf,64,20.0,0.04876686199997948,True,9,1,UNSAT,20,Minisat220_DoneNormally_UNSAT,23,59
3591f687-e996-466d-b483-bc43efefb2fa,cnf,65,20.0,0.0510648119999928,True,9,1,UNSAT,20,Minisat220_DoneNormally_UNSAT,19,61
ee38dfd9-8be0-4efd-b651-34dda098c1e3,cnf,66,20.0,0.04995022200000676,True,9,1,UNSAT,20,Minisat220_DoneNormally_UNSAT,23,60
60cd63a1-850a-46d7-957f-eaa8460021c9,cnf,67,20.0,0.04915184200001477,True,9,1,UNSAT,20,Minisat220_DoneNormally_UNSAT,19,59
d035df4f-9f82-4a15-859c-b48bbd0c8bac,cnf,68,20.0,0.05727241300002106,True,9,1,UNSAT,20,Minisat220_DoneNormally_UNSAT,18,68
2674c88a-2f79-4725-834c-997996541865,cnf,69,20.0,0.04885216300004913,True,9,1,UNSAT,20,Minisat220_DoneNormally_UNSAT,20,59
90308f47-19ab-4656-9dd3-aa7e515be8a1,cnf,70,20.0,0.051884543000028316,True,9,1,UNSAT,20,Minisat220_DoneNormally_UNSAT,30,62
0144102d-0def-4820-996f-fb99e7a7acc2,cnf,71,20.0,0.048403632000031394,True,9,1,UNSAT,20,Minisat220_DoneNormally_UNSAT,19,59
295b1163-b11d-40de-93d4-59b05a4a75be,cnf,72,20.0,0.05032222200003389,True,9,1,UNSAT,20,Minisat220_DoneNormally_UNSAT,19,61
8878d032-8480-4e12-b9a4-a03e36387892,cnf,73,20.0,0.049353362999966066,True,9,1,UNSAT,20,Minisat220_DoneNormally_UNSAT,23,60
532d0c0d-d18a-4bd3-9baf-d2d2653af0fa,cnf,74,20.0,0.04905744300003789,True,9,1,UNSAT,20,Minisat220_DoneNormally_UNSAT,19,59
828e5176-00e0-4544-ae47-abdc69039c5e,cnf,75,20.0,0.04962074200000188,True,9,1,UNSAT,20,Minisat220_DoneNormally_UNSAT,23,60
0808747c-bf89-49b1-bc2f-520f35370718,cnf,76,20.0,0.049043353000001844,True,9,1,UNSAT,20,Minisat220_DoneNormally_UNSAT,23,59
bed5143a-bbb5-42b3-b5b7-8d4bdaac9df5,cnf,77,20.0,0.04925111299996843,True,9,1,UNSAT,20,Minisat220_DoneNormally_UNSAT,21,60
bcd3f9a6-90de-4be7-b239-011559f104e3,cnf,78,20.0,0.049392492000038146,True,9,1,UNSAT,20,Minisat220_DoneNormally_UNSAT,17,60
c99ed4c4-185a-4a30-bdb9-d284f4b0d242,cnf,79,20.0,0.04965604199998097,True,9,1,UNSAT,20,Minisat220_DoneNormally_UNSAT,23,60
1ac5c09a-8586-42c3-98f5-e5d5ba9d3c41,cnf,80,20.0,0.048755732000017815,True,9,1,UNSAT,20,Minisat220_DoneNormally_UNSAT,22,59
07b18a01-4030-4b14-9831-99930fb20c4a,cnf,81,20.0,0.048535972999957266,True,9,1,UNSAT,20,Minisat220_DoneNormally_UNSAT,20,59
4d16f5ce-e384-4f50-a924-83118a2c7f56,cnf,82,20.0,0.04856539200000043,True,9,1,UNSAT,20,Minisat220_DoneNormally_UNSAT,22,59
2005d2ad-4200-47d4-865f-ffd08ef7d545,cnf,83,20.0,0.048922203000017817,True,9,1,UNSAT,20,Minisat220_DoneNormally_UNSAT,20,59
7b5f25d2-8c0e-4e71-9d70-8f0c40622c41,cnf,84,20.0,0.04857112199999847,True,9,1,UNSAT,20,Minisat220_DoneNormally_UNSAT,19,59
b31aa921-cc23-409d-9ad3-f6ce03ee2a16,cnf,85,20.0,0.048628513000039675,True,9,1,UNSAT,20,Minisat220_DoneNormally_UNSAT,18,59
7c76856b-b3b9-46b2-b827-30b26f1ebeeb,cnf,86,20.0,0.04825765200001797,True,9,1,UNSAT,20,Minisat220_DoneNormally_UNSAT,21,58
f79baa28-379d-4041-9f02-75a7d864ac22,cnf,87,20.0,0.04976547199999004,True,9,1,UNSAT,20,Minisat220_DoneNormally_UNSAT,22,60
f6ad4822-44b4-4eaf-9606-595725360453,cnf,88,20.0,0.04893940299996302,True,9,1,UNSAT,20,Minisat220_DoneNormally_UNSAT,22,59
3de4b9c6-611a-4b4d-82d0-823176ace73b,cnf,89,20.0,0.05131772199996476,True,9,1,UNSAT,20,Minisat220_DoneNormally_UNSAT,21,62
5717dd6f-f24f-4b79-9b28-e3d6eccb2756,cnf,90,20.0,0.04858604200001082,True,9,1,UNSAT,20,Minisat220_DoneNormally_UNSAT,19,59
8beaa9c7-d162-431a-870d-21257273b94e,cnf,91,20.0,0.04937843299995848,True,9,1,UNSAT,20,Minisat220_DoneNormally_UNSAT,18,60
0bc127a4-f37d-4a46-be27-c5ee8c350148,cnf,92,20.0,0.050370181999994657,True,9,1,UNSAT,20,Minisat220_DoneNormally_UNSAT,22,61
a3b85780-7698-489c-92e1-e78d1551591c,cnf,93,20.0,0.04869769300000826,True,9,1,UNSAT,20,Minisat220_DoneNormally_UNSAT,22,59
127b8892-24ec-49d3-9ce5-06cc76d8e332,cnf,94,20.0,0.04945427200004815,True,9,1,UNSAT,20,Minisat220_DoneNormally_UNSAT,20,60
4f4fdad5-7161-4bf5-84a5-1b1841a40ad3,cnf,95,20.0,0.04869352200000776,True,9,1,UNSAT,20,Minisat220_DoneNormally_UNSAT,19,59
d110eb92-d964-4084-9cbf-bd5dd2ead664,cnf,96,20.0,0.04927481300001091,True,9,1,UNSAT,20,Minisat220_DoneNormally_UNSAT,21,60
caeee905-e85e-427d-9b0a-d942394814f8,cnf,97,20.0,0.04970247199997857,True,9,1,UNSAT,20,Minisat220_DoneNormally_UNSAT,19,60
6066c0b4-0419-4853-b60c-c65d34a680c7,cnf,98,20.0,0.04855158200001597,True,9,1,UNSAT,20,Minisat220_DoneNormally_UNSAT,23,59
9b47d3c2-40dc-4957-8306-17e70840640d,cnf,99,20.0,0.04929867199996352,True,9,1,UNSAT,20,Minisat220_DoneNormally_UNSAT,23,60
fb2d9648-e4b6-4f16-a5b8-4d595d17c7b5,cnf,100,20.0,0.048888152000017726,True,9,1,UNSAT,20,Minisat220_DoneNormally_UNSAT,21,59
b77f1676-9e32-4fa7-ad39-be6c73862d7c,cnf,101,20.0,0.0487644930000215,True,9,1,UNSAT,20,Minisat220_DoneNormally_UNSAT,22,59
6802def8-b9cb-43e2-97fa-7d21375d2b8f,cnf,102,20.0,0.04945390199998201,True,9,1,UNSAT,20,Minisat220_DoneNormally_UNSAT,21,60
d640ce28-a7fa-4ca1-a258-ea787db0a550,cnf,103,20.0,0.049041443000021445,True,9,1,UNSAT,20,Minisat220_DoneNormally_UNSAT,21,59
af08bb4c-f416-47cb-955e-406bb601c8e4,cnf,104,20.0,0.04933071200002814,True,9,1,UNSAT,20,Minisat220_DoneNormally_UNSAT,18,60
025f07d6-c54a-4c22-8921-84014fa17728,cnf,105,20.0,0.04925593199999412,True,9,1,UNSAT,20,Minisat220_DoneNormally_UNSAT,20,60
a99948c7-e2fa-4eda-8cbc-7137a8d4df79,cnf,106,20.0,0.05047681199999943,True,9,1,UNSAT,20,Minisat220_DoneNormally_UNSAT,21,61
a046807e-c7fa-4b8f-a6c7-6c99457cd20b,cnf,107,20.0,0.04947134299999334,True,9,1,UNSAT,20,Minisat220_DoneNormally_UNSAT,21,60
b2b5ffe6-7331-4ec8-86e2-4283b7bf3cdc,cnf,108,20.0,0.04947289199998295,True,9,1,UNSAT,20,Minisat220_DoneNormally_UNSAT,21,60
110ada8e-0d18-448d-bd2b-793bd93d414c,cnf,109,20.0,0.049074753000013516,True,9,1,UNSAT,20,Minisat220_DoneNormally_UNSAT,23,59
74204c83-b66e-4961-9ba4-056058e66ab5,cnf,110,20.0,0.050409481999963646,True,9,1,UNSAT,20,Minisat220_DoneNormally_UNSAT,22,61
a5b6bc17-6ffa-4b7d-bc78-a04e25e69504,cnf,111,20.0,0.048691582000003564,True,9,1,UNSAT,20,Minisat220_DoneNormally_UNSAT,23,59
31ed63f7-4820-4145-b36e-0bdfe493f124,cnf,112,20.0,0.04899604199999885,True,9,1,UNSAT,20,Minisat220_DoneNormally_UNSAT,20,59
c6643fcf-517c-4b5b-a378-7df7aeeb784f,cnf,113,20.0,0.04911800200000016,True,9,1,UNSAT,20,Minisat220_DoneNormally_UNSAT,20,60
4a7a87ea-849a-4425-822f-204037f7b960,cnf,114,20.0,0.05083726300000535,True,9,1,UNSAT,20,Minisat220_DoneNormally_UNSAT,19,61
623bcee0-5438-4591-bed6-6224e8de6d07,cnf,115,20.0,0.049291183000036654,True,9,1,UNSAT,20,Minisat220_DoneNormally_UNSAT,23,60
2b88f6a8-c6ff-4335-9715-b2120eda9fce,cnf,116,20.0,0.04935531199998877,True,9,1,UNSAT,20,Minisat220_DoneNormally_UNSAT,24,60
50f1dc45-a9bc-45ea-98e5-3746b08766e3,cnf,117,20.0,0.0498202020000349,True,9,1,UNSAT,20,Minisat220_DoneNormally_UNSAT,19,60
10da01e2-224b-47d0-b408-2b61ece288ce,cnf,118,20.0,0.049036312999987786,True,9,1,UNSAT,20,Minisat220_DoneNormally_UNSAT,23,59
a20cb9ac-5c47-4cb1-be79-06565b1a2951,cnf,119,20.0,0.05046051200002921,True,9,1,UNSAT,20,Minisat220_DoneNormally_UNSAT,23,61
27a1922e-498f-44fd-a700-ef250b97dda6,cnf,120,20.0,0.04927090199998929,True,9,1,UNSAT,20,Minisat220_DoneNormally_UNSAT,22,60
4a41cb99-3969-4e54-aa96-f3fdd28fe246,cnf,121,20.0,0.049853842000004533,True,9,1,UNSAT,20,Minisat220_DoneNormally_UNSAT,20,60
4329f856-0b87-4cce-ab53-5b2c285ba09f,cnf,122,20.0,0.04887098199998263,True,9,1,UNSAT,20,Minisat220_DoneNormally_UNSAT,19,59
3372fcde-92fb-4e11-a9a5-371430a54991,cnf,123,20.0,0.049535892999983844,True,9,1,UNSAT,20,Minisat220_DoneNormally_UNSAT,19,60
a2940783-d446-4915-ad05-ea558bcd34a7,cnf,124,20.0,0.0487720030000105,True,9,1,UNSAT,20,Minisat220_DoneNormally_UNSAT,21,59
6402b8ac-b8da-4304-b410-532934cafe7f,cnf,125,20.0,0.04917987199996787,True,9,1,UNSAT,20,Minisat220_DoneNormally_UNSAT,22,60
3fef3b14-c331-47a8-b11c-be76ab379042,cnf,126,20.0,0.048939512000004015,True,9,1,UNSAT,20,Minisat220_DoneNormally_UNSAT,18,59
bcf38a77-66cb-43c8-8cd6-9d8861ab19d4,cnf,127,20.0,0.04951734299999089,True,9,1,UNSAT,20,Minisat220_DoneNormally_UNSAT,20,60
41a05edd-8529-4758-b91d-5b3ba014da9b,cnf,1,20.0,0.049838542000031794,True,9,1,UNSAT,20,Minisat220_DoneNormally_UNSAT,22,60
d83df973-4a1e-4b49-99df-5a44171d61f5,cnf,2,20.0,0.048612661999982265,True,9,1,UNSAT,20,Minisat220_DoneNormally_UNSAT,18,59
d4a985d3-b220-4920-96f9-a578a8fd8ce8,cnf,3,20.0,0.04781512200003135,True,9,1,UNSAT,20,Minisat220_DoneNormally_UNSAT,21,58
447a565c-12e1-46e0-ae67-2c048fbf69b4,cnf,4,20.0,0.04810252199996512,True,9,1,UNSAT,20,Minisat220_DoneNormally_UNSAT,24,58
7fbb9d9d-87dc-4b26-a249-fae89951166a,cnf,5,20.0,0.048523101999990104,True,9,1,UNSAT,20,Minisat220_DoneNormally_UNSAT,22,59
b5d196e2-78b1-45af-92a1-6707663a8902,cnf,6,20.0,0.0486776520000376,True,9,1,UNSAT,20,Minisat220_DoneNormally_UNSAT,20,59
4fbfcea4-b772-4406-a4e5-9805c7738aeb,cnf,7,20.0,0.048689492999983486,True,9,1,UNSAT,20,Minisat220_DoneNormally_UNSAT,19,59
eebd7181-6e00-4e45-91d7-dcb07fb643c3,cnf,8,20.0,0.053084302000002026,True,9,1,UNSAT,20,Minisat220_DoneNormally_UNSAT,19,63
ca3b2ec3-fc6c-418d-8088-4b94d74687e9,cnf,9,20.0,0.04795480199999247,True,9,1,UNSAT,20,Minisat220_DoneNormally_UNSAT,20,58
3276caa1-ee54-4436-8eae-4e189fb4ed7c,cnf,10,20.0,0.05061898299999257,True,9,1,UNSAT,20,Minisat220_DoneNormally_UNSAT,23,61
5ef0d30c-cd46-4761-8c5b-123d1f5fd204,cnf,11,20.0,0.04773954200004482,True,9,1,UNSAT,20,Minisat220_DoneNormally_UNSAT,21,58
eda00248-bf20-4e49-853b-c5cb2549f278,cnf,12,20.0,0.048362002999965625,True,9,1,UNSAT,20,Minisat220_DoneNormally_UNSAT,23,58
98b56174-5a61-4a05-bed7-a5a672dd4616,cnf,13,20.0,0.048041423000029226,True,9,1,UNSAT,20,Minisat220_DoneNormally_UNSAT,19,58
3d6cb3f1-f986-466f-a239-06606baf60ae,cnf,14,20.0,0.048419442000010804,True,9,1,UNSAT,20,Minisat220_DoneNormally_UNSAT,21,59
106b048f-e4db-421f-81b0-857835fb5897,cnf,15,20.0,0.04799525199996424,True,9,1,UNSAT,20,Minisat220_DoneNormally_UNSAT,20,58
4450df06-b638-4d0f-b134-106a45519ab6,cnf,16,20.0,0.0522617729999979,True,9,1,UNSAT,20,Minisat220_DoneNormally_UNSAT,22,62
672986c6-16e2-457e-b55f-801fae95adc9,cnf,17,20.0,0.048383221999984016,True,9,1,UNSAT,20,Minisat220_DoneNormally_UNSAT,19,58
9a3118f4-cad3-474e-8068-b0a878e91b5d,cnf,18,20.0,0.04736338300000398,True,9,1,UNSAT,20,Minisat220_DoneNormally_UNSAT,20,57
e86e5521-2c68-487f-8203-c4946c272b78,cnf,19,20.0,0.0486210419999793,True,9,1,UNSAT,20,Minisat220_DoneNormally_UNSAT,21,59
38feadf2-2cd4-4158-9bc4-8aff5c1231a4,cnf,20,20.0,0.0481537619999699,True,9,1,UNSAT,20,Minisat220_DoneNormally_UNSAT,19,58
b69c3a32-8a59-463f-a269-eaea826e8dbd,cnf,21,20.0,0.05075564199995597,True,9,1,UNSAT,20,Minisat220_DoneNormally_UNSAT,21,61
0b8b7ecf-ca19-4563-b27e-2365bed5bb47,cnf,22,20.0,0.05478703299996823,True,9,1,UNSAT,20,Minisat220_DoneNormally_UNSAT,26,65
18e67e6d-ee0c-4adb-8aae-51bb082a576d,cnf,23,20.0,0.04969799299999522,True,9,1,UNSAT,20,Minisat220_DoneNormally_UNSAT,18,60
a0c2ee97-dc6b-4d81-92cc-07591a74f975,cnf,24,20.0,0.04806521299997257,True,9,1,UNSAT,20,Minisat220_DoneNormally_UNSAT,20,58
d43da215-e562-4b28-9356-4a7744f84b84,cnf,25,20.0,0.04883261199995559,True,9,1,UNSAT,20,Minisat220_DoneNormally_UNSAT,21,59
735cfb49-ba11-46b5-b28a-c0c7148d08c7,cnf,26,20.0,0.04777311199995893,True,9,1,UNSAT,20,Minisat220_DoneNormally_UNSAT,19,58
8d4442aa-1889-4f5c-a0f1-9cabc0e15d6a,cnf,27,20.0,0.04847830199997816,True,9,1,UNSAT,20,Minisat220_DoneNormally_UNSAT,23,59
ecf41946-3ebc-40d6-a70e-e2349489c8df,cnf,28,20.0,0.04812812199998007,True,9,1,UNSAT,20,Minisat220_DoneNormally_UNSAT,22,58
d46cd843-de9d-45fd-98bd-d994c61f047f,cnf,29,20.0,0.04822127299996737,True,9,1,UNSAT,20,Minisat220_DoneNormally_UNSAT,21,58
2d2188b0-a838-4df7-bf72-f67743aa4119,cnf,30,20.0,0.048598362000007,True,9,1,UNSAT,20,Minisat220_DoneNormally_UNSAT,20,59
ff56bf6b-7944-4694-954e-e67af1851313,cnf,31,20.0,0.048759691999975985,True,9,1,UNSAT,20,Minisat220_DoneNormally_UNSAT,20,59
cf5deaff-00d4-4bb8-9d90-8c9abad9e35b,cnf,32,20.0,0.0484634420000134,True,9,1,UNSAT,20,Minisat220_DoneNormally_UNSAT,21,59
5fbe3e4c-1dec-4eb1-93e8-58863489bbb2,cnf,33,20.0,0.049231822000024295,True,9,1,UNSAT,20,Minisat220_DoneNormally_UNSAT,21,59
f1d8f72b-a71a-468e-83a0-2971fb9a3a8d,cnf,34,20.0,0.04823569199999156,True,9,1,UNSAT,20,Minisat220_DoneNormally_UNSAT,21,58
13ca4c85-5d64-4037-8449-c5962bb7e6f1,cnf,35,20.0,0.04957261300000937,True,9,1,UNSAT,20,Minisat220_DoneNormally_UNSAT,20,60
a5a6dbc3-fd11-44bd-b0d5-ef68eddf0afe,cnf,36,20.0,0.050714442000014515,True,9,1,UNSAT,20,Minisat220_DoneNormally_UNSAT,19,61
5dad0dad-6775-4eeb-9530-7250bf388e8d,cnf,37,20.0,0.04897895200002722,True,9,1,UNSAT,20,Minisat220_DoneNormally_UNSAT,22,59
f893fd7c-5418-45c6-a178-151c46557a5c,cnf,38,20.0,0.04891241300003912,True,9,1,UNSAT,20,Minisat220_DoneNormally_UNSAT,20,59
a7cae691-d414-48df-93e9-f5a2b3adb637,cnf,39,20.0,0.05568746300002658,True,9,1,UNSAT,20,Minisat220_DoneNormally_UNSAT,30,66
9deb5038-cfeb-4f2a-8acc-1d05636e7ab8,cnf,40,20.0,0.04833751199998915,True,9,1,UNSAT,20,Minisat220_DoneNormally_UNSAT,20,58
93baabda-dd53-42de-a075-eef130054b0d,cnf,41,20.0,0.05668756300002542,True,9,1,UNSAT,20,Minisat220_DoneNormally_UNSAT,22,67
ba165e19-b1a4-42c0-b08d-b2906c9c44f4,cnf,42,20.0,0.04905088200001728,True,9,1,UNSAT,20,Minisat220_DoneNormally_UNSAT,20,59
02684a5e-0b77-42fa-a01c-8569acc9554e,cnf,43,20.0,0.061639622999962285,True,9,1,UNSAT,20,Minisat220_DoneNormally_UNSAT,21,72
03c10d34-ca57-4278-b0bf-40305ebaf037,cnf,44,20.0,0.05641324199996234,True,9,1,UNSAT,20,Minisat220_DoneNormally_UNSAT,22,67
38fa667d-c8ec-438c-b019-3da028759d70,cnf,45,20.0,0.048046053000007305,True,9,1,UNSAT,20,Minisat220_DoneNormally_UNSAT,21,58
19d3fe50-4db9-40ab-9c5a-6e5e77a9ba4e,cnf,46,20.0,0.04909659199995531,True,9,1,UNSAT,20,Minisat220_DoneNormally_UNSAT,18,59
3f8b75ad-5b6a-44dd-80ab-93a0eeb6b5b5,cnf,47,20.0,0.05429382300002317,True,9,1,UNSAT,20,Minisat220_DoneNormally_UNSAT,22,64
bd60628f-63bf-44ad-808d-065c99fb8115,cnf,48,20.0,0.04910967300003222,True,9,1,UNSAT,20,Minisat220_DoneNormally_UNSAT,23,59
fb275c27-e4b4-4e54-8242-2cad6fff470c,cnf,49,20.0,0.04915950200000907,True,9,1,UNSAT,20,Minisat220_DoneNormally_UNSAT,20,59
fb9d6e64-09b5-4d5f-8dfd-cca7e2b3de23,cnf,50,20.0,0.04812702199996011,True,9,1,UNSAT,20,Minisat220_DoneNormally_UNSAT,20,58
fd822e32-5748-438e-8c2c-796989fc1f8f,cnf,51,20.0,0.052534912000055556,True,9,1,UNSAT,20,Minisat220_DoneNormally_UNSAT,17,63
66c8d30d-32d6-4983-95de-f680caabacfe,cnf,52,20.0,0.049780701999964094,True,9,1,UNSAT,20,Minisat220_DoneNormally_UNSAT,20,60
a0a37872-6870-425d-befe-594d7c466624,cnf,53,20.0,0.04812525300002335,True,9,1,UNSAT,20,Minisat220_DoneNormally_UNSAT,18,58
a936aea0-5efa-422f-a9db-59729eede98a,cnf,54,20.0,0.04865560299998606,True,9,1,UNSAT,20,Minisat220_DoneNormally_UNSAT,21,59
105c8567-8435-4b60-b7fb-4b701c6d361d,cnf,55,20.0,0.05286620299995093,True,9,1,UNSAT,20,Minisat220_DoneNormally_UNSAT,21,63
3e281918-a693-4e92-92d2-67b0a9ec5be5,cnf,56,20.0,0.04770871199997373,True,9,1,UNSAT,20,Minisat220_DoneNormally_UNSAT,19,58
150a2039-d02f-40a8-95a7-9de38ca35c03,cnf,57,20.0,0.049134242000036465,True,9,1,UNSAT,20,Minisat220_DoneNormally_UNSAT,23,59
be4a72e1-a282-4929-abe0-e449c6fbee77,cnf,58,20.0,0.048284132999981466,True,9,1,UNSAT,20,Minisat220_DoneNormally_UNSAT,19,59
b41ae5c7-1982-47bc-9c72-7eee17f0f461,cnf,59,20.0,0.049524232000010215,True,9,1,UNSAT,20,Minisat220_DoneNormally_UNSAT,22,60
7c844615-1583-42c7-8646-2e69d9872f3f,cnf,60,20.0,0.04913048200000958,True,9,1,UNSAT,20,Minisat220_DoneNormally_UNSAT,18,59
5a480f95-6ee0-4afb-ac99-c9fa85b91687,cnf,61,20.0,0.04993114199999127,True,9,1,UNSAT,20,Minisat220_DoneNormally_UNSAT,23,60
e6f23c7a-2e10-42da-bf0e-9208f15c1852,cnf,62,20.0,0.04895763199999692,True,9,1,UNSAT,20,Minisat220_DoneNormally_UNSAT,23,59
99193c64-dc12-4128-a000-ace38aaba73e,cnf,63,20.0,0.04980418299999201,True,9,1,UNSAT,20,Minisat220_DoneNormally_UNSAT,20,60
a5dadac5-55a1-48dc-9972-9a207c82ed6c,cnf,64,20.0,0.04791642199995749,True,9,1,UNSAT,20,Minisat220_DoneNormally_UNSAT,20,58
45f0fb72-de1f-41cc-929f-73d31d1562ff,cnf,65,20.0,0.05088189199994986,True,9,1,UNSAT,20,Minisat220_DoneNormally_UNSAT,22,61
cc54a960-da57-49bd-98f5-dbf9b1d418cd,cnf,66,20.0,0.051483662000009645,True,9,1,UNSAT,20,Minisat220_DoneNormally_UNSAT,26,62
9b227997-f270-4ee3-9baf-a0b1b309e671,cnf,67,20.0,0.04850232199999027,True,9,1,UNSAT,20,Minisat220_DoneNormally_UNSAT,21,59
ca17f3ea-9d72-4896-8758-34d81c0a6dc3,cnf,68,20.0,0.05752241300001515,True,9,1,UNSAT,20,Minisat220_DoneNormally_UNSAT,22,68
3c5a4266-7061-474e-b35d-d20ecc5a250a,cnf,69,20.0,0.049439382999992176,True,9,1,UNSAT,20,Minisat220_DoneNormally_UNSAT,19,60
cdf115a1-b7db-44bc-be38-292ba58a7661,cnf,70,20.0,0.05243022300004441,True,9,1,UNSAT,20,Minisat220_DoneNormally_UNSAT,28,63
ce543ea5-fc85-43af-a318-cd1949a66461,cnf,71,20.0,0.04967471200001228,True,9,1,UNSAT,20,Minisat220_DoneNormally_UNSAT,21,60
24c8212c-1b60-4d1c-afc4-57d339cd07dd,cnf,72,20.0,0.0497157720000132,True,9,1,UNSAT,20,Minisat220_DoneNormally_UNSAT,23,60
1d5c67f9-c233-4a5d-aaf9-55645ea5177e,cnf,73,20.0,0.04875033300004361,True,9,1,UNSAT,20,Minisat220_DoneNormally_UNSAT,22,59
a5f37f25-b01f-4004-83a0-b7002c3bfacf,cnf,74,20.0,0.04798882299996876,True,9,1,UNSAT,20,Minisat220_DoneNormally_UNSAT,17,58
e080a969-c92e-47f3-9983-ccd39d495056,cnf,75,20.0,0.048938331999977436,True,9,1,UNSAT,20,Minisat220_DoneNormally_UNSAT,22,59
a85f70e7-a545-49bd-8a79-f3ca66fae73e,cnf,76,20.0,0.04843186200002947,True,9,1,UNSAT,20,Minisat220_DoneNormally_UNSAT,17,59
70a8c200-d0cf-40ba-ac10-fd58c867581e,cnf,77,20.0,0.04919921300000851,True,9,1,UNSAT,20,Minisat220_DoneNormally_UNSAT,23,60
f9a7cddb-a823-4ac6-b687-c8fc754de666,cnf,78,20.0,0.048706822000042393,True,9,1,UNSAT,20,Minisat220_DoneNormally_UNSAT,18,59
9487804b-f3a1-497c-aa24-42a2db2cc5ad,cnf,79,20.0,0.048685181999985616,True,9,1,UNSAT,20,Minisat220_DoneNormally_UNSAT,23,59
a7c8f754-e5a4-47d5-8bfe-00775b4c6b85,cnf,80,20.0,0.04823289199998726,True,9,1,UNSAT,20,Minisat220_DoneNormally_UNSAT,18,58
354fcc1b-a65b-4f4e-88db-af7adad8d562,cnf,81,20.0,0.04841608300000644,True,9,1,UNSAT,20,Minisat220_DoneNormally_UNSAT,17,59
db55e3b3-ef43-40f7-9f72-e29c457360b3,cnf,82,20.0,0.04846615200000315,True,9,1,UNSAT,20,Minisat220_DoneNormally_UNSAT,21,59
da0ae6e1-3f82-4643-a7df-89ad59fd2d7e,cnf,83,20.0,0.048642862000008336,True,9,1,UNSAT,20,Minisat220_DoneNormally_UNSAT,25,59
eb05be04-7e6b-495f-b6c8-d759a119518b,cnf,84,20.0,0.04930819200001224,True,9,1,UNSAT,20,Minisat220_DoneNormally_UNSAT,21,60
71df1bd4-85c0-45a2-a548-13d17d776ecf,cnf,85,20.0,0.04804901300002484,True,9,1,UNSAT,20,Minisat220_DoneNormally_UNSAT,18,58
b5da9a42-8694-41dc-9133-3067960c5ad7,cnf,86,20.0,0.047838721999994505,True,9,1,UNSAT,20,Minisat220_DoneNormally_UNSAT,18,58
4f609541-8dee-4c43-9f46-bd8aa6e0babb,cnf,87,20.0,0.049819793000040136,True,9,1,UNSAT,20,Minisat220_DoneNormally_UNSAT,23,60
9a94027e-879e-40c1-914a-a6cae8ce19d2,cnf,88,20.0,0.04886725299996897,True,9,1,UNSAT,20,Minisat220_DoneNormally_UNSAT,21,59
6efa3929-bf65-404c-9bba-2a72d02e82bd,cnf,89,20.0,0.0508897419999812,True,9,1,UNSAT,20,Minisat220_DoneNormally_UNSAT,22,61
2e0d0ea0-7e90-4adb-84e3-5672ff3e8003,cnf,90,20.0,0.048284362000003966,True,9,1,UNSAT,20,Minisat220_DoneNormally_UNSAT,22,59
0dd31c7e-c4ca-4683-b9d9-8141e47a46ad,cnf,91,20.0,0.04880528299997877,True,9,1,UNSAT,20,Minisat220_DoneNormally_UNSAT,22,59
b9f9f8be-82ba-496a-ab90-cf33d4701ee0,cnf,92,20.0,0.04951234200001409,True,9,1,UNSAT,20,Minisat220_DoneNormally_UNSAT,20,60
e8f7bf19-ef7b-4ff4-b847-d412fd3ced6f,cnf,93,20.0,0.048137322000002314,True,9,1,UNSAT,20,Minisat220_DoneNormally_UNSAT,22,58
4f698b9c-d403-4f3e-aad4-1f940e0687b7,cnf,94,20.0,0.05034295199999406,True,9,1,UNSAT,20,Minisat220_DoneNormally_UNSAT,19,61
2b12859b-5baf-459a-a176-aeacfe3d0075,cnf,95,20.0,0.049800222000044414,True,9,1,UNSAT,20,Minisat220_DoneNormally_UNSAT,22,60
46ad3e00-66fc-4f96-8a50-aa8c813d928a,cnf,96,20.0,0.05040622300003861,True,9,1,UNSAT,20,Minisat220_DoneNormally_UNSAT,24,61
57f1d084-a986-4b4e-9894-90237b4f1ca4,cnf,97,20.0,0.04882783300001847,True,9,1,UNSAT,20,Minisat220_DoneNormally_UNSAT,22,59
3cd4c32a-f49a-414a-9069-c63b9b3ea8b0,cnf,98,20.0,0.049455461999968975,True,9,1,UNSAT,20,Minisat220_DoneNormally_UNSAT,18,60
652f9329-751e-41a9-be07-9ee809cac191,cnf,99,20.0,0.04896749200003114,True,9,1,UNSAT,20,Minisat220_DoneNormally_UNSAT,19,59
475f9a8e-8bc6-45ef-aa14-1ace5153bf3b,cnf,100,20.0,0.04889563200003977,True,9,1,UNSAT,20,Minisat220_DoneNormally_UNSAT,19,59
8bb96d9b-691f-40e4-9ca6-849e31565995,cnf,101,20.0,0.04941761200001338,True,9,1,UNSAT,20,Minisat220_DoneNormally_UNSAT,22,60
c0eaaf56-0d00-4d77-8b3c-d265015da0ca,cnf,102,20.0,0.04932435199998508,True,9,1,UNSAT,20,Minisat220_DoneNormally_UNSAT,21,60
566b78b3-9f00-45d8-a86d-d8c8392b013f,cnf,103,20.0,0.048951961999989635,True,9,1,UNSAT,20,Minisat220_DoneNormally_UNSAT,22,59
ed0fff60-4df7-4acc-a1a1-6422f8851aa0,cnf,104,20.0,0.05045957200002249,True,9,1,UNSAT,20,Minisat220_DoneNormally_UNSAT,23,61
8ae1ac6e-f873-4439-9163-e3f825746065,cnf,105,20.0,0.04902398199999425,True,9,1,UNSAT,20,Minisat220_DoneNormally_UNSAT,21,59
62f2df56-c137-4ddd-8bc4-578d4c0c9f22,cnf,106,20.0,0.05219181199998957,True,9,1,UNSAT,20,Minisat220_DoneNormally_UNSAT,20,62
7164f568-814e-4fbb-bbb7-f441d6084e8c,cnf,107,20.0,0.04891853299994864,True,9,1,UNSAT,20,Minisat220_DoneNormally_UNSAT,19,59
afdaed30-6ed4-4c92-a355-20ba6115baee,cnf,108,20.0,0.04878816199999392,True,9,1,UNSAT,20,Minisat220_DoneNormally_UNSAT,18,59
697c4581-8261-488d-ab1c-2da29b00feca,cnf,109,20.0,0.04896141200003967,True,9,1,UNSAT,20,Minisat220_DoneNormally_UNSAT,18,59
af172a7b-b2cc-4ae2-a1c4-01046045fe6b,cnf,110,20.0,0.0494853820000003,True,9,1,UNSAT,20,Minisat220_DoneNormally_UNSAT,19,60
2e6f93ae-b7a6-4a28-afd4-4004fbd29539,cnf,111,20.0,0.048877123000011125,True,9,1,UNSAT,20,Minisat220_DoneNormally_UNSAT,21,59
c24270f9-b3d8-4161-9d35-712427860e76,cnf,112,20.0,0.04842700199998262,True,9,1,UNSAT,20,Minisat220_DoneNormally_UNSAT,18,59
7592db1b-b322-40bd-a195-b4c28f855f80,cnf,113,20.0,0.048756941999954506,True,9,1,UNSAT,20,Minisat220_DoneNormally_UNSAT,24,59
47b38c69-ea5f-4d0b-b512-d3592aef0de0,cnf,114,20.0,0.050141753000048084,True,9,1,UNSAT,20,Minisat220_DoneNormally_UNSAT,24,61
2ae166e7-ecf3-4b14-8cf0-426102874507,cnf,115,20.0,0.04883744199997864,True,9,1,UNSAT,20,Minisat220_DoneNormally_UNSAT,18,59
f2baba6c-1c51-432b-9cfc-d5f5a9b05ffd,cnf,116,20.0,0.05022852199999761,True,9,1,UNSAT,20,Minisat220_DoneNormally_UNSAT,19,61
42e2597e-176b-4009-9360-1782f7180e1c,cnf,117,20.0,0.04980285200002754,True,9,1,UNSAT,20,Minisat220_DoneNormally_UNSAT,18,60
cb6d4372-da84-4771-91af-edef118182fc,cnf,118,20.0,0.04909724300000562,True,9,1,UNSAT,20,Minisat220_DoneNormally_UNSAT,23,59
51ef3132-c3bb-4318-baf4-cc3d39dcff3e,cnf,119,20.0,0.04876450199998317,True,9,1,UNSAT,20,Minisat220_DoneNormally_UNSAT,21,59
889f09c2-2f07-4f07-9947-3012821aeab7,cnf,120,20.0,0.04905668300000343,True,9,1,UNSAT,20,Minisat220_DoneNormally_UNSAT,21,59
06d50d3c-af34-4b7f-956a-9265de8824b9,cnf,121,20.0,0.049725802000011754,True,9,1,UNSAT,20,Minisat220_DoneNormally_UNSAT,23,60
63241fa3-6751-4526-b224-1a8f662255cb,cnf,122,20.0,0.04805209200003446,True,9,1,UNSAT,20,Minisat220_DoneNormally_UNSAT,21,58
f48dc316-42ce-45af-a2d9-c4f6105e7a4b,cnf,123,20.0,0.04983244300001388,True,9,1,UNSAT,20,Minisat220_DoneNormally_UNSAT,21,60
833803b4-1425-4eca-a9fe-fc5065748fc5,cnf,124,20.0,0.049283942999977626,True,9,1,UNSAT,20,Minisat220_DoneNormally_UNSAT,23,60
05d196c9-7701-4eaf-8fb6-095648cf9305,cnf,125,20.0,0.04844203200002539,True,9,1,UNSAT,20,Minisat220_DoneNormally_UNSAT,19,59
7eaee7e5-c143-4fb3-92fa-656792795399,cnf,126,20.0,0.04924631199997975,True,9,1,UNSAT,20,Minisat220_DoneNormally_UNSAT,21,60
79718a04-e99d-494c-91c6-84e7382f49d1,cnf,127,20.0,0.04959765199998856,True,9,1,UNSAT,20,Minisat220_DoneNormally_UNSAT,23,60
a60d0c64-38f8-4115-8146-53cc50a059f5,cnf,1,20.0,0.04798016199998756,True,9,1,UNSAT,20,Minisat220_DoneNormally_UNSAT,23,58
41aed35e-0f0b-4c77-bddf-275ac4a3a107,cnf,2,20.0,0.04814988200001835,True,9,1,UNSAT,20,Minisat220_DoneNormally_UNSAT,23,58
eaa96748-51af-4955-b1fb-98f608e4e661,cnf,3,20.0,0.04834636199996112,True,9,1,UNSAT,20,Minisat220_DoneNormally_UNSAT,19,58
80469ae4-f82a-4ed3-bd7a-3b1ea30f7eb8,cnf,4,20.0,0.048507691999986946,True,9,1,UNSAT,20,Minisat220_DoneNormally_UNSAT,19,59
1f959c33-9b50-4669-88c6-d83ab6683257,cnf,5,20.0,0.04882123199996613,True,9,1,UNSAT,20,Minisat220_DoneNormally_UNSAT,20,59
a02d21a1-edfa-4c67-bed7-c867586459f6,cnf,6,20.0,0.048501821999991535,True,9,1,UNSAT,20,Minisat220_DoneNormally_UNSAT,23,59
c631aa01-1a3e-41ef-ac56-19b2d3ce34fe,cnf,7,20.0,0.04777844299997014,True,9,1,UNSAT,20,Minisat220_DoneNormally_UNSAT,20,58
ddb0ec42-e609-4a61-b083-612ad99ea4a9,cnf,8,20.0,0.048178272000029665,True,9,1,UNSAT,20,Minisat220_DoneNormally_UNSAT,19,58
28b6829c-972e-4b24-a211-92027cdb41a5,cnf,9,20.0,0.04819363199999316,True,9,1,UNSAT,20,Minisat220_DoneNormally_UNSAT,23,58
1d4530b5-8da5-424d-be1d-f119d30dca19,cnf,10,20.0,0.05425612300001603,True,9,1,UNSAT,20,Minisat220_DoneNormally_UNSAT,20,64
f5ac4a99-1c65-4cd2-ab64-078ba3934436,cnf,11,20.0,0.04797744199998988,True,9,1,UNSAT,20,Minisat220_DoneNormally_UNSAT,20,58
3e833576-eab9-44be-bf55-e7cb0561f799,cnf,12,20.0,0.04817416299999877,True,9,1,UNSAT,20,Minisat220_DoneNormally_UNSAT,22,58
ea3f6c33-d9ed-47a1-89ac-929a451054c7,cnf,13,20.0,0.04875849299997981,True,9,1,UNSAT,20,Minisat220_DoneNormally_UNSAT,24,59
08b68f0a-04ea-4cd5-93c0-43dc248b75ea,cnf,14,20.0,0.04924153199999637,True,9,1,UNSAT,20,Minisat220_DoneNormally_UNSAT,21,59
c56d512c-d0bf-4232-b7bd-8283b2faeb75,cnf,15,20.0,0.04742716200001951,True,9,1,UNSAT,20,Minisat220_DoneNormally_UNSAT,19,57
be66c6ec-5862-4b89-b86d-106bb8905082,cnf,16,20.0,0.05513976200001025,True,9,1,UNSAT,20,Minisat220_DoneNormally_UNSAT,23,65
e0e51aad-7a37-42bb-b852-7656dd2acf3c,cnf,17,20.0,0.047884911999972246,True,9,1,UNSAT,20,Minisat220_DoneNormally_UNSAT,22,58
098ed719-ba45-439f-9091-1fc2a92ac603,cnf,18,20.0,0.0482138330000339,True,9,1,UNSAT,20,Minisat220_DoneNormally_UNSAT,23,58
c36e3abd-87da-4ec1-ac32-520fca608c49,cnf,19,20.0,0.04879868200004012,True,9,1,UNSAT,20,Minisat220_DoneNormally_UNSAT,19,59
0f184258-4037-4210-be9c-7bc8ee549bff,cnf,20,20.0,0.04806419199996981,True,9,1,UNSAT,20,Minisat220_DoneNormally_UNSAT,21,58
f1fb3055-7711-45e5-8b05-64696c5beca1,cnf,21,20.0,0.05132872199999383,True,9,1,UNSAT,20,Minisat220_DoneNormally_UNSAT,20,61
d0920981-e870-446d-b05b-16359c7428cb,cnf,22,20.0,0.04889007299999548,True,9,1,UNSAT,20,Minisat220_DoneNormally_UNSAT,26,59
82bde97f-0c54-4e1e-8060-6638de56f96a,cnf,23,20.0,0.049448723000011796,True,9,1,UNSAT,20,Minisat220_DoneNormally_UNSAT,20,60
ba972e41-251f-41d5-b224-dc96e7e77b8f,cnf,24,20.0,0.047992442999998275,True,9,1,UNSAT,20,Minisat220_DoneNormally_UNSAT,20,58
c7ec3ac5-6398-4584-90b8-03aeaa16e774,cnf,25,20.0,0.048835651999979746,True,9,1,UNSAT,20,Minisat220_DoneNormally_UNSAT,21,59
f06b9444-11a8-426d-84d2-7de85164e488,cnf,26,20.0,0.04788888199999519,True,9,1,UNSAT,20,Minisat220_DoneNormally_UNSAT,21,58
28ad2bc4-bd7d-4d70-8761-8d201086efeb,cnf,27,20.0,0.04928137199999583,True,9,1,UNSAT,20,Minisat220_DoneNormally_UNSAT,21,59
40bbaba9-b03f-4630-86bd-3921e894ca19,cnf,28,20.0,0.048364512000034665,True,9,1,UNSAT,20,Minisat220_DoneNormally_UNSAT,19,58
6e7356fc-6387-4bbb-abfa-126dd2d1b638,cnf,29,20.0,0.04813568299999815,True,9,1,UNSAT,20,Minisat220_DoneNormally_UNSAT,20,58
92a4b038-151a-47a8-a5b3-d9192adc2daf,cnf,30,20.0,0.04848340199998802,True,9,1,UNSAT,20,Minisat220_DoneNormally_UNSAT,20,59
8d65559f-c16d-4641-8d43-25481864bd73,cnf,31,20.0,0.048287452000010944,True,9,1,UNSAT,20,Minisat220_DoneNormally_UNSAT,21,58
3e18200c-f90e-4bcb-a59a-a443a2b9c916,cnf,32,20.0,0.048974821999991036,True,9,1,UNSAT,20,Minisat220_DoneNormally_UNSAT,21,59
00920b99-53d8-44e9-8573-a5ca195f7fef,cnf,33,20.0,0.05035744200000636,True,9,1,UNSAT,20,Minisat220_DoneNormally_UNSAT,17,60
c55d6a9a-3489-4e22-b1fe-6afc92b16b87,cnf,34,20.0,0.04813358199999129,True,9,1,UNSAT,20,Minisat220_DoneNormally_UNSAT,21,58
7de0a07c-c99c-43b1-9cfe-c3bfd9c4d2f4,cnf,35,20.0,0.04894445299999006,True,9,1,UNSAT,20,Minisat220_DoneNormally_UNSAT,21,59
f987ace7-c5b5-4813-8453-f79f97f8294c,cnf,36,20.0,0.05091525199998159,True,9,1,UNSAT,20,Minisat220_DoneNormally_UNSAT,24,61
d3279b32-db3f-4f4a-88f4-e38145353cae,cnf,37,20.0,0.048505382000030295,True,9,1,UNSAT,20,Minisat220_DoneNormally_UNSAT,20,59
79973f9c-4acc-4094-8f09-1c866c61f3b9,cnf,38,20.0,0.04842458199999555,True,9,1,UNSAT,20,Minisat220_DoneNormally_UNSAT,19,59
84070ccf-3e58-48f5-8650-079a6b8862ac,cnf,39,20.0,0.04856648300000188,True,9,1,UNSAT,20,Minisat220_DoneNormally_UNSAT,23,59
36b13f25-9528-4ae5-a72b-bdbabcf36e76,cnf,40,20.0,0.04826513199998317,True,9,1,UNSAT,20,Minisat220_DoneNormally_UNSAT,19,58
016df055-554a-43a8-bb2e-8381d63b968a,cnf,41,20.0,0.05102608199996439,True,9,1,UNSAT,20,Minisat220_DoneNormally_UNSAT,19,61
8838c1bb-1266-4cb6-b06e-18964727f75a,cnf,42,20.0,0.04754465199999913,True,9,1,UNSAT,20,Minisat220_DoneNormally_UNSAT,17,58
8777eda6-9476-4710-9491-d8e42b9e1029,cnf,43,20.0,0.04819350200000372,True,9,1,UNSAT,20,Minisat220_DoneNormally_UNSAT,22,58
f60f129b-dfb5-450e-bc65-863ec674ce53,cnf,44,20.0,0.04861702199997353,True,9,1,UNSAT,20,Minisat220_DoneNormally_UNSAT,21,59
8f6814cb-eb1b-4cc4-b76e-13ca909fa3ba,cnf,45,20.0,0.04810324300001412,True,9,1,UNSAT,20,Minisat220_DoneNormally_UNSAT,23,58
eada15d2-f637-4739-a53c-d56fed4568db,cnf,46,20.0,0.04843863199999987,True,9,1,UNSAT,20,Minisat220_DoneNormally_UNSAT,20,59
af698ff2-00e6-4363-b088-e0957d8acc0a,cnf,47,20.0,0.053989272999956484,True,9,1,UNSAT,20,Minisat220_DoneNormally_UNSAT,21,64
80142738-2eba-437a-84e4-d3e91d49f572,cnf,48,20.0,0.0487114229999861,True,9,1,UNSAT,20,Minisat220_DoneNormally_UNSAT,19,59
6bbd050e-410a-4ee3-ad45-65757550e777,cnf,49,20.0,0.04829487199998539,True,9,1,UNSAT,20,Minisat220_DoneNormally_UNSAT,23,58
db4136b1-d532-4d4b-ac31-a5b8ba4b750d,cnf,50,20.0,0.048108361999993576,True,9,1,UNSAT,20,Minisat220_DoneNormally_UNSAT,21,58
54934e1b-b213-411e-99e5-0adf6f10b522,cnf,51,20.0,0.048493151999991824,True,9,1,UNSAT,20,Minisat220_DoneNormally_UNSAT,23,59
004ed11e-194f-4828-aa44-d44277e204ea,cnf,52,20.0,0.04836453199999369,True,9,1,UNSAT,20,Minisat220_DoneNormally_UNSAT,19,59
d755bf82-3783-423e-b8d7-a24b39f49a14,cnf,53,20.0,0.04807425299998158,True,9,1,UNSAT,20,Minisat220_DoneNormally_UNSAT,20,58
8fa1f7b7-4952-4b1f-bf4e-fed3ab1a4db8,cnf,54,20.0,0.04816914299999553,True,9,1,UNSAT,20,Minisat220_DoneNormally_UNSAT,24,58
115d677a-5150-4f2e-b0ab-3a9258358c50,cnf,55,20.0,0.05345341299999973,True,9,1,UNSAT,20,Minisat220_DoneNormally_UNSAT,22,64
f00797a5-ca2c-4815-bf71-b1ff2f5fdc0b,cnf,56,20.0,0.04758063199994922,True,9,1,UNSAT,20,Minisat220_DoneNormally_UNSAT,22,58
63c28217-cb25-4f6e-8f51-a03e2ea085f1,cnf,57,20.0,0.05175579199999447,True,9,1,UNSAT,20,Minisat220_DoneNormally_UNSAT,22,62
5ef753d7-ae43-4112-b83d-c5332e61f64e,cnf,58,20.0,0.04711696200001825,True,9,1,UNSAT,20,Minisat220_DoneNormally_UNSAT,20,57
dc4ab7bb-efa5-4cd1-a110-e31799dd6f7f,cnf,59,20.0,0.049001411999995526,True,9,1,UNSAT,20,Minisat220_DoneNormally_UNSAT,21,59
9452051d-b75a-4541-aa8f-48166d67304a,cnf,60,20.0,0.04948800200003234,True,9,1,UNSAT,20,Minisat220_DoneNormally_UNSAT,24,60
f54311a8-85b8-4005-bc24-c944d192ae8f,cnf,61,20.0,0.04893667200002483,True,9,1,UNSAT,20,Minisat220_DoneNormally_UNSAT,23,59
a1f2f9e3-47f4-4762-a08b-3d77466afa4b,cnf,62,20.0,0.048902691999956005,True,9,1,UNSAT,20,Minisat220_DoneNormally_UNSAT,22,59
764852c3-df22-426d-b12e-691e753f1555,cnf,63,20.0,0.050003792999973484,True,9,1,UNSAT,20,Minisat220_DoneNormally_UNSAT,20,60
5c23fd02-5980-4a26-ba17-564566da36f9,cnf,64,20.0,0.04929647199998044,True,9,1,UNSAT,20,Minisat220_DoneNormally_UNSAT,23,59
8b1902a6-7b33-48df-a662-402acf041cb3,cnf,65,20.0,0.0495948220000173,True,9,1,UNSAT,20,Minisat220_DoneNormally_UNSAT,21,60
4a5642fd-d22e-4f0b-84b1-b7967c5a8aa6,cnf,66,20.0,0.04845550200002435,True,9,1,UNSAT,20,Minisat220_DoneNormally_UNSAT,19,59
4b3034ee-8a2a-44f1-b362-a01734be2fd7,cnf,67,20.0,0.048784173000001374,True,9,1,UNSAT,20,Minisat220_DoneNormally_UNSAT,20,59
3053a1bf-15e1-4940-8d3d-57fb5469ceeb,cnf,68,20.0,0.04969126199995344,True,9,1,UNSAT,20,Minisat220_DoneNormally_UNSAT,20,60
4e48d995-c8a1-4673-bcf1-0f83fe2e7d1f,cnf,69,20.0,0.048488571999996566,True,9,1,UNSAT,20,Minisat220_DoneNormally_UNSAT,18,59
8462a0e6-4eea-480c-a264-747ab8d106d6,cnf,70,20.0,0.04787697299997262,True,9,1,UNSAT,20,Minisat220_DoneNormally_UNSAT,21,58
5de32c79-7a2d-4de9-bf34-fa4776ca4791,cnf,71,20.0,0.04786316199999874,True,9,1,UNSAT,20,Minisat220_DoneNormally_UNSAT,20,58
fe660005-0d4c-47ad-955c-c2c648af28b3,cnf,72,20.0,0.04974355199999536,True,9,1,UNSAT,20,Minisat220_DoneNormally_UNSAT,18,60
ad3c2e84-416d-4955-aaef-0e42a1008ede,cnf,73,20.0,0.0489931630000342,True,9,1,UNSAT,20,Minisat220_DoneNormally_UNSAT,18,59
fb98ab57-7150-469c-a350-7bd3573ef2e4,cnf,74,20.0,0.04806200299998409,True,9,1,UNSAT,20,Minisat220_DoneNormally_UNSAT,20,58
78851998-f753-4ae1-a61f-bcdd491dabeb,cnf,75,20.0,0.04818064199997707,True,9,1,UNSAT,20,Minisat220_DoneNormally_UNSAT,20,58
c9d5e864-b7c0-4fc5-bfec-c51a4c6211df,cnf,76,20.0,0.04810006200000316,True,9,1,UNSAT,20,Minisat220_DoneNormally_UNSAT,22,58
af0baa03-e4ac-4e39-89b7-f9fb490b445a,cnf,77,20.0,0.048151023000002624,True,9,1,UNSAT,20,Minisat220_DoneNormally_UNSAT,22,58
00b61a32-fd1c-4e10-b5a0-dcc59872afb4,cnf,78,20.0,0.048935551999989,True,9,1,UNSAT,20,Minisat220_DoneNormally_UNSAT,18,59
ea59e49d-aa60-4bf6-b475-3ed817532c00,cnf,79,20.0,0.048197682000022724,True,9,1,UNSAT,20,Minisat220_DoneNormally_UNSAT,21,59
4caa05fa-c03d-446e-ac88-f36137ffe57e,cnf,80,20.0,0.048579262000032486,True,9,1,UNSAT,20,Minisat220_DoneNormally_UNSAT,20,59
719a1260-df1c-4e73-8496-d06091665cc2,cnf,81,20.0,0.04856839299998228,True,9,1,UNSAT,20,Minisat220_DoneNormally_UNSAT,21,59
e7de83bb-bd8f-401b-ba51-bf380f11dfc9,cnf,82,20.0,0.0483072320000133,True,9,1,UNSAT,20,Minisat220_DoneNormally_UNSAT,22,59
c0202e81-03af-405b-8c0f-618a6fb59ad2,cnf,83,20.0,0.04760614200000646,True,9,1,UNSAT,20,Minisat220_DoneNormally_UNSAT,22,58
ebbdddcc-a010-4b93-8366-a241d8cfb816,cnf,84,20.0,0.048929572000020016,True,9,1,UNSAT,20,Minisat220_DoneNormally_UNSAT,25,59
ec747e75-d618-44b8-a11e-82e21799854d,cnf,85,20.0,0.048871352999981355,True,9,1,UNSAT,20,Minisat220_DoneNormally_UNSAT,22,59
680e8ffb-d234-42b0-a6e8-ce0c53909620,cnf,86,20.0,0.04846499299998186,True,9,1,UNSAT,20,Minisat220_DoneNormally_UNSAT,19,59
7714939a-2d15-4238-94e2-53fc5f62f069,cnf,87,20.0,0.04932301200000211,True,9,1,UNSAT,20,Minisat220_DoneNormally_UNSAT,20,60
e1195fba-eeb4-455e-bfe6-b0538d462fb6,cnf,88,20.0,0.050078392999978405,True,9,1,UNSAT,20,Minisat220_DoneNormally_UNSAT,21,60
c10fb83a-7dad-4bb9-a886-93b86cce8444,cnf,89,20.0,0.04898728200004143,True,9,1,UNSAT,20,Minisat220_DoneNormally_UNSAT,21,59
d60ca22f-6f1b-4704-b7c7-4a544fbecfd2,cnf,90,20.0,0.04762195199998587,True,9,1,UNSAT,20,Minisat220_DoneNormally_UNSAT,22,58
b5ada679-0382-46fc-93df-4bc15bed81c9,cnf,91,20.0,0.0482247929999744,True,9,1,UNSAT,20,Minisat220_DoneNormally_UNSAT,22,59
80a13a10-39a5-485b-8c17-8e0d1a4616ab,cnf,92,20.0,0.04917713200001117,True,9,1,UNSAT,20,Minisat220_DoneNormally_UNSAT,17,59
4efb8598-1c64-4d4d-b087-be967b20572e,cnf,93,20.0,0.04850474199997734,True,9,1,UNSAT,20,Minisat220_DoneNormally_UNSAT,19,59
888f82fd-6e40-4776-9545-6ed147f2cb0d,cnf,94,20.0,0.05453385200002003,True,9,1,UNSAT,20,Minisat220_DoneNormally_UNSAT,20,65
377d580d-b733-421e-9904-7b71c4a712e0,cnf,95,20.0,0.04943025199997919,True,9,1,UNSAT,20,Minisat220_DoneNormally_UNSAT,20,60
4066a6f2-2b24-49f6-85f8-9fe7a8703998,cnf,96,20.0,0.04865463200002296,True,9,1,UNSAT,20,Minisat220_DoneNormally_UNSAT,22,59
ff053b0b-7b6d-47eb-b9bc-2bbbaeae6a0d,cnf,97,20.0,0.04868144300002086,True,9,1,UNSAT,20,Minisat220_DoneNormally_UNSAT,23,59
88643911-8c75-44ba-b720-c516975943d1,cnf,98,20.0,0.04974831200001972,True,9,1,UNSAT,20,Minisat220_DoneNormally_UNSAT,21,60
97f76dc2-0a58-4aa5-be12-2fee4dd4cd8e,cnf,99,20.0,0.04879432199999201,True,9,1,UNSAT,20,Minisat220_DoneNormally_UNSAT,22,59
7b311cde-4143-4434-bd20-cd9eaa4e1b12,cnf,100,20.0,0.04831518200001028,True,9,1,UNSAT,20,Minisat220_DoneNormally_UNSAT,23,59
4def670b-60d2-4630-b18c-3ad3133c55f6,cnf,101,20.0,0.048957293000000845,True,9,1,UNSAT,20,Minisat220_DoneNormally_UNSAT,22,59
2c45515f-a7f4-4a63-9807-90d765f65170,cnf,102,20.0,0.04871000200000708,True,9,1,UNSAT,20,Minisat220_DoneNormally_UNSAT,20,59
5fee5c80-28a7-4587-8e40-7235168a23b2,cnf,103,20.0,0.04884267199997794,True,9,1,UNSAT,20,Minisat220_DoneNormally_UNSAT,23,59
17d6c85c-1e87-4bc1-83be-6ce0e3d0628c,cnf,104,20.0,0.04848160299997062,True,9,1,UNSAT,20,Minisat220_DoneNormally_UNSAT,21,59
9478dbc0-46a1-4fd9-9dcc-ba9c8b4bb018,cnf,105,20.0,0.04857861200002844,True,9,1,UNSAT,20,Minisat220_DoneNormally_UNSAT,23,59
23ddde9d-ed15-4a5f-bdf5-e7e6dff42cdc,cnf,106,20.0,0.06043672300000935,True,9,1,UNSAT,20,Minisat220_DoneNormally_UNSAT,26,71
fec70e1c-e4b0-4ac5-99b6-5cdbe630cf50,cnf,107,20.0,0.048988853000025756,True,9,1,UNSAT,20,Minisat220_DoneNormally_UNSAT,18,59
486252b7-7a9e-4149-b174-ce1f573c7caf,cnf,108,20.0,0.05006384200004277,True,9,1,UNSAT,20,Minisat220_DoneNormally_UNSAT,21,60
def09666-a5f5-41c1-bcee-e453ca0ea77e,cnf,109,20.0,0.06282985299998245,True,9,1,UNSAT,20,Minisat220_DoneNormally_UNSAT,21,73
25ea71e3-ff04-4a25-b5f1-a8c95f61b266,cnf,110,20.0,0.04917777200000728,True,9,1,UNSAT,20,Minisat220_DoneNormally_UNSAT,20,60
07b8e1ed-b3ad-4351-ba61-1f1f1829a018,cnf,111,20.0,0.048487832000034814,True,9,1,UNSAT,20,Minisat220_DoneNormally_UNSAT,19,59
39a545b9-15e9-47d0-bddb-8fa2d97a233b,cnf,112,20.0,0.048521142000026884,True,9,1,UNSAT,20,Minisat220_DoneNormally_UNSAT,21,59
1138f20d-30c2-4a47-ae96-7c5ba837e8c7,cnf,113,20.0,0.049635593000004974,True,9,1,UNSAT,20,Minisat220_DoneNormally_UNSAT,24,60
37d923db-e727-4139-85f9-94c90a563d9b,cnf,114,20.0,0.04964705300000105,True,9,1,UNSAT,20,Minisat220_DoneNormally_UNSAT,19,60
93dda776-f1ba-4ca2-b772-f1227551ad74,cnf,115,20.0,0.048559051999973235,True,9,1,UNSAT,20,Minisat220_DoneNormally_UNSAT,20,59
b06a2655-5c2b-45d3-bc56-725c848b8dde,cnf,116,20.0,0.0484220920000098,True,9,1,UNSAT,20,Minisat220_DoneNormally_UNSAT,21,59
bca44b9f-3894-4be6-adf1-b9d7ce10d110,cnf,117,20.0,0.04876965200003269,True,9,1,UNSAT,20,Minisat220_DoneNormally_UNSAT,22,59
59697885-57b3-415e-a4e0-0e2f91c31abd,cnf,118,20.0,0.04909636200000023,True,9,1,UNSAT,20,Minisat220_DoneNormally_UNSAT,23,59
e3eba008-581b-44c2-bb13-e8ab895cf57d,cnf,119,20.0,0.048783271999980116,True,9,1,UNSAT,20,Minisat220_DoneNormally_UNSAT,21,59
702b8298-3b96-44dd-a866-c6ab7218579b,cnf,120,20.0,0.04870505299999195,True,9,1,UNSAT,20,Minisat220_DoneNormally_UNSAT,19,59
74f172bb-b828-4c42-9653-fc78638a4231,cnf,121,20.0,0.04976912199998651,True,9,1,UNSAT,20,Minisat220_DoneNormally_UNSAT,22,60
f125e815-091c-4e25-8b94-7ead06c9717c,cnf,122,20.0,0.04816730200002439,True,9,1,UNSAT,20,Minisat220_DoneNormally_UNSAT,19,59
9bac7d5a-c5fe-455d-9f4e-8f957ebd0bf9,cnf,123,20.0,0.049158853000051295,True,9,1,UNSAT,20,Minisat220_DoneNormally_UNSAT,20,60
31fe0fa7-6e6c-45b8-8dcf-cdf6b6d32104,cnf,124,20.0,0.05043595199998663,True,9,1,UNSAT,20,Minisat220_DoneNormally_UNSAT,21,61
e3b9ae07-0e1f-4ddb-8134-29351a8cde8a,cnf,125,20.0,0.048542052000016156,True,9,1,UNSAT,20,Minisat220_DoneNormally_UNSAT,19,59
b5128fbc-1bec-43d6-b73c-6943f34bb668,cnf,126,20.0,0.04858406199997489,True,9,1,UNSAT,20,Minisat220_DoneNormally_UNSAT,18,59
979e9063-29d3-4d70-94d6-4e6bd88f9364,cnf,127,20.0,0.04943873199999871,True,9,1,UNSAT,20,Minisat220_DoneNormally_UNSAT,19,60
d8411728-8afe-4911-ad18-48edb5cd9cdb,cnf,1,20.0,0.04869767200000297,True,9,1,UNSAT,20,Minisat220_DoneNormally_UNSAT,21,59
ca20cf2f-35e9-43e9-a2da-e2a55ae47bfa,cnf,2,20.0,0.0480516719999855,True,9,1,UNSAT,20,Minisat220_DoneNormally_UNSAT,18,58
734d06f6-53e2-45f2-897c-9b97f0dd261e,cnf,3,20.0,0.047700612000028286,True,9,1,UNSAT,20,Minisat220_DoneNormally_UNSAT,20,58
04fa8908-3501-4f2e-afc7-cdbc0b8f94ea,cnf,4,20.0,0.04966858299997057,True,9,1,UNSAT,20,Minisat220_DoneNormally_UNSAT,22,60
f3d8b68a-0cf9-40ba-9cf6-090fb51856ef,cnf,5,20.0,0.05016429199997674,True,9,1,UNSAT,20,Minisat220_DoneNormally_UNSAT,18,60
d0e513cd-a9d0-4934-8076-dc6584494a93,cnf,6,20.0,0.04965429200001381,True,9,1,UNSAT,20,Minisat220_DoneNormally_UNSAT,24,60
c07442fa-a362-48cc-a5e7-d877893da3a5,cnf,7,20.0,0.047793673000001036,True,9,1,UNSAT,20,Minisat220_DoneNormally_UNSAT,22,58
898cdfe3-e2a9-4c91-a372-d14eefd6a904,cnf,8,20.0,0.04794418199998063,True,9,1,UNSAT,20,Minisat220_DoneNormally_UNSAT,23,58
047dd140-a559-4dae-92f4-46f2b27e5160,cnf,9,20.0,0.04754619200002708,True,9,1,UNSAT,20,Minisat220_DoneNormally_UNSAT,22,58
5fee780b-a4b1-49d5-8427-b143e720e3bc,cnf,10,20.0,0.05308116300000165,True,9,1,UNSAT,20,Minisat220_DoneNormally_UNSAT,24,63
271f3374-fbe4-4b80-b4d9-821648891fae,cnf,11,20.0,0.048703782000018236,True,9,1,UNSAT,20,Minisat220_DoneNormally_UNSAT,22,59
14ed13eb-c654-4b03-8d9f-d0a656cf57c7,cnf,12,20.0,0.04866878299998234,True,9,1,UNSAT,20,Minisat220_DoneNormally_UNSAT,21,59
bc277d38-98c1-474d-9380-0e3a9a4ba009,cnf,13,20.0,0.04891692299997885,True,9,1,UNSAT,20,Minisat220_DoneNormally_UNSAT,22,59
c086a91e-0064-4fc0-9d63-a57aab3a0bb2,cnf,14,20.0,0.049658453000006375,True,9,1,UNSAT,20,Minisat220_DoneNormally_UNSAT,24,60
12c37dee-d2ac-453b-9498-3bd1f51d6c4b,cnf,15,20.0,0.04806670200002827,True,9,1,UNSAT,20,Minisat220_DoneNormally_UNSAT,21,58
6cea7a36-ddd0-48ca-886c-f73582fa73d3,cnf,16,20.0,0.05182383200002505,True,9,1,UNSAT,20,Minisat220_DoneNormally_UNSAT,25,62
9bb3dc2d-c638-4213-9e44-5ee0045904e6,cnf,17,20.0,0.047494272000051296,True,9,1,UNSAT,20,Minisat220_DoneNormally_UNSAT,18,58
0cea865b-bafb-4f27-9d23-c55454d7b79b,cnf,18,20.0,0.0479313529999672,True,9,1,UNSAT,20,Minisat220_DoneNormally_UNSAT,22,58
e9b01253-2f01-4122-accc-079d5aaff811,cnf,19,20.0,0.04905412199997272,True,9,1,UNSAT,20,Minisat220_DoneNormally_UNSAT,23,59
724a7ae5-3c62-4357-b6d4-1828c7768837,cnf,20,20.0,0.04862081199996737,True,9,1,UNSAT,20,Minisat220_DoneNormally_UNSAT,21,59
71fdef03-90a2-4eed-85ed-630fb18cf464,cnf,21,20.0,0.05183748300004254,True,9,1,UNSAT,20,Minisat220_DoneNormally_UNSAT,22,62
bba2eb38-10f6-4901-b77d-9e39c3798836,cnf,22,20.0,0.0499712629999749,True,9,1,UNSAT,20,Minisat220_DoneNormally_UNSAT,21,60
0d931aa9-f308-47d4-83d7-cdb9d244a3f7,cnf,23,20.0,0.04876249299996971,True,9,1,UNSAT,20,Minisat220_DoneNormally_UNSAT,23,59
f3b6f58e-2b17-487b-99ab-b3aefe6cf97c,cnf,24,20.0,0.051601403000006485,True,9,1,UNSAT,20,Minisat220_DoneNormally_UNSAT,24,62
e4e50d85-b252-4b03-bf08-0cdad32dac7c,cnf,25,20.0,0.04931686200001195,True,9,1,UNSAT,20,Minisat220_DoneNormally_UNSAT,19,59
f7d52005-3c41-4f2a-9683-a5e23da39f97,cnf,26,20.0,0.04829385200002889,True,9,1,UNSAT,20,Minisat220_DoneNormally_UNSAT,22,58
63127666-57c3-4b70-9c15-dcef10e05978,cnf,27,20.0,0.04828427200004626,True,9,1,UNSAT,20,Minisat220_DoneNormally_UNSAT,19,58
8b946b4e-78e5-45bd-bcf4-5821aca2a8e8,cnf,28,20.0,0.04837157299999717,True,9,1,UNSAT,20,Minisat220_DoneNormally_UNSAT,21,58
a9a6f2c2-29b3-42cd-8a70-4f2124246b38,cnf,29,20.0,0.04920065299995713,True,9,1,UNSAT,20,Minisat220_DoneNormally_UNSAT,18,59
10fb3d08-f0a2-40e7-86cf-62ffd683c5cf,cnf,30,20.0,0.04835945199999969,True,9,1,UNSAT,20,Minisat220_DoneNormally_UNSAT,22,58
4e77c572-4a74-4f91-b462-5216df468cf0,cnf,31,20.0,0.05087588200001392,True,9,1,UNSAT,20,Minisat220_DoneNormally_UNSAT,20,61
31cd6a4b-b30e-4601-9409-173b6136f1c8,cnf,32,20.0,0.04886272200002395,True,9,1,UNSAT,20,Minisat220_DoneNormally_UNSAT,20,59
7e00f66f-3788-498d-bc41-f86ced52edea,cnf,33,20.0,0.04991738199998963,True,9,1,UNSAT,20,Minisat220_DoneNormally_UNSAT,20,60
4f2bc801-cb4b-41a3-bc69-0f51cb308752,cnf,34,20.0,0.04804194199999756,True,9,1,UNSAT,20,Minisat220_DoneNormally_UNSAT,22,58
d15e2221-80f3-4ecc-87d6-f57ca6ba2e3f,cnf,35,20.0,0.05026415300000053,True,9,1,UNSAT,20,Minisat220_DoneNormally_UNSAT,19,60
bc9ebea8-bbe9-458e-a5c0-30b884acd6b1,cnf,36,20.0,0.0518453119999549,True,9,1,UNSAT,20,Minisat220_DoneNormally_UNSAT,22,62
39e490ac-2f64-443b-8dd0-32016c576dac,cnf,37,20.0,0.05103292199999032,True,9,1,UNSAT,20,Minisat220_DoneNormally_UNSAT,25,61
ac31fd78-c72a-4ef4-a887-1dbceeebd84a,cnf,38,20.0,0.04875395200002686,True,9,1,UNSAT,20,Minisat220_DoneNormally_UNSAT,21,59
dc29f0b8-8416-45a0-8a15-086fed774e43,cnf,39,20.0,0.04962857300000678,True,9,1,UNSAT,20,Minisat220_DoneNormally_UNSAT,22,60
027f6ae5-9d6a-4f4f-aac2-0d45a7c8a4fe,cnf,40,20.0,0.05267418300002191,True,9,1,UNSAT,20,Minisat220_DoneNormally_UNSAT,27,63
f63a239a-b581-4ec2-88c7-e708efa35051,cnf,41,20.0,0.0522510220000072,True,9,1,UNSAT,20,Minisat220_DoneNormally_UNSAT,22,62
ff523425-509c-4168-9dc2-08cbca4501b8,cnf,42,20.0,0.04846840200002589,True,9,1,UNSAT,20,Minisat220_DoneNormally_UNSAT,20,59
cccb6995-74d0-484f-8c0c-c3af561598dd,cnf,43,20.0,0.04875498199999129,True,9,1,UNSAT,20,Minisat220_DoneNormally_UNSAT,24,59
5afd85cf-1743-486e-8977-3cb04d2e70e1,cnf,44,20.0,0.05124400199997581,True,9,1,UNSAT,20,Minisat220_DoneNormally_UNSAT,20,61
d46c051e-c4b6-4642-aa13-cdfec35bb684,cnf,45,20.0,0.048528152000017144,True,9,1,UNSAT,20,Minisat220_DoneNormally_UNSAT,23,59
2e407f18-1012-485c-80a3-431bb40ea0f9,cnf,46,20.0,0.04822130200000174,True,9,1,UNSAT,20,Minisat220_DoneNormally_UNSAT,18,58
ae555e4f-8230-4e5b-8b86-be64f14d9d0c,cnf,47,20.0,0.049259912000025,True,9,1,UNSAT,20,Minisat220_DoneNormally_UNSAT,20,59
bc76ffbd-6df3-4cb2-b1b0-7de5d0e92837,cnf,48,20.0,0.04881058299997676,True,9,1,UNSAT,20,Minisat220_DoneNormally_UNSAT,21,59
38f599e5-de80-4f16-b20e-86d8e962e6a0,cnf,49,20.0,0.04871553199996015,True,9,1,UNSAT,20,Minisat220_DoneNormally_UNSAT,20,59
3bdf04fe-f8f3-42d2-81d1-08d566cb2a2d,cnf,50,20.0,0.0487348519999955,True,9,1,UNSAT,20,Minisat220_DoneNormally_UNSAT,18,59
12170138-7cc8-4867-b892-2a1f5ea2b058,cnf,51,20.0,0.053698031999999785,True,9,1,UNSAT,20,Minisat220_DoneNormally_UNSAT,18,64
d6b54d37-3e40-4bc1-9229-adf9ecf1a0ec,cnf,52,20.0,0.048477491999960876,True,9,1,UNSAT,20,Minisat220_DoneNormally_UNSAT,22,59
3094b434-9828-4c4f-b877-318007203278,cnf,53,20.0,0.04885838299998113,True,9,1,UNSAT,20,Minisat220_DoneNormally_UNSAT,21,59
ba1ca32a-d24c-43cc-bc7f-a0a0d1e74c4d,cnf,54,20.0,0.048448022999991736,True,9,1,UNSAT,20,Minisat220_DoneNormally_UNSAT,25,59
5dc00e3d-6414-4111-b0f3-da45c76bd652,cnf,55,20.0,0.04845956299999443,True,9,1,UNSAT,20,Minisat220_DoneNormally_UNSAT,21,59
11697b88-6cf7-4015-93d3-c0858d25c39f,cnf,56,20.0,0.04810692199998812,True,9,1,UNSAT,20,Minisat220_DoneNormally_UNSAT,20,58
4a9e6b1d-8ee7-402f-b8e4-0a348381a988,cnf,57,20.0,0.05108531299998731,True,9,1,UNSAT,20,Minisat220_DoneNormally_UNSAT,19,61
67c63f88-6fd7-4740-9c64-f38d0a18a0f6,cnf,58,20.0,0.04822958300002256,True,9,1,UNSAT,20,Minisat220_DoneNormally_UNSAT,19,58
4ad54689-8e0e-49e5-bdba-679ffeda50f3,cnf,59,20.0,0.04845325200000161,True,9,1,UNSAT,20,Minisat220_DoneNormally_UNSAT,21,59
c8248c63-d6d8-4ab6-b826-4991bf635f4a,cnf,60,20.0,0.0498582019999958,True,9,1,UNSAT,20,Minisat220_DoneNormally_UNSAT,24,60
8940f2f9-f323-46b4-85b4-9d208969964a,cnf,61,20.0,0.05032164199997169,True,9,1,UNSAT,20,Minisat220_DoneNormally_UNSAT,26,61
ba53c827-dead-4ed3-bab6-28fa8232ba43,cnf,62,20.0,0.048844742999961,True,9,1,UNSAT,20,Minisat220_DoneNormally_UNSAT,22,59
3fcccf73-fb33-49b5-945a-8dc79251148f,cnf,63,20.0,0.050077332999990176,True,9,1,UNSAT,20,Minisat220_DoneNormally_UNSAT,21,60
c362876b-a17e-4620-abdc-06728792aa72,cnf,64,20.0,0.04842836199998146,True,9,1,UNSAT,20,Minisat220_DoneNormally_UNSAT,22,59
9008f069-93af-48c6-a4da-f5841b971dd0,cnf,65,20.0,0.04958729200001244,True,9,1,UNSAT,20,Minisat220_DoneNormally_UNSAT,22,60
dec9ced0-ff20-470d-8c04-0bc787ca1573,cnf,66,20.0,0.04825758200001928,True,9,1,UNSAT,20,Minisat220_DoneNormally_UNSAT,19,58
a9f0ec19-844d-409d-8cba-ab69dcc42c18,cnf,67,20.0,0.04941261299995858,True,9,1,UNSAT,20,Minisat220_DoneNormally_UNSAT,23,60
93858bc7-83a5-4468-a837-77dbb214878d,cnf,68,20.0,0.048839982000004056,True,9,1,UNSAT,20,Minisat220_DoneNormally_UNSAT,24,59
de9dda16-8c8d-4fb6-940d-3a6ca0158772,cnf,69,20.0,0.04857087200002752,True,9,1,UNSAT,20,Minisat220_DoneNormally_UNSAT,21,59
9ac9578f-5d42-4865-ad7a-51b3cd8df473,cnf,70,20.0,0.04805095199998277,True,9,1,UNSAT,20,Minisat220_DoneNormally_UNSAT,20,58
987a1348-0643-46b5-b65e-b476beddbb91,cnf,71,20.0,0.04843111200000294,True,9,1,UNSAT,20,Minisat220_DoneNormally_UNSAT,20,59
4e74a978-b46d-4b34-ace1-51544dee1cb0,cnf,72,20.0,0.04969836199995825,True,9,1,UNSAT,20,Minisat220_DoneNormally_UNSAT,18,60
24a7e5a4-1749-45ab-afb7-d9b17d374656,cnf,73,20.0,0.04903175300000839,True,9,1,UNSAT,20,Minisat220_DoneNormally_UNSAT,21,59
611be721-aebc-4b07-b1c5-0034e9fd6262,cnf,74,20.0,0.04939678299996331,True,9,1,UNSAT,20,Minisat220_DoneNormally_UNSAT,20,60
c718351e-b68c-4b60-b4cf-fdaa302847e5,cnf,75,20.0,0.04872160200000053,True,9,1,UNSAT,20,Minisat220_DoneNormally_UNSAT,21,59
eace0887-e988-4fc0-9993-8bf91657dd66,cnf,76,20.0,0.0489675520000219,True,9,1,UNSAT,20,Minisat220_DoneNormally_UNSAT,24,59
f761114d-cdd2-46c8-8b64-7155163aa5ae,cnf,77,20.0,0.04890557299995635,True,9,1,UNSAT,20,Minisat220_DoneNormally_UNSAT,21,59
786dd0af-6dbc-44c8-9e3a-cbed87f76d47,cnf,78,20.0,0.048957042000040474,True,9,1,UNSAT,20,Minisat220_DoneNormally_UNSAT,20,59
f06d92d0-6781-4f71-87c4-e322a16417a9,cnf,79,20.0,0.04870955199999116,True,9,1,UNSAT,20,Minisat220_DoneNormally_UNSAT,20,59
95f33fcc-eb23-4d99-b187-70179dab2eff,cnf,80,20.0,0.04847643199997265,True,9,1,UNSAT,20,Minisat220_DoneNormally_UNSAT,20,59
821cffdb-7a85-4d7c-a586-da9e9392b100,cnf,81,20.0,0.048913663000007546,True,9,1,UNSAT,20,Minisat220_DoneNormally_UNSAT,21,59
b0759f20-5110-433f-957d-114b656ea3e1,cnf,82,20.0,0.04884364200000846,True,9,1,UNSAT,20,Minisat220_DoneNormally_UNSAT,24,59
282c5291-613d-4e54-9720-906fc944c3c3,cnf,83,20.0,0.0494291719999751,True,9,1,UNSAT,20,Minisat220_DoneNormally_UNSAT,17,60
4a204594-2a21-41c9-b536-32b977277578,cnf,84,20.0,0.04888095199999043,True,9,1,UNSAT,20,Minisat220_DoneNormally_UNSAT,21,59
7f4c1b22-8a05-4cc5-bd8d-94438fbf1441,cnf,85,20.0,0.049666773000012654,True,9,1,UNSAT,20,Minisat220_DoneNormally_UNSAT,19,60
16bf2ccf-ed54-46a9-97b5-622677d5faf3,cnf,86,20.0,0.05002570299996023,True,9,1,UNSAT,20,Minisat220_DoneNormally_UNSAT,19,60
37a523ef-c8c0-454f-ae32-6f3fe0a7ef88,cnf,87,20.0,0.050353812000025755,True,9,1,UNSAT,20,Minisat220_DoneNormally_UNSAT,19,61
7d4efc19-3219-4692-a70f-5d6f730971aa,cnf,88,20.0,0.048822181999980785,True,9,1,UNSAT,20,Minisat220_DoneNormally_UNSAT,20,59
ce81beb9-e651-4335-b34e-46cfcbe6003d,cnf,89,20.0,0.050418292999950154,True,9,1,UNSAT,20,Minisat220_DoneNormally_UNSAT,21,61
d67d07fe-428f-4778-b954-8cff57053266,cnf,90,20.0,0.048109003000035955,True,9,1,UNSAT,20,Minisat220_DoneNormally_UNSAT,20,58
29030f21-1e76-4d23-b766-2f261c075a9b,cnf,91,20.0,0.04957927200001677,True,9,1,UNSAT,20,Minisat220_DoneNormally_UNSAT,21,60
f3f1e630-bda1-4b42-8b55-8064dccba8ff,cnf,92,20.0,0.04942716199997221,True,9,1,UNSAT,20,Minisat220_DoneNormally_UNSAT,21,60
e52d7418-7c0c-4517-b6f0-9cf7cd4ce090,cnf,93,20.0,0.04889463199998545,True,9,1,UNSAT,20,Minisat220_DoneNormally_UNSAT,18,59
544d58a8-c9fa-4c9f-9f7c-c30058ef1a94,cnf,94,20.0,0.04964028300003065,True,9,1,UNSAT,20,Minisat220_DoneNormally_UNSAT,22,60
e0494340-8de7-450b-8935-77153f2843d2,cnf,95,20.0,0.04895413200000576,True,9,1,UNSAT,20,Minisat220_DoneNormally_UNSAT,22,59
c3230f83-2f88-4831-a4f6-9f9ecff40a41,cnf,96,20.0,0.04905979200003685,True,9,1,UNSAT,20,Minisat220_DoneNormally_UNSAT,19,59
43dd8ee3-6b4f-4696-94b5-4ab18c67e3bc,cnf,97,20.0,0.04874605300000212,True,9,1,UNSAT,20,Minisat220_DoneNormally_UNSAT,20,59
9bf4bc19-b083-4fd2-aeca-e92c47727250,cnf,98,20.0,0.048394162000022334,True,9,1,UNSAT,20,Minisat220_DoneNormally_UNSAT,22,59
311092d9-4cf7-4f0a-97b7-b016da79386b,cnf,99,20.0,0.04892521199997191,True,9,1,UNSAT,20,Minisat220_DoneNormally_UNSAT,20,59
c8e20984-49bc-4fb7-af5d-d6cfb98742f3,cnf,100,20.0,0.04896328199998834,True,9,1,UNSAT,20,Minisat220_DoneNormally_UNSAT,22,59
34bf6a30-ba9e-42fb-9640-d6d875b66f38,cnf,101,20.0,0.049094271999990724,True,9,1,UNSAT,20,Minisat220_DoneNormally_UNSAT,21,59
7a51629a-298b-4e4b-9ae5-2394f5ca47e4,cnf,102,20.0,0.04931256200001144,True,9,1,UNSAT,20,Minisat220_DoneNormally_UNSAT,23,60
e6e018e2-ad81-4754-b77c-b5b9fd3d2d1e,cnf,103,20.0,0.04862636199999315,True,9,1,UNSAT,20,Minisat220_DoneNormally_UNSAT,23,59
0eb97740-d189-43e8-9163-f8817d745fd1,cnf,104,20.0,0.04923008299999765,True,9,1,UNSAT,20,Minisat220_DoneNormally_UNSAT,22,59
becc2e28-2f6a-4689-813f-87e67b7a9357,cnf,105,20.0,0.04885333200002151,True,9,1,UNSAT,20,Minisat220_DoneNormally_UNSAT,20,59
05ae7867-bd4d-4278-a2ed-187e88d9551c,cnf,106,20.0,0.05047375300000567,True,9,1,UNSAT,20,Minisat220_DoneNormally_UNSAT,19,61
be0703ef-b622-4911-b027-40fca63f1ca6,cnf,107,20.0,0.04888560200004122,True,9,1,UNSAT,20,Minisat220_DoneNormally_UNSAT,19,59
6f68ffbb-5259-4502-b84f-081fb6a6ee5f,cnf,108,20.0,0.04908398300000272,True,9,1,UNSAT,20,Minisat220_DoneNormally_UNSAT,19,59
385f837a-f4ee-4945-9b68-6161063aad1f,cnf,109,20.0,0.04885477200002697,True,9,1,UNSAT,20,Minisat220_DoneNormally_UNSAT,19,59
b0291087-3224-47ff-9a81-f560e67e2deb,cnf,110,20.0,0.05011619299995118,True,9,1,UNSAT,20,Minisat220_DoneNormally_UNSAT,18,61
01e7dfbc-ca39-40fe-8bb3-9eb530d6852a,cnf,111,20.0,0.048781691999977284,True,9,1,UNSAT,20,Minisat220_DoneNormally_UNSAT,20,59
04e8a002-2457-49d7-9721-42bc96e1b04e,cnf,112,20.0,0.04831067200001371,True,9,1,UNSAT,20,Minisat220_DoneNormally_UNSAT,23,59
515bc1f4-522b-44ad-89c3-0dad4285d280,cnf,113,20.0,0.049281812999993235,True,9,1,UNSAT,20,Minisat220_DoneNormally_UNSAT,20,60
4815cecc-1589-402f-8a8a-2b456fc21faf,cnf,114,20.0,0.050704332000009344,True,9,1,UNSAT,20,Minisat220_DoneNormally_UNSAT,20,61
0700dabf-7f4d-4e33-8ebc-b3fca84e17a2,cnf,115,20.0,0.04909735199998977,True,9,1,UNSAT,20,Minisat220_DoneNormally_UNSAT,18,60
a6679815-aa54-4132-a5e3-88874dfde95c,cnf,116,20.0,0.04869102200001407,True,9,1,UNSAT,20,Minisat220_DoneNormally_UNSAT,21,59
f485ff9f-7f04-4776-9f52-c29c8c2760ea,cnf,117,20.0,0.04934275299996216,True,9,1,UNSAT,20,Minisat220_DoneNormally_UNSAT,20,60
57e1bf47-765f-4b7f-ba50-7080edd99f69,cnf,118,20.0,0.04966420300002028,True,9,1,UNSAT,20,Minisat220_DoneNormally_UNSAT,18,60
71957ba1-0874-48cd-8034-0628cab30fce,cnf,119,20.0,0.04818735199995672,True,9,1,UNSAT,20,Minisat220_DoneNormally_UNSAT,21,58
79014272-b44e-432b-b696-80bb1241060e,cnf,120,20.0,0.04922644200001969,True,9,1,UNSAT,20,Minisat220_DoneNormally_UNSAT,20,60
020328fa-caca-4330-831e-9753aec4d7c9,cnf,121,20.0,0.04902566300000899,True,9,1,UNSAT,20,Minisat220_DoneNormally_UNSAT,24,59
1e290506-adc7-4d67-8bb8-57ee6c524013,cnf,122,20.0,0.048782532999950945,True,9,1,UNSAT,20,Minisat220_DoneNormally_UNSAT,20,59
abb51793-b73c-45fd-a9cb-404cfc6cc249,cnf,123,20.0,0.04886873300000616,True,9,1,UNSAT,20,Minisat220_DoneNormally_UNSAT,20,59
7bd249b5-36ee-42b3-9a76-fc1de5cffa3c,cnf,124,20.0,0.049141172000020106,True,9,1,UNSAT,20,Minisat220_DoneNormally_UNSAT,21,59
dfeeb29c-dd33-4dd8-bcf4-1f9386fe3afe,cnf,125,20.0,0.048573321999981545,True,9,1,UNSAT,20,Minisat220_DoneNormally_UNSAT,21,59
cda7b614-2f38-4365-a5d1-89c4dab52d69,cnf,126,20.0,0.049305581999988135,True,9,1,UNSAT,20,Minisat220_DoneNormally_UNSAT,21,60
73080183-2da1-4116-a32b-66412021b34d,cnf,127,20.0,0.049437512999986666,True,9,1,UNSAT,20,Minisat220_DoneNormally_UNSAT,23,60
41a99a38-518c-46c0-9a27-eb227520dbff,cnf,1,20.0,0.0492750519999845,True,9,1,UNSAT,20,Minisat220_DoneNormally_UNSAT,23,59
0cf361e6-7b91-4d91-b326-ef8501a3bdd7,cnf,2,20.0,0.048608501999979126,True,9,1,UNSAT,20,Minisat220_DoneNormally_UNSAT,20,59
888e31ac-2f8d-4632-9cef-30e3b2f7ef2c,cnf,3,20.0,0.04953216199999133,True,9,1,UNSAT,20,Minisat220_DoneNormally_UNSAT,19,60
4c0a0beb-9026-4dc4-877f-65dc80460f0e,cnf,4,20.0,0.04874728300001152,True,9,1,UNSAT,20,Minisat220_DoneNormally_UNSAT,18,59
5d101a1e-d8b6-4c18-81a6-8d13ad73cf43,cnf,5,20.0,0.048918882999998914,True,9,1,UNSAT,20,Minisat220_DoneNormally_UNSAT,21,59
905a5395-c16e-4571-b630-ad924254b06c,cnf,6,20.0,0.048772533000033036,True,9,1,UNSAT,20,Minisat220_DoneNormally_UNSAT,20,59
271b2152-31b2-497e-bef3-b9c7cf519de2,cnf,7,20.0,0.04875487200001771,True,9,1,UNSAT,20,Minisat220_DoneNormally_UNSAT,20,59
8ecdc803-eb13-4749-94f5-f1c6a95d9bc7,cnf,8,20.0,0.052041982999980974,True,9,1,UNSAT,20,Minisat220_DoneNormally_UNSAT,25,62
e3e8d79d-5307-46c1-a0f8-ece2e625f4e3,cnf,9,20.0,0.047990212000001975,True,9,1,UNSAT,20,Minisat220_DoneNormally_UNSAT,20,58
b3135cb7-756e-40a7-9ce3-fe8f99df0867,cnf,10,20.0,0.05783818300000121,True,9,1,UNSAT,20,Minisat220_DoneNormally_UNSAT,20,68
906d3d5b-f61c-43c0-9e5f-92eb85eeea7e,cnf,11,20.0,0.048205252000002474,True,9,1,UNSAT,20,Minisat220_DoneNormally_UNSAT,22,58
8c4762b0-91dc-4382-ae5e-d8c45fbac260,cnf,12,20.0,0.048677462999989984,True,9,1,UNSAT,20,Minisat220_DoneNormally_UNSAT,21,59
06e3ec4f-7975-42b3-970a-2ffdde41e073,cnf,13,20.0,0.04899226300000237,True,9,1,UNSAT,20,Minisat220_DoneNormally_UNSAT,21,59
ce190fde-b40a-4db5-b847-c060131ac5a5,cnf,14,20.0,0.0488404330000094,True,9,1,UNSAT,20,Minisat220_DoneNormally_UNSAT,18,59
0b53a048-869b-439b-94d8-3fc647b10a00,cnf,15,20.0,0.04814354199999116,True,9,1,UNSAT,20,Minisat220_DoneNormally_UNSAT,14,58
e6d4b5eb-4327-4c39-adf6-82210fd77271,cnf,16,20.0,0.05341283199999225,True,9,1,UNSAT,20,Minisat220_DoneNormally_UNSAT,24,63
645d9c9d-d0ba-4123-9283-d89118a36fa5,cnf,17,20.0,0.04765703200001781,True,9,1,UNSAT,20,Minisat220_DoneNormally_UNSAT,17,58
ab1c529b-9722-4f0c-a32d-62a7ba5530bd,cnf,18,20.0,0.04862224300001117,True,9,1,UNSAT,20,Minisat220_DoneNormally_UNSAT,20,59
d9caefbf-bd83-40bf-896e-8f920b67d17c,cnf,19,20.0,0.04974724199996672,True,9,1,UNSAT,20,Minisat220_DoneNormally_UNSAT,21,60
501d497b-f9e0-49cc-8d19-d7beda179750,cnf,20,20.0,0.048978471999987505,True,9,1,UNSAT,20,Minisat220_DoneNormally_UNSAT,18,59
5a2bc0ed-ab23-4c04-b3cd-2e1d6597d942,cnf,21,20.0,0.04830065199996625,True,9,1,UNSAT,20,Minisat220_DoneNormally_UNSAT,16,58
aa7ca3dd-190a-4605-8512-abebc6adbc4c,cnf,22,20.0,0.04977696299999934,True,9,1,UNSAT,20,Minisat220_DoneNormally_UNSAT,22,60
93109621-4b2e-42ec-9eff-291e5938bfa0,cnf,23,20.0,0.04911807299998827,True,9,1,UNSAT,20,Minisat220_DoneNormally_UNSAT,21,59
5823e31a-c451-44ef-9c30-801b19f9fadf,cnf,24,20.0,0.04977123200001188,True,9,1,UNSAT,20,Minisat220_DoneNormally_UNSAT,18,60
a2979dfa-38af-4bb0-917e-aca8603056e5,cnf,25,20.0,0.04928586199997653,True,9,1,UNSAT,20,Minisat220_DoneNormally_UNSAT,21,59
8e474522-5830-4499-94f8-d0f88722afa6,cnf,26,20.0,0.04837371200000007,True,9,1,UNSAT,20,Minisat220_DoneNormally_UNSAT,21,58
bb77b07d-8d58-4f72-b282-b82149731bd4,cnf,27,20.0,0.04969584200000554,True,9,1,UNSAT,20,Minisat220_DoneNormally_UNSAT,23,60
41d40656-83d8-409b-a9ad-75f4e4b38724,cnf,28,20.0,0.04859775300002411,True,9,1,UNSAT,20,Minisat220_DoneNormally_UNSAT,21,59
6552ac6c-85ce-44db-b1c2-88311affa19e,cnf,29,20.0,0.04923301200000196,True,9,1,UNSAT,20,Minisat220_DoneNormally_UNSAT,20,59
ededdc87-6c78-4522-a406-b1dc3f1b1086,cnf,30,20.0,0.04860223200000746,True,9,1,UNSAT,20,Minisat220_DoneNormally_UNSAT,20,59
1e09c8cd-0b12-46a6-a8af-a8d3e04e57e9,cnf,31,20.0,0.049765392000040265,True,9,1,UNSAT,20,Minisat220_DoneNormally_UNSAT,20,60
09f8a91e-c044-46de-befa-ab0d07a6481b,cnf,32,20.0,0.05009032199996,True,9,1,UNSAT,20,Minisat220_DoneNormally_UNSAT,21,60
30d877d3-53be-4321-b2a1-cf22a3163749,cnf,33,20.0,0.04998233200001323,True,9,1,UNSAT,20,Minisat220_DoneNormally_UNSAT,20,60
a82b7156-e15e-4801-85be-9ca084a6046a,cnf,34,20.0,0.048341801999981726,True,9,1,UNSAT,20,Minisat220_DoneNormally_UNSAT,20,58
d266d603-48c7-441f-afe4-790dd123c1d5,cnf,35,20.0,0.050138722999975016,True,9,1,UNSAT,20,Minisat220_DoneNormally_UNSAT,21,60
2e3a97e5-e259-4677-99af-cba1b8c2865f,cnf,36,20.0,0.0485993629999939,True,9,1,UNSAT,20,Minisat220_DoneNormally_UNSAT,18,59
f6e6a7bc-bde8-4760-8d80-379b234f0bf5,cnf,37,20.0,0.04886778200000208,True,9,1,UNSAT,20,Minisat220_DoneNormally_UNSAT,20,59
18d4cdaa-2cfc-43f6-8823-780b3b2252ae,cnf,38,20.0,0.04832210199998599,True,9,1,UNSAT,20,Minisat220_DoneNormally_UNSAT,20,58
1f72e98c-1703-4132-a521-06432e0a24df,cnf,39,20.0,0.05681670299998132,True,9,1,UNSAT,20,Minisat220_DoneNormally_UNSAT,23,67
1621182a-cb63-48a1-a8f5-cd6fba153856,cnf,40,20.0,0.04784815299996126,True,9,1,UNSAT,20,Minisat220_DoneNormally_UNSAT,20,58
6127a382-be0a-46ef-9ee3-54945183e515,cnf,41,20.0,0.04935157199997775,True,9,1,UNSAT,20,Minisat220_DoneNormally_UNSAT,22,59
49850251-104d-4dcf-a746-be32ea8c6d0f,cnf,42,20.0,0.048269231999995554,True,9,1,UNSAT,20,Minisat220_DoneNormally_UNSAT,18,58
bf8d0ea4-6bbd-4de2-9856-72856401fb87,cnf,43,20.0,0.055373533000022235,True,9,1,UNSAT,20,Minisat220_DoneNormally_UNSAT,20,66
467e8529-b3c3-4cf0-9328-b675567bcc59,cnf,44,20.0,0.04991613300001063,True,9,1,UNSAT,20,Minisat220_DoneNormally_UNSAT,25,60
6354a491-98fd-42a5-a4fc-4feeb1fd44c1,cnf,45,20.0,0.05190565200001629,True,9,1,UNSAT,20,Minisat220_DoneNormally_UNSAT,21,62
e09962c5-b93b-49a6-bd6b-7cba4278b6b3,cnf,46,20.0,0.04863159199999245,True,9,1,UNSAT,20,Minisat220_DoneNormally_UNSAT,19,59
211b33e9-8deb-4a3c-bb3d-59a97a7d500c,cnf,47,20.0,0.04870708200002127,True,9,1,UNSAT,20,Minisat220_DoneNormally_UNSAT,23,59
5f001b68-fb55-42d7-9a9c-9f58b1eb090f,cnf,48,20.0,0.04885663299995713,True,9,1,UNSAT,20,Minisat220_DoneNormally_UNSAT,19,59
4a270e55-91aa-483b-ac5c-ba1a71543a26,cnf,49,20.0,0.04920758200000819,True,9,1,UNSAT,20,Minisat220_DoneNormally_UNSAT,24,59
77bd7f80-c184-47c3-9f35-321f20531ad7,cnf,50,20.0,0.04938615200001095,True,9,1,UNSAT,20,Minisat220_DoneNormally_UNSAT,21,60
442945ce-ed3b-4c85-ae26-193cb5a56cd6,cnf,51,20.0,0.050426353000034396,True,9,1,UNSAT,20,Minisat220_DoneNormally_UNSAT,21,61
aa1a40c3-0eeb-4a32-acc1-7d36fa5cb0e1,cnf,52,20.0,0.04940344200002755,True,9,1,UNSAT,20,Minisat220_DoneNormally_UNSAT,20,60
2ab525d7-3c66-4315-b5f5-458803530134,cnf,53,20.0,0.04852092200002289,True,9,1,UNSAT,20,Minisat220_DoneNormally_UNSAT,18,59
e0b75ffb-a421-413a-a21c-c7676a11b511,cnf,54,20.0,0.04832682199997862,True,9,1,UNSAT,20,Minisat220_DoneNormally_UNSAT,21,58
4cbc5085-b3a0-4909-b0f7-12e31bea682a,cnf,55,20.0,0.04831234199997425,True,9,1,UNSAT,20,Minisat220_DoneNormally_UNSAT,21,58
f0a66943-8036-420d-b9ea-1357995c62f6,cnf,56,20.0,0.048176281999985804,True,9,1,UNSAT,20,Minisat220_DoneNormally_UNSAT,24,58
46419182-6d07-4363-a0dc-edb8981c57f6,cnf,57,20.0,0.0485305930000095,True,9,1,UNSAT,20,Minisat220_DoneNormally_UNSAT,19,59
60db75db-ffe3-4a59-9cc1-83b2c0065ccc,cnf,58,20.0,0.04860306299997319,True,9,1,UNSAT,20,Minisat220_DoneNormally_UNSAT,18,59
9d4986d9-92c4-4369-a997-59034f442dd6,cnf,59,20.0,0.049110171999984686,True,9,1,UNSAT,20,Minisat220_DoneNormally_UNSAT,24,59
44b98fb6-ab6c-4774-a1cf-eee2941864c4,cnf,60,20.0,0.04907335199999352,True,9,1,UNSAT,20,Minisat220_DoneNormally_UNSAT,18,59
1f4000a3-3808-4a4a-a29a-8db26f95fca1,cnf,61,20.0,0.05100987299999815,True,9,1,UNSAT,20,Minisat220_DoneNormally_UNSAT,18,61
6674153b-1e85-4b3b-a4ca-1adc25d266f2,cnf,62,20.0,0.04814689299996644,True,9,1,UNSAT,20,Minisat220_DoneNormally_UNSAT,22,58
d28c96c9-5774-44b9-9928-b30cabf08db2,cnf,63,20.0,0.05026726300002338,True,9,1,UNSAT,20,Minisat220_DoneNormally_UNSAT,20,60
5b2c2f3d-0f45-4253-b01b-ee9e0efcae97,cnf,64,20.0,0.04857056200000898,True,9,1,UNSAT,20,Minisat220_DoneNormally_UNSAT,21,59
4fb477dd-8c93-4924-9a40-ee50db619a10,cnf,65,20.0,0.05028766200001655,True,9,1,UNSAT,20,Minisat220_DoneNormally_UNSAT,22,60
2288d9a4-5db4-49f7-96d9-c5cc6fbfc7e2,cnf,66,20.0,0.049621431999980814,True,9,1,UNSAT,20,Minisat220_DoneNormally_UNSAT,22,60
558b2863-9029-4941-8450-108a57280a86,cnf,67,20.0,0.05041278300001295,True,9,1,UNSAT,20,Minisat220_DoneNormally_UNSAT,21,61
94a28135-3edf-41d6-94d0-701e14da7c36,cnf,68,20.0,0.051307941999994,True,9,1,UNSAT,20,Minisat220_DoneNormally_UNSAT,22,62
368220fc-8162-4f43-b261-9c971341ab5f,cnf,69,20.0,0.04902726199998142,True,9,1,UNSAT,20,Minisat220_DoneNormally_UNSAT,19,59
a101b849-2807-48fc-954e-84fb8dc80b3a,cnf,70,20.0,0.049582311999984086,True,9,1,UNSAT,20,Minisat220_DoneNormally_UNSAT,18,60
da0083bb-a3da-4535-ba9d-4c4da8a64d2a,cnf,71,20.0,0.04771963199999618,True,9,1,UNSAT,20,Minisat220_DoneNormally_UNSAT,19,58
43170aaa-6444-4d46-bd94-c225efd640eb,cnf,72,20.0,0.049622302999978274,True,9,1,UNSAT,20,Minisat220_DoneNormally_UNSAT,20,60
722366fb-4869-42d7-bad7-c52fd4405a16,cnf,73,20.0,0.04883470199996509,True,9,1,UNSAT,20,Minisat220_DoneNormally_UNSAT,20,59
4649c8d1-3604-41a8-b755-d6f4c565283e,cnf,74,20.0,0.0484711320000315,True,9,1,UNSAT,20,Minisat220_DoneNormally_UNSAT,21,59
86579c71-bd51-4cd8-9785-f083987f8d8a,cnf,75,20.0,0.04902950199999623,True,9,1,UNSAT,20,Minisat220_DoneNormally_UNSAT,20,59
90441507-a499-4ae3-988d-0f79aa75e8e6,cnf,76,20.0,0.04814851200001158,True,9,1,UNSAT,20,Minisat220_DoneNormally_UNSAT,21,58
7dfd361c-7413-4143-bc26-4f37e3a9eb16,cnf,77,20.0,0.048504392999973334,True,9,1,UNSAT,20,Minisat220_DoneNormally_UNSAT,18,59
250fcde5-817d-48d8-bb47-b00288b533ee,cnf,78,20.0,0.04922770199999604,True,9,1,UNSAT,20,Minisat220_DoneNormally_UNSAT,18,60
24a4874d-732b-408d-afea-5a2836412134,cnf,79,20.0,0.04944819299998926,True,9,1,UNSAT,20,Minisat220_DoneNormally_UNSAT,20,60
4ad89fef-cc77-456b-885e-ffe20a68c337,cnf,80,20.0,0.04867877200001658,True,9,1,UNSAT,20,Minisat220_DoneNormally_UNSAT,22,59
0157070c-2f4b-4030-9899-0c6531205d43,cnf,81,20.0,0.04901318299999957,True,9,1,UNSAT,20,Minisat220_DoneNormally_UNSAT,22,59
a840c2a9-b92a-4a69-8938-554c3e7aaf2d,cnf,82,20.0,0.04852622200002088,True,9,1,UNSAT,20,Minisat220_DoneNormally_UNSAT,20,59
cb402752-9b6a-46fc-88be-3edd18528a43,cnf,83,20.0,0.04927870199998097,True,9,1,UNSAT,20,Minisat220_DoneNormally_UNSAT,20,60
bbbdae28-3b30-4601-8acf-f72186baa476,cnf,84,20.0,0.048999702000003253,True,9,1,UNSAT,20,Minisat220_DoneNormally_UNSAT,20,59
d05f6a53-3a28-4498-8c5b-2ea481c2f0c4,cnf,85,20.0,0.04817505300002267,True,9,1,UNSAT,20,Minisat220_DoneNormally_UNSAT,18,58
224f5353-2a23-4c6e-97b5-d1df6a707af9,cnf,86,20.0,0.04819912199997134,True,9,1,UNSAT,20,Minisat220_DoneNormally_UNSAT,21,58
75e2c6fb-6251-424b-b005-75a33874184e,cnf,87,20.0,0.0493096019999939,True,9,1,UNSAT,20,Minisat220_DoneNormally_UNSAT,22,60
2a1011d0-9735-435d-b87d-3660514923f3,cnf,88,20.0,0.05024675200002093,True,9,1,UNSAT,20,Minisat220_DoneNormally_UNSAT,19,61
b30eb999-79a2-435f-bdef-183be4b01bcf,cnf,89,20.0,0.04877488199997515,True,9,1,UNSAT,20,Minisat220_DoneNormally_UNSAT,23,59
9529f1ee-1662-4ed3-ae1c-dc5a17381457,cnf,90,20.0,0.05459206299997277,True,9,1,UNSAT,20,Minisat220_DoneNormally_UNSAT,20,65
5f7ccc16-61e5-441e-bf4d-5a684e94153e,cnf,91,20.0,0.04843871200000649,True,9,1,UNSAT,20,Minisat220_DoneNormally_UNSAT,21,59
ef1735ff-eb2c-4392-8c71-10e938cd2056,cnf,92,20.0,0.04937077200003159,True,9,1,UNSAT,20,Minisat220_DoneNormally_UNSAT,22,60
75349e8c-3326-4ded-83fa-19a37d1038ac,cnf,93,20.0,0.048203892000003634,True,9,1,UNSAT,20,Minisat220_DoneNormally_UNSAT,19,58
9eb687bd-645b-469a-a533-d9b1ffd105f5,cnf,94,20.0,0.051484072999983255,True,9,1,UNSAT,20,Minisat220_DoneNormally_UNSAT,22,62
daa29a6e-ead3-485a-81e4-3849eedc0de4,cnf,95,20.0,0.04878069199997981,True,9,1,UNSAT,20,Minisat220_DoneNormally_UNSAT,24,59
40b20958-3cc2-41a2-bda3-21b7e19b2f42,cnf,96,20.0,0.04811352300004046,True,9,1,UNSAT,20,Minisat220_DoneNormally_UNSAT,17,58
bd118304-d106-4ba8-9fe1-db77e9b4170a,cnf,97,20.0,0.04961113199999545,True,9,1,UNSAT,20,Minisat220_DoneNormally_UNSAT,19,60
dd310866-2ac1-40ac-a61b-5b859a04669b,cnf,98,20.0,0.04944386200003237,True,9,1,UNSAT,20,Minisat220_DoneNormally_UNSAT,18,60
7b9079b5-563c-43b4-939d-8398847a8d72,cnf,99,20.0,0.04935813299999836,True,9,1,UNSAT,20,Minisat220_DoneNormally_UNSAT,23,60
7f2df92f-6cad-4855-94e0-a035cc3f68af,cnf,100,20.0,0.049732212999970216,True,9,1,UNSAT,20,Minisat220_DoneNormally_UNSAT,20,60
dfe21530-3e9f-49e1-ae51-ae1135eb0b51,cnf,101,20.0,0.04893734199998789,True,9,1,UNSAT,20,Minisat220_DoneNormally_UNSAT,23,59
b0ed778a-a695-4713-9b97-b1a6f7568205,cnf,102,20.0,0.04832016199998179,True,9,1,UNSAT,20,Minisat220_DoneNormally_UNSAT,18,59
ad62d5a8-6e58-4a31-b436-7bf73b6216a4,cnf,103,20.0,0.04878779199998462,True,9,1,UNSAT,20,Minisat220_DoneNormally_UNSAT,20,59
6db6a7b1-ced9-4dc0-8faf-2b1257aae4e3,cnf,104,20.0,0.04873134300004267,True,9,1,UNSAT,20,Minisat220_DoneNormally_UNSAT,20,59
dbf0593a-8eba-451d-ac6c-ba18312c0d41,cnf,105,20.0,0.04867348300001595,True,9,1,UNSAT,20,Minisat220_DoneNormally_UNSAT,22,59
adbfba9b-2be2-45d7-9b98-21ba23939b16,cnf,106,20.0,0.05022435199998654,True,9,1,UNSAT,20,Minisat220_DoneNormally_UNSAT,24,61
f77b0ea8-866d-4e6a-9931-4c5e906caf27,cnf,107,20.0,0.04873845200000915,True,9,1,UNSAT,20,Minisat220_DoneNormally_UNSAT,21,59
a6a42a37-ddf1-4584-b273-f5c4563a2495,cnf,108,20.0,0.04902911300001733,True,9,1,UNSAT,20,Minisat220_DoneNormally_UNSAT,19,59
4aae8708-691e-48db-80df-3de47fed5045,cnf,109,20.0,0.0491213020000032,True,9,1,UNSAT,20,Minisat220_DoneNormally_UNSAT,21,60
67ea182b-fcbf-48b4-a938-1c8b7e210af8,cnf,110,20.0,0.04985249199995678,True,9,1,UNSAT,20,Minisat220_DoneNormally_UNSAT,22,60
f1fdb5ca-1c6b-4845-abd0-500614f08a51,cnf,111,20.0,0.048934291999955803,True,9,1,UNSAT,20,Minisat220_DoneNormally_UNSAT,22,59
685d22ae-8455-4cb5-959b-c7f38b03582b,cnf,112,20.0,0.04868871200000058,True,9,1,UNSAT,20,Minisat220_DoneNormally_UNSAT,20,59
7e0c2685-457c-40f3-ad2d-1b7abe0475e8,cnf,113,20.0,0.04878530299998829,True,9,1,UNSAT,20,Minisat220_DoneNormally_UNSAT,22,59
979a72a8-82e0-4a0b-a83b-9a469789f9e2,cnf,114,20.0,0.05037013199995499,True,9,1,UNSAT,20,Minisat220_DoneNormally_UNSAT,21,61
12096345-3f43-47fc-9119-f68316097b8d,cnf,115,20.0,0.04965451199996096,True,9,1,UNSAT,20,Minisat220_DoneNormally_UNSAT,19,60
b540f215-75cd-44eb-9ba1-001f66aab0c2,cnf,116,20.0,0.048711471999979494,True,9,1,UNSAT,20,Minisat220_DoneNormally_UNSAT,22,59
743c0dd0-f956-4562-b417-7c3056310158,cnf,117,20.0,0.04870941199999379,True,9,1,UNSAT,20,Minisat220_DoneNormally_UNSAT,20,59
48a2664d-487c-420e-a46f-6ce622122bc3,cnf,118,20.0,0.04881487300002618,True,9,1,UNSAT,20,Minisat220_DoneNormally_UNSAT,22,59
51ed8f90-40b3-453f-8838-2f5408905278,cnf,119,20.0,0.04948829199997817,True,9,1,UNSAT,20,Minisat220_DoneNormally_UNSAT,20,60
d7482f4f-8941-4437-948e-814365b51965,cnf,120,20.0,0.049190062000036505,True,9,1,UNSAT,20,Minisat220_DoneNormally_UNSAT,19,60
05f7a5e6-3b7a-4bf0-8c5c-b6283cd278b1,cnf,121,20.0,0.04957661299999927,True,9,1,UNSAT,20,Minisat220_DoneNormally_UNSAT,23,60
7c73f5c3-74b3-4cbc-b458-7e15ee0c5f97,cnf,122,20.0,0.04896891300001016,True,9,1,UNSAT,20,Minisat220_DoneNormally_UNSAT,21,59
e381eb37-d4fc-4cc7-9ac0-7727e2849569,cnf,123,20.0,0.04889063299998497,True,9,1,UNSAT,20,Minisat220_DoneNormally_UNSAT,19,59
d15c092f-541f-464f-afaf-f3f9f02da388,cnf,124,20.0,0.04891307200000483,True,9,1,UNSAT,20,Minisat220_DoneNormally_UNSAT,19,59
dedb1a5f-86c2-46ae-a44f-438d662e3838,cnf,125,20.0,0.04884365200001639,True,9,1,UNSAT,20,Minisat220_DoneNormally_UNSAT,20,59
ce7c1841-f34f-4713-9976-d3e4c31dc3c0,cnf,126,20.0,0.04927606299997933,True,9,1,UNSAT,20,Minisat220_DoneNormally_UNSAT,21,60
39ea0592-1333-4c08-b7d1-edb1efceedd5,cnf,127,20.0,0.04940704299997378,True,9,1,UNSAT,20,Minisat220_DoneNormally_UNSAT,20,60
6c612b28-b2de-42c1-8d74-7991f9a726d4,cnf,1,20.0,0.04801304200003642,True,9,1,UNSAT,20,Minisat220_DoneNormally_UNSAT,21,58
77ecbcf2-7468-416b-a1a1-89064fb8855c,cnf,2,20.0,0.04879889199997933,True,9,1,UNSAT,20,Minisat220_DoneNormally_UNSAT,17,59
d91ef66b-2cf1-46da-8156-44727da1ee31,cnf,3,20.0,0.0474365819999889,True,9,1,UNSAT,20,Minisat220_DoneNormally_UNSAT,19,57
1e08f0bc-0446-4c9b-ae01-478103766cb2,cnf,4,20.0,0.048184453000033045,True,9,1,UNSAT,20,Minisat220_DoneNormally_UNSAT,17,58
ee4bb421-e99b-4183-846f-ffd098556316,cnf,5,20.0,0.04823885199999722,True,9,1,UNSAT,20,Minisat220_DoneNormally_UNSAT,24,58
14bd7f51-d54c-41a4-b39c-3b224bef5be8,cnf,6,20.0,0.04835364299998446,True,9,1,UNSAT,20,Minisat220_DoneNormally_UNSAT,20,58
27bf092b-4bbf-43f9-abda-ec64fdfab65a,cnf,7,20.0,0.04773997200004487,True,9,1,UNSAT,20,Minisat220_DoneNormally_UNSAT,18,58
d581693b-8d2b-4e96-9475-8e429cfdb7ca,cnf,8,20.0,0.04941448200003151,True,9,1,UNSAT,20,Minisat220_DoneNormally_UNSAT,22,59
ba43f8aa-66f8-471a-b686-cc075739ec91,cnf,9,20.0,0.047752482000021246,True,9,1,UNSAT,20,Minisat220_DoneNormally_UNSAT,19,58
ce1bb4b3-686e-4f09-887b-c1704c49ed04,cnf,10,20.0,0.05817812300000469,True,9,1,UNSAT,20,Minisat220_DoneNormally_UNSAT,23,68
02d5de13-7ba6-4c47-b8f3-6f23ff2a4756,cnf,11,20.0,0.048429811999994854,True,9,1,UNSAT,20,Minisat220_DoneNormally_UNSAT,23,58
bb2779fb-d8f2-49db-b9c5-adf165dece06,cnf,12,20.0,0.048711842000045635,True,9,1,UNSAT,20,Minisat220_DoneNormally_UNSAT,21,59
edd662a9-6e21-4416-a652-2e347c58a308,cnf,13,20.0,0.04813409199999796,True,9,1,UNSAT,20,Minisat220_DoneNormally_UNSAT,22,58
8138a19f-56ab-4fa1-99fa-26775e37338d,cnf,14,20.0,0.04827713299999914,True,9,1,UNSAT,20,Minisat220_DoneNormally_UNSAT,21,58
1287f560-35e5-4fee-b5a5-67c79ebe4d73,cnf,15,20.0,0.04781062199998587,True,9,1,UNSAT,20,Minisat220_DoneNormally_UNSAT,21,58
34c308a7-1b9c-4630-bddd-19178f22f558,cnf,16,20.0,0.052010052000014184,True,9,1,UNSAT,20,Minisat220_DoneNormally_UNSAT,25,62
9c0631f2-ac87-45f2-ba21-25abd9cb5d77,cnf,17,20.0,0.04820950199996332,True,9,1,UNSAT,20,Minisat220_DoneNormally_UNSAT,21,58
2e920a80-39db-4289-8d03-4d7e7befbdbb,cnf,18,20.0,0.04787499299999354,True,9,1,UNSAT,20,Minisat220_DoneNormally_UNSAT,22,58
afacccfe-f6f1-432c-b520-7e4a2f9d3ab1,cnf,19,20.0,0.048568132000013975,True,9,1,UNSAT,20,Minisat220_DoneNormally_UNSAT,18,59
0a0907ea-7040-4ffd-ae72-d6af2adac65a,cnf,20,20.0,0.048851491999982954,True,9,1,UNSAT,20,Minisat220_DoneNormally_UNSAT,21,59
c641368a-ab07-4cdd-9147-5f2c05e8bd6f,cnf,21,20.0,0.04836610199998859,True,9,1,UNSAT,20,Minisat220_DoneNormally_UNSAT,23,58
c6946306-1084-4150-8a98-6c25a9901cc0,cnf,22,20.0,0.04849137299999029,True,9,1,UNSAT,20,Minisat220_DoneNormally_UNSAT,21,59
74412161-4331-4a4a-82b2-fd7f3aa78481,cnf,23,20.0,0.04912138299999924,True,9,1,UNSAT,20,Minisat220_DoneNormally_UNSAT,18,59
39011d7e-beac-4c33-a544-e272f7f0eff9,cnf,24,20.0,0.04836691299999529,True,9,1,UNSAT,20,Minisat220_DoneNormally_UNSAT,18,58
2d33bcbc-d57a-4c71-a1aa-683773f98795,cnf,25,20.0,0.04868863199999396,True,9,1,UNSAT,20,Minisat220_DoneNormally_UNSAT,18,59
2d326094-f27f-408d-bc65-e76346c73282,cnf,26,20.0,0.04852181199998995,True,9,1,UNSAT,20,Minisat220_DoneNormally_UNSAT,18,59
62361eeb-2c67-4499-ad15-4c5dff6726a7,cnf,27,20.0,0.04892967199998566,True,9,1,UNSAT,20,Minisat220_DoneNormally_UNSAT,22,59
7817afbc-4d25-482e-b392-c3b8aa077671,cnf,28,20.0,0.048814723000020876,True,9,1,UNSAT,20,Minisat220_DoneNormally_UNSAT,23,59
238e8550-a90c-419f-95d6-53726378f33e,cnf,29,20.0,0.04926355200001353,True,9,1,UNSAT,20,Minisat220_DoneNormally_UNSAT,20,59
eab066d3-e04c-456c-8303-e0fd84ae0e58,cnf,30,20.0,0.04991203200000882,True,9,1,UNSAT,20,Minisat220_DoneNormally_UNSAT,20,60
c4f579bc-9fbe-4335-ad0d-70883d86172d,cnf,31,20.0,0.04825430199997527,True,9,1,UNSAT,20,Minisat220_DoneNormally_UNSAT,23,58
667c848b-8db0-4101-afd0-db55a0b3dacf,cnf,32,20.0,0.047862131999977464,True,9,1,UNSAT,20,Minisat220_DoneNormally_UNSAT,18,58
bf195ef4-cfa1-419b-992e-ff0dc84b7df9,cnf,33,20.0,0.049662592000004224,True,9,1,UNSAT,20,Minisat220_DoneNormally_UNSAT,20,60
ae33a9c1-5df4-45de-8a0c-781643f357b0,cnf,34,20.0,0.048721402000012404,True,9,1,UNSAT,20,Minisat220_DoneNormally_UNSAT,23,59
600ab4f0-34fb-4425-9a27-5f04ce228c14,cnf,35,20.0,0.04907167300001447,True,9,1,UNSAT,20,Minisat220_DoneNormally_UNSAT,24,59
dd8e8567-f7b9-4e15-983a-5b4fbbc8dfc3,cnf,36,20.0,0.04840013200004023,True,9,1,UNSAT,20,Minisat220_DoneNormally_UNSAT,21,59
955d345b-40d0-4346-bed7-f2f967af9de7,cnf,37,20.0,0.04899932199998602,True,9,1,UNSAT,20,Minisat220_DoneNormally_UNSAT,19,59
4fac09ed-44c1-4201-9bdd-88e9ed7cbf00,cnf,38,20.0,0.04874276199996075,True,9,1,UNSAT,20,Minisat220_DoneNormally_UNSAT,23,59
a947fc55-466f-44e4-8158-740dac3e85e5,cnf,39,20.0,0.0487830019999933,True,9,1,UNSAT,20,Minisat220_DoneNormally_UNSAT,22,59
5a3c9468-81c7-4eba-9d32-8ffab0bd0146,cnf,40,20.0,0.04794502300001113,True,9,1,UNSAT,20,Minisat220_DoneNormally_UNSAT,20,58
4ffe8ce5-f7f3-4f8b-bca2-a51f82a39f22,cnf,41,20.0,0.048484751999978926,True,9,1,UNSAT,20,Minisat220_DoneNormally_UNSAT,20,59
3ff591df-f8e5-4e84-b4d7-5b4417e1725a,cnf,42,20.0,0.048335712000039166,True,9,1,UNSAT,20,Minisat220_DoneNormally_UNSAT,24,58
72fa97a7-27cc-4b43-8e36-75e9702543ba,cnf,43,20.0,0.04831061299995554,True,9,1,UNSAT,20,Minisat220_DoneNormally_UNSAT,20,58
dd40bdbd-0dc7-42b5-aeae-106c0c795ef7,cnf,44,20.0,0.04953598200000897,True,9,1,UNSAT,20,Minisat220_DoneNormally_UNSAT,20,60
33f9c640-c5f8-4338-9b99-17d40e50992f,cnf,45,20.0,0.04898428199999216,True,9,1,UNSAT,20,Minisat220_DoneNormally_UNSAT,20,59
dbb8974e-7cf3-4bc8-aff2-cada94198529,cnf,46,20.0,0.049198411999952896,True,9,1,UNSAT,20,Minisat220_DoneNormally_UNSAT,20,59
ae1ee22b-b2df-48f0-9d2a-f325ef2ecce0,cnf,47,20.0,0.0487258020000354,True,9,1,UNSAT,20,Minisat220_DoneNormally_UNSAT,21,59
bca545aa-843f-4bd6-951a-6a72ac1f6cc1,cnf,48,20.0,0.048746063000010054,True,9,1,UNSAT,20,Minisat220_DoneNormally_UNSAT,23,59
89ec0a93-c0ae-4e73-ac82-96f7d9263753,cnf,49,20.0,0.04816848299998355,True,9,1,UNSAT,20,Minisat220_DoneNormally_UNSAT,21,58
e808e124-8e3d-4653-92a4-2381cfbe3ed7,cnf,50,20.0,0.04826208200000792,True,9,1,UNSAT,20,Minisat220_DoneNormally_UNSAT,22,58
0984382d-04c1-48b2-8d6a-97c81fcd00c3,cnf,51,20.0,0.05303971299997556,True,9,1,UNSAT,20,Minisat220_DoneNormally_UNSAT,19,63
7e91c140-5b9b-4347-80c8-33718ae29a71,cnf,52,20.0,0.04800675199999205,True,9,1,UNSAT,20,Minisat220_DoneNormally_UNSAT,21,58
630026e8-ff35-4ea3-a9ec-ee614580c321,cnf,53,20.0,0.04792203300002029,True,9,1,UNSAT,20,Minisat220_DoneNormally_UNSAT,21,58
632c2ff7-a371-4607-bc3c-81674a016917,cnf,54,20.0,0.048263942999994924,True,9,1,UNSAT,20,Minisat220_DoneNormally_UNSAT,21,58
9f437f71-a5bb-46a8-a477-f0029b36fbf0,cnf,55,20.0,0.04857668299996476,True,9,1,UNSAT,20,Minisat220_DoneNormally_UNSAT,24,59
2bb21ed8-5d8d-431e-b3cc-317d79c2f125,cnf,56,20.0,0.04809301199998117,True,9,1,UNSAT,20,Minisat220_DoneNormally_UNSAT,19,58
239fa04c-7bd8-4b57-bb83-8c4af8020d67,cnf,57,20.0,0.04836511299998847,True,9,1,UNSAT,20,Minisat220_DoneNormally_UNSAT,22,59
7d0ffacb-95cf-4ce4-8dc2-0930867cf744,cnf,58,20.0,0.047785472999976264,True,9,1,UNSAT,20,Minisat220_DoneNormally_UNSAT,19,58
1a3fa73b-61d0-4220-90b8-85ba944d735c,cnf,59,20.0,0.04832559199996922,True,9,1,UNSAT,20,Minisat220_DoneNormally_UNSAT,21,58
c1cff43f-e358-40e2-b5ba-b58754afd047,cnf,60,20.0,0.05015609199995197,True,9,1,UNSAT,20,Minisat220_DoneNormally_UNSAT,21,60
c6fc5121-68cd-4f79-ae57-a00e1827dfe8,cnf,61,20.0,0.050548162999973556,True,9,1,UNSAT,20,Minisat220_DoneNormally_UNSAT,25,61
ae33fefd-75f2-4b3e-ad4b-36dba2a85dae,cnf,62,20.0,0.0486491130000104,True,9,1,UNSAT,20,Minisat220_DoneNormally_UNSAT,20,59
3c637fdc-211b-4cb4-9627-295c842a7707,cnf,63,20.0,0.04948932199999945,True,9,1,UNSAT,20,Minisat220_DoneNormally_UNSAT,24,60
11f3bedd-ccfa-4f0b-903d-ca050f40310e,cnf,64,20.0,0.04844947199995886,True,9,1,UNSAT,20,Minisat220_DoneNormally_UNSAT,22,59
aa43d92d-c736-4a00-b2f4-5eaffe1207eb,cnf,65,20.0,0.04966293200004657,True,9,1,UNSAT,20,Minisat220_DoneNormally_UNSAT,18,60
9f899729-c950-44a7-a760-810939ab2b49,cnf,66,20.0,0.048741242000005514,True,9,1,UNSAT,20,Minisat220_DoneNormally_UNSAT,20,59
8daed09b-d1f6-4515-986d-3fdb051f9737,cnf,67,20.0,0.04973693300001969,True,9,1,UNSAT,20,Minisat220_DoneNormally_UNSAT,21,60
682a2565-b193-44df-8851-1981bcdff41d,cnf,68,20.0,0.05041404199999988,True,9,1,UNSAT,20,Minisat220_DoneNormally_UNSAT,23,61
3526c7b8-d568-478c-983c-8591901c4f8c,cnf,69,20.0,0.04975803199999973,True,9,1,UNSAT,20,Minisat220_DoneNormally_UNSAT,23,60
6cac7db8-cfd4-4c57-8f55-202f00e0eef2,cnf,70,20.0,0.04943441199998233,True,9,1,UNSAT,20,Minisat220_DoneNormally_UNSAT,22,60
a73a50b6-4f7e-4dcd-9d03-7f8cc0e13272,cnf,71,20.0,0.048790921999966486,True,9,1,UNSAT,20,Minisat220_DoneNormally_UNSAT,18,59
45f0f6c2-f0ca-4bc3-84d0-83a4d12d1a95,cnf,72,20.0,0.049168923000024733,True,9,1,UNSAT,20,Minisat220_DoneNormally_UNSAT,24,59
a1c5446d-8c81-4680-bec6-f77ff57445db,cnf,73,20.0,0.04885212199997113,True,9,1,UNSAT,20,Minisat220_DoneNormally_UNSAT,18,59
e34dd434-24d4-448c-ad95-097e6e379c3f,cnf,74,20.0,0.04855053199997883,True,9,1,UNSAT,20,Minisat220_DoneNormally_UNSAT,19,59
383e4cae-d334-4773-aad7-0f192cbf175d,cnf,75,20.0,0.04863452199998619,True,9,1,UNSAT,20,Minisat220_DoneNormally_UNSAT,23,59
a4274201-b885-40d7-807a-df396b1730be,cnf,76,20.0,0.048214852000000974,True,9,1,UNSAT,20,Minisat220_DoneNormally_UNSAT,17,58
a16362d3-94ba-4b93-943a-19be21129548,cnf,77,20.0,0.048115723000023536,True,9,1,UNSAT,20,Minisat220_DoneNormally_UNSAT,17,58
0c594016-d9bb-4754-a4c7-991b1368b4e0,cnf,78,20.0,0.05021162199994933,True,9,1,UNSAT,20,Minisat220_DoneNormally_UNSAT,22,60
5677cd75-b5c0-4069-934e-ccece8912d00,cnf,79,20.0,0.04969927299998744,True,9,1,UNSAT,20,Minisat220_DoneNormally_UNSAT,21,60
dc3d216c-ccb0-4977-823c-331e8295d8cb,cnf,80,20.0,0.048438992000001235,True,9,1,UNSAT,20,Minisat220_DoneNormally_UNSAT,23,59
048318dc-38bb-4bc9-9db3-d2c59d09f4e1,cnf,81,20.0,0.0489409529999989,True,9,1,UNSAT,20,Minisat220_DoneNormally_UNSAT,21,59
a88b55eb-492d-45b7-8cd5-470cd5a1d2fc,cnf,82,20.0,0.04854518199999802,True,9,1,UNSAT,20,Minisat220_DoneNormally_UNSAT,20,59
0dcda721-1f7e-49cc-91f3-81a749db23c8,cnf,83,20.0,0.04888048200001549,True,9,1,UNSAT,20,Minisat220_DoneNormally_UNSAT,21,59
d6c33ca0-368c-4e62-8b1d-8a97ee5bdc6b,cnf,85,20.0,0.0479399820000026,True,9,1,UNSAT,20,Minisat220_DoneNormally_UNSAT,21,58
c4fa8a7f-e5ff-420d-a35c-360ee03b21b2,cnf,86,20.0,0.0483359830000154,True,9,1,UNSAT,20,Minisat220_DoneNormally_UNSAT,20,59
ecc1cb32-6d95-436f-a3c3-6966f8ea9c50,cnf,87,20.0,0.05050899200000458,True,9,1,UNSAT,20,Minisat220_DoneNormally_UNSAT,16,61
66125efa-7867-4b08-94ae-2f2fd4dac06a,cnf,89,20.0,0.048892141999999694,True,9,1,UNSAT,20,Minisat220_DoneNormally_UNSAT,20,59
3660f59c-45c1-4055-9c76-222f535e4149,cnf,90,20.0,0.0483944619999761,True,9,1,UNSAT,20,Minisat220_DoneNormally_UNSAT,21,59
5aa42b71-1bea-4e66-b279-248665a4bec1,cnf,93,20.0,0.048427521999997225,True,9,1,UNSAT,20,Minisat220_DoneNormally_UNSAT,22,59
